COD UF;NOME UF;SIGLA UF;COD MUN;COD MUN 6;NOME MUN;REGIÃO
11;Rondônia; RO;1100015;110001;Alta Floresta D'oeste;Norte
11;Rondônia; RO;1100023;110002;Ariquemes;Norte
11;Rondônia; RO;1100031;110003;Cabixi;Norte
11;Rondônia; RO;1100049;110004;Cacoal;Norte
11;Rondônia; RO;1100056;110005;Cerejeiras;Norte
11;Rondônia; RO;1100064;110006;Colorado do Oeste;Norte
11;Rondônia; RO;1100072;110007;Corumbiara;Norte
11;Rondônia; RO;1100080;110008;Costa Marques;Norte
11;Rondônia; RO;1100098;110009;Espigão D'oeste;Norte
11;Rondônia; RO;1100106;110010;Guajará-Mirim;Norte
11;Rondônia; RO;1100114;110011;Jaru;Norte
11;Rondônia; RO;1100122;110012;Ji-Paraná;Norte
11;Rondônia; RO;1100130;110013;Machadinho D'oeste;Norte
11;Rondônia; RO;1100148;110014;Nova Brasilândia D'oeste;Norte
11;Rondônia; RO;1100155;110015;Ouro Preto do Oeste;Norte
11;Rondônia; RO;1100189;110018;Pimenta Bueno;Norte
11;Rondônia; RO;1100205;110020;Porto Velho;Norte
11;Rondônia; RO;1100254;110025;Presidente Médici;Norte
11;Rondônia; RO;1100262;110026;Rio Crespo;Norte
11;Rondônia; RO;1100288;110028;Rolim de Moura;Norte
11;Rondônia; RO;1100296;110029;Santa Luzia D'oeste;Norte
11;Rondônia; RO;1100304;110030;Vilhena;Norte
11;Rondônia; RO;1100320;110032;São Miguel do Guaporé;Norte
11;Rondônia; RO;1100338;110033;Nova Mamoré;Norte
11;Rondônia; RO;1100346;110034;Alvorada D'oeste;Norte
11;Rondônia; RO;1100379;110037;Alto Alegre dos Parecis;Norte
11;Rondônia; RO;1100403;110040;Alto Paraíso;Norte
11;Rondônia; RO;1100452;110045;Buritis;Norte
11;Rondônia; RO;1100502;110050;Novo Horizonte do Oeste;Norte
11;Rondônia; RO;1100601;110060;Cacaulândia;Norte
11;Rondônia; RO;1100700;110070;Campo Novo de Rondônia;Norte
11;Rondônia; RO;1100809;110080;Candeias do Jamari;Norte
11;Rondônia; RO;1100908;110090;Castanheiras;Norte
11;Rondônia; RO;1100924;110092;Chupinguaia;Norte
11;Rondônia; RO;1100940;110094;Cujubim;Norte
11;Rondônia; RO;1101005;110100;Governador Jorge Teixeira;Norte
11;Rondônia; RO;1101104;110110;Itapuã do Oeste;Norte
11;Rondônia; RO;1101203;110120;Ministro Andreazza;Norte
11;Rondônia; RO;1101302;110130;Mirante da Serra;Norte
11;Rondônia; RO;1101401;110140;Monte Negro;Norte
11;Rondônia; RO;1101435;110143;Nova União;Norte
11;Rondônia; RO;1101450;110145;Parecis;Norte
11;Rondônia; RO;1101468;110146;Pimenteiras do Oeste;Norte
11;Rondônia; RO;1101476;110147;Primavera de Rondônia;Norte
11;Rondônia; RO;1101484;110148;São Felipe D'oeste;Norte
11;Rondônia; RO;1101492;110149;São Francisco do Guaporé;Norte
11;Rondônia; RO;1101500;110150;Seringueiras;Norte
11;Rondônia; RO;1101559;110155;Teixeirópolis;Norte
11;Rondônia; RO;1101609;110160;Theobroma;Norte
11;Rondônia; RO;1101708;110170;Urupá;Norte
11;Rondônia; RO;1101757;110175;Vale do Anari;Norte
11;Rondônia; RO;1101807;110180;Vale do Paraíso;Norte
12;Acre; AC;1200013;120001;Acrelândia;Norte
12;Acre; AC;1200054;120005;Assis Brasil;Norte
12;Acre; AC;1200104;120010;Brasiléia;Norte
12;Acre; AC;1200138;120013;Bujari;Norte
12;Acre; AC;1200179;120017;Capixaba;Norte
12;Acre; AC;1200203;120020;Cruzeiro do Sul;Norte
12;Acre; AC;1200252;120025;Epitaciolândia;Norte
12;Acre; AC;1200302;120030;Feijó;Norte
12;Acre; AC;1200328;120032;Jordão;Norte
12;Acre; AC;1200336;120033;Mâncio Lima;Norte
12;Acre; AC;1200344;120034;Manoel Urbano;Norte
12;Acre; AC;1200351;120035;Marechal Thaumaturgo;Norte
12;Acre; AC;1200385;120038;Plácido de Castro;Norte
12;Acre; AC;1200393;120039;Porto Walter;Norte
12;Acre; AC;1200401;120040;Rio Branco;Norte
12;Acre; AC;1200427;120042;Rodrigues Alves;Norte
12;Acre; AC;1200435;120043;Santa Rosa do Purus;Norte
12;Acre; AC;1200450;120045;Senador Guiomard;Norte
12;Acre; AC;1200500;120050;Sena Madureira;Norte
12;Acre; AC;1200609;120060;Tarauacá;Norte
12;Acre; AC;1200708;120070;Xapuri;Norte
12;Acre; AC;1200807;120080;Porto Acre;Norte
13;Amazonas; AM;1300029;130002;Alvarães;Norte
13;Amazonas; AM;1300060;130006;Amaturá;Norte
13;Amazonas; AM;1300086;130008;Anamã;Norte
13;Amazonas; AM;1300102;130010;Anori;Norte
13;Amazonas; AM;1300144;130014;Apuí;Norte
13;Amazonas; AM;1300201;130020;Atalaia do Norte;Norte
13;Amazonas; AM;1300300;130030;Autazes;Norte
13;Amazonas; AM;1300409;130040;Barcelos;Norte
13;Amazonas; AM;1300508;130050;Barreirinha;Norte
13;Amazonas; AM;1300607;130060;Benjamin Constant;Norte
13;Amazonas; AM;1300631;130063;Beruri;Norte
13;Amazonas; AM;1300680;130068;Boa Vista do Ramos;Norte
13;Amazonas; AM;1300706;130070;Boca do Acre;Norte
13;Amazonas; AM;1300805;130080;Borba;Norte
13;Amazonas; AM;1300839;130083;Caapiranga;Norte
13;Amazonas; AM;1300904;130090;Canutama;Norte
13;Amazonas; AM;1301001;130100;Carauari;Norte
13;Amazonas; AM;1301100;130110;Careiro;Norte
13;Amazonas; AM;1301159;130115;Careiro da Várzea;Norte
13;Amazonas; AM;1301209;130120;Coari;Norte
13;Amazonas; AM;1301308;130130;Codajás;Norte
13;Amazonas; AM;1301407;130140;Eirunepé;Norte
13;Amazonas; AM;1301506;130150;Envira;Norte
13;Amazonas; AM;1301605;130160;Fonte Boa;Norte
13;Amazonas; AM;1301654;130165;Guajará;Norte
13;Amazonas; AM;1301704;130170;Humaitá;Norte
13;Amazonas; AM;1301803;130180;Ipixuna;Norte
13;Amazonas; AM;1301852;130185;Iranduba;Norte
13;Amazonas; AM;1301902;130190;Itacoatiara;Norte
13;Amazonas; AM;1301951;130195;Itamarati;Norte
13;Amazonas; AM;1302009;130200;Itapiranga;Norte
13;Amazonas; AM;1302108;130210;Japurá;Norte
13;Amazonas; AM;1302207;130220;Juruá;Norte
13;Amazonas; AM;1302306;130230;Jutaí;Norte
13;Amazonas; AM;1302405;130240;Lábrea;Norte
13;Amazonas; AM;1302504;130250;Manacapuru;Norte
13;Amazonas; AM;1302553;130255;Manaquiri;Norte
13;Amazonas; AM;1302603;130260;Manaus;Norte
13;Amazonas; AM;1302702;130270;Manicoré;Norte
13;Amazonas; AM;1302801;130280;Maraã;Norte
13;Amazonas; AM;1302900;130290;Maués;Norte
13;Amazonas; AM;1303007;130300;Nhamundá;Norte
13;Amazonas; AM;1303106;130310;Nova Olinda do Norte;Norte
13;Amazonas; AM;1303205;130320;Novo Airão;Norte
13;Amazonas; AM;1303304;130330;Novo Aripuanã;Norte
13;Amazonas; AM;1303403;130340;Parintins;Norte
13;Amazonas; AM;1303502;130350;Pauini;Norte
13;Amazonas; AM;1303536;130353;Presidente Figueiredo;Norte
13;Amazonas; AM;1303569;130356;Rio Preto da Eva;Norte
13;Amazonas; AM;1303601;130360;Santa Isabel do Rio Negro;Norte
13;Amazonas; AM;1303700;130370;Santo Antônio do Içá;Norte
13;Amazonas; AM;1303809;130380;São Gabriel da Cachoeira;Norte
13;Amazonas; AM;1303908;130390;São Paulo de Olivença;Norte
13;Amazonas; AM;1303957;130395;São Sebastião do Uatumã;Norte
13;Amazonas; AM;1304005;130400;Silves;Norte
13;Amazonas; AM;1304062;130406;Tabatinga;Norte
13;Amazonas; AM;1304104;130410;Tapauá;Norte
13;Amazonas; AM;1304203;130420;Tefé;Norte
13;Amazonas; AM;1304237;130423;Tonantins;Norte
13;Amazonas; AM;1304260;130426;Uarini;Norte
13;Amazonas; AM;1304302;130430;Urucará;Norte
13;Amazonas; AM;1304401;130440;Urucurituba;Norte
14;Roraima; RR;1400027;140002;Amajari;Norte
14;Roraima; RR;1400050;140005;Alto Alegre;Norte
14;Roraima; RR;1400100;140010;Boa Vista;Norte
14;Roraima; RR;1400159;140015;Bonfim;Norte
14;Roraima; RR;1400175;140017;Cantá;Norte
14;Roraima; RR;1400209;140020;Caracaraí;Norte
14;Roraima; RR;1400233;140023;Caroebe;Norte
14;Roraima; RR;1400282;140028;Iracema;Norte
14;Roraima; RR;1400308;140030;Mucajaí;Norte
14;Roraima; RR;1400407;140040;Normandia;Norte
14;Roraima; RR;1400456;140045;Pacaraima;Norte
14;Roraima; RR;1400472;140047;Rorainópolis;Norte
14;Roraima; RR;1400506;140050;São João da Baliza;Norte
14;Roraima; RR;1400605;140060;São Luiz;Norte
14;Roraima; RR;1400704;140070;Uiramutã;Norte
15;Pará; PA;1500107;150010;Abaetetuba;Norte
15;Pará; PA;1500131;150013;Abel Figueiredo;Norte
15;Pará; PA;1500206;150020;Acará;Norte
15;Pará; PA;1500305;150030;Afuá;Norte
15;Pará; PA;1500347;150034;Água Azul do Norte;Norte
15;Pará; PA;1500404;150040;Alenquer;Norte
15;Pará; PA;1500503;150050;Almeirim;Norte
15;Pará; PA;1500602;150060;Altamira;Norte
15;Pará; PA;1500701;150070;Anajás;Norte
15;Pará; PA;1500800;150080;Ananindeua;Norte
15;Pará; PA;1500859;150085;Anapu;Norte
15;Pará; PA;1500909;150090;Augusto Corrêa;Norte
15;Pará; PA;1500958;150095;Aurora do Pará;Norte
15;Pará; PA;1501006;150100;Aveiro;Norte
15;Pará; PA;1501105;150110;Bagre;Norte
15;Pará; PA;1501204;150120;Baião;Norte
15;Pará; PA;1501253;150125;Bannach;Norte
15;Pará; PA;1501303;150130;Barcarena;Norte
15;Pará; PA;1501402;150140;Belém;Norte
15;Pará; PA;1501451;150145;Belterra;Norte
15;Pará; PA;1501501;150150;Benevides;Norte
15;Pará; PA;1501576;150157;Bom Jesus do Tocantins;Norte
15;Pará; PA;1501600;150160;Bonito;Norte
15;Pará; PA;1501709;150170;Bragança;Norte
15;Pará; PA;1501725;150172;Brasil Novo;Norte
15;Pará; PA;1501758;150175;Brejo Grande do Araguaia;Norte
15;Pará; PA;1501782;150178;Breu Branco;Norte
15;Pará; PA;1501808;150180;Breves;Norte
15;Pará; PA;1501907;150190;Bujaru;Norte
15;Pará; PA;1501956;150195;Cachoeira do Piriá;Norte
15;Pará; PA;1502004;150200;Cachoeira do Arari;Norte
15;Pará; PA;1502103;150210;Cametá;Norte
15;Pará; PA;1502152;150215;Canaã dos Carajás;Norte
15;Pará; PA;1502202;150220;Capanema;Norte
15;Pará; PA;1502301;150230;Capitão Poço;Norte
15;Pará; PA;1502400;150240;Castanhal;Norte
15;Pará; PA;1502509;150250;Chaves;Norte
15;Pará; PA;1502608;150260;Colares;Norte
15;Pará; PA;1502707;150270;Conceição do Araguaia;Norte
15;Pará; PA;1502756;150275;Concórdia do Pará;Norte
15;Pará; PA;1502764;150276;Cumaru do Norte;Norte
15;Pará; PA;1502772;150277;Curionópolis;Norte
15;Pará; PA;1502806;150280;Curralinho;Norte
15;Pará; PA;1502855;150285;Curuá;Norte
15;Pará; PA;1502905;150290;Curuçá;Norte
15;Pará; PA;1502939;150293;dom Eliseu;Norte
15;Pará; PA;1502954;150295;Eldorado do Carajás;Norte
15;Pará; PA;1503002;150300;Faro;Norte
15;Pará; PA;1503044;150304;Floresta do Araguaia;Norte
15;Pará; PA;1503077;150307;Garrafão do Norte;Norte
15;Pará; PA;1503093;150309;Goianésia do Pará;Norte
15;Pará; PA;1503101;150310;Gurupá;Norte
15;Pará; PA;1503200;150320;Igarapé-Açu;Norte
15;Pará; PA;1503309;150330;Igarapé-Miri;Norte
15;Pará; PA;1503408;150340;Inhangapi;Norte
15;Pará; PA;1503457;150345;Ipixuna do Pará;Norte
15;Pará; PA;1503507;150350;Irituia;Norte
15;Pará; PA;1503606;150360;Itaituba;Norte
15;Pará; PA;1503705;150370;Itupiranga;Norte
15;Pará; PA;1503754;150375;Jacareacanga;Norte
15;Pará; PA;1503804;150380;Jacundá;Norte
15;Pará; PA;1503903;150390;Juruti;Norte
15;Pará; PA;1504000;150400;Limoeiro do Ajuru;Norte
15;Pará; PA;1504059;150405;Mãe do Rio;Norte
15;Pará; PA;1504109;150410;Magalhães Barata;Norte
15;Pará; PA;1504208;150420;Marabá;Norte
15;Pará; PA;1504307;150430;Maracanã;Norte
15;Pará; PA;1504406;150440;Marapanim;Norte
15;Pará; PA;1504422;150442;Marituba;Norte
15;Pará; PA;1504455;150445;Medicilândia;Norte
15;Pará; PA;1504505;150450;Melgaço;Norte
15;Pará; PA;1504604;150460;Mocajuba;Norte
15;Pará; PA;1504703;150470;Moju;Norte
15;Pará; PA;1504752;150475;Mojuí dos Campos;Norte
15;Pará; PA;1504802;150480;Monte Alegre;Norte
15;Pará; PA;1504901;150490;Muaná;Norte
15;Pará; PA;1504950;150495;Nova Esperança do Piriá;Norte
15;Pará; PA;1504976;150497;Nova Ipixuna;Norte
15;Pará; PA;1505007;150500;Nova Timboteua;Norte
15;Pará; PA;1505031;150503;Novo Progresso;Norte
15;Pará; PA;1505064;150506;Novo Repartimento;Norte
15;Pará; PA;1505106;150510;Óbidos;Norte
15;Pará; PA;1505205;150520;Oeiras do Pará;Norte
15;Pará; PA;1505304;150530;Oriximiná;Norte
15;Pará; PA;1505403;150540;Ourém;Norte
15;Pará; PA;1505437;150543;Ourilândia do Norte;Norte
15;Pará; PA;1505486;150548;Pacajá;Norte
15;Pará; PA;1505494;150549;Palestina do Pará;Norte
15;Pará; PA;1505502;150550;Paragominas;Norte
15;Pará; PA;1505536;150553;Parauapebas;Norte
15;Pará; PA;1505551;150555;Pau D'arco;Norte
15;Pará; PA;1505601;150560;Peixe-Boi;Norte
15;Pará; PA;1505635;150563;Piçarra;Norte
15;Pará; PA;1505650;150565;Placas;Norte
15;Pará; PA;1505700;150570;Ponta de Pedras;Norte
15;Pará; PA;1505809;150580;Portel;Norte
15;Pará; PA;1505908;150590;Porto de Moz;Norte
15;Pará; PA;1506005;150600;Prainha;Norte
15;Pará; PA;1506104;150610;Primavera;Norte
15;Pará; PA;1506112;150611;Quatipuru;Norte
15;Pará; PA;1506138;150613;Redenção;Norte
15;Pará; PA;1506161;150616;Rio Maria;Norte
15;Pará; PA;1506187;150618;Rondon do Pará;Norte
15;Pará; PA;1506195;150619;Rurópolis;Norte
15;Pará; PA;1506203;150620;Salinópolis;Norte
15;Pará; PA;1506302;150630;Salvaterra;Norte
15;Pará; PA;1506351;150635;Santa Bárbara do Pará;Norte
15;Pará; PA;1506401;150640;Santa Cruz do Arari;Norte
15;Pará; PA;1506500;150650;Santa Izabel do Pará;Norte
15;Pará; PA;1506559;150655;Santa Luzia do Pará;Norte
15;Pará; PA;1506583;150658;Santa Maria das Barreiras;Norte
15;Pará; PA;1506609;150660;Santa Maria do Pará;Norte
15;Pará; PA;1506708;150670;Santana do Araguaia;Norte
15;Pará; PA;1506807;150680;Santarém;Norte
15;Pará; PA;1506906;150690;Santarém Novo;Norte
15;Pará; PA;1507003;150700;Santo Antônio do Tauá;Norte
15;Pará; PA;1507102;150710;São Caetano de Odivelas;Norte
15;Pará; PA;1507151;150715;São domingos do Araguaia;Norte
15;Pará; PA;1507201;150720;São domingos do Capim;Norte
15;Pará; PA;1507300;150730;São Félix do Xingu;Norte
15;Pará; PA;1507409;150740;São Francisco do Pará;Norte
15;Pará; PA;1507458;150745;São Geraldo do Araguaia;Norte
15;Pará; PA;1507466;150746;São João da Ponta;Norte
15;Pará; PA;1507474;150747;São João de Pirabas;Norte
15;Pará; PA;1507508;150750;São João do Araguaia;Norte
15;Pará; PA;1507607;150760;São Miguel do Guamá;Norte
15;Pará; PA;1507706;150770;São Sebastião da Boa Vista;Norte
15;Pará; PA;1507755;150775;Sapucaia;Norte
15;Pará; PA;1507805;150780;Senador José Porfírio;Norte
15;Pará; PA;1507904;150790;Soure;Norte
15;Pará; PA;1507953;150795;Tailândia;Norte
15;Pará; PA;1507961;150796;Terra Alta;Norte
15;Pará; PA;1507979;150797;Terra Santa;Norte
15;Pará; PA;1508001;150800;Tomé-Açu;Norte
15;Pará; PA;1508035;150803;Tracuateua;Norte
15;Pará; PA;1508050;150805;Trairão;Norte
15;Pará; PA;1508084;150808;Tucumã;Norte
15;Pará; PA;1508100;150810;Tucuruí;Norte
15;Pará; PA;1508126;150812;Ulianópolis;Norte
15;Pará; PA;1508159;150815;Uruará;Norte
15;Pará; PA;1508209;150820;Vigia;Norte
15;Pará; PA;1508308;150830;Viseu;Norte
15;Pará; PA;1508357;150835;Vitória do Xingu;Norte
15;Pará; PA;1508407;150840;Xinguara;Norte
16;Amapá; AP;1600055;160005;Serra do Navio;Norte
16;Amapá; AP;1600105;160010;Amapá;Norte
16;Amapá; AP;1600154;160015;Pedra Branca do Amapari;Norte
16;Amapá; AP;1600204;160020;Calçoene;Norte
16;Amapá; AP;1600212;160021;Cutias;Norte
16;Amapá; AP;1600238;160023;Ferreira Gomes;Norte
16;Amapá; AP;1600253;160025;Itaubal;Norte
16;Amapá; AP;1600279;160027;Laranjal do Jari;Norte
16;Amapá; AP;1600303;160030;Macapá;Norte
16;Amapá; AP;1600402;160040;Mazagão;Norte
16;Amapá; AP;1600501;160050;Oiapoque;Norte
16;Amapá; AP;1600535;160053;Porto Grande;Norte
16;Amapá; AP;1600550;160055;Pracuúba;Norte
16;Amapá; AP;1600600;160060;Santana;Norte
16;Amapá; AP;1600709;160070;Tartarugalzinho;Norte
16;Amapá; AP;1600808;160080;Vitória do Jari;Norte
17;Tocantins; TO;1700251;170025;Abreulândia;Norte
17;Tocantins; TO;1700301;170030;Aguiarnópolis;Norte
17;Tocantins; TO;1700350;170035;Aliança do Tocantins;Norte
17;Tocantins; TO;1700400;170040;Almas;Norte
17;Tocantins; TO;1700707;170070;Alvorada;Norte
17;Tocantins; TO;1701002;170100;Ananás;Norte
17;Tocantins; TO;1701051;170105;Angico;Norte
17;Tocantins; TO;1701101;170110;Aparecida do Rio Negro;Norte
17;Tocantins; TO;1701309;170130;Aragominas;Norte
17;Tocantins; TO;1701903;170190;Araguacema;Norte
17;Tocantins; TO;1702000;170200;Araguaçu;Norte
17;Tocantins; TO;1702109;170210;Araguaína;Norte
17;Tocantins; TO;1702158;170215;Araguanã;Norte
17;Tocantins; TO;1702208;170220;Araguatins;Norte
17;Tocantins; TO;1702307;170230;Arapoema;Norte
17;Tocantins; TO;1702406;170240;Arraias;Norte
17;Tocantins; TO;1702554;170255;Augustinópolis;Norte
17;Tocantins; TO;1702703;170270;Aurora do Tocantins;Norte
17;Tocantins; TO;1702901;170290;Axixá do Tocantins;Norte
17;Tocantins; TO;1703008;170300;Babaçulândia;Norte
17;Tocantins; TO;1703057;170305;Bandeirantes do Tocantins;Norte
17;Tocantins; TO;1703073;170307;Barra do Ouro;Norte
17;Tocantins; TO;1703107;170310;Barrolândia;Norte
17;Tocantins; TO;1703206;170320;Bernardo Sayão;Norte
17;Tocantins; TO;1703305;170330;Bom Jesus do Tocantins;Norte
17;Tocantins; TO;1703602;170360;Brasilândia do Tocantins;Norte
17;Tocantins; TO;1703701;170370;Brejinho de Nazaré;Norte
17;Tocantins; TO;1703800;170380;Buriti do Tocantins;Norte
17;Tocantins; TO;1703826;170382;Cachoeirinha;Norte
17;Tocantins; TO;1703842;170384;Campos Lindos;Norte
17;Tocantins; TO;1703867;170386;Cariri do Tocantins;Norte
17;Tocantins; TO;1703883;170388;Carmolândia;Norte
17;Tocantins; TO;1703891;170389;Carrasco Bonito;Norte
17;Tocantins; TO;1703909;170390;Caseara;Norte
17;Tocantins; TO;1704105;170410;Centenário;Norte
17;Tocantins; TO;1704600;170460;Chapada de Areia;Norte
17;Tocantins; TO;1705102;170510;Chapada da Natividade;Norte
17;Tocantins; TO;1705508;170550;Colinas do Tocantins;Norte
17;Tocantins; TO;1705557;170555;Combinado;Norte
17;Tocantins; TO;1705607;170560;Conceição do Tocantins;Norte
17;Tocantins; TO;1706001;170600;Couto Magalhães;Norte
17;Tocantins; TO;1706100;170610;Cristalândia;Norte
17;Tocantins; TO;1706258;170625;Crixás do Tocantins;Norte
17;Tocantins; TO;1706506;170650;darcinópolis;Norte
17;Tocantins; TO;1707009;170700;Dianópolis;Norte
17;Tocantins; TO;1707108;170710;Divinópolis do Tocantins;Norte
17;Tocantins; TO;1707207;170720;dois Irmãos do Tocantins;Norte
17;Tocantins; TO;1707306;170730;Dueré;Norte
17;Tocantins; TO;1707405;170740;Esperantina;Norte
17;Tocantins; TO;1707553;170755;Fátima;Norte
17;Tocantins; TO;1707652;170765;Figueirópolis;Norte
17;Tocantins; TO;1707702;170770;Filadélfia;Norte
17;Tocantins; TO;1708205;170820;Formoso do Araguaia;Norte
17;Tocantins; TO;1708254;170825;Fortaleza do Tabocão;Norte
17;Tocantins; TO;1708304;170830;Goianorte;Norte
17;Tocantins; TO;1709005;170900;Goiatins;Norte
17;Tocantins; TO;1709302;170930;Guaraí;Norte
17;Tocantins; TO;1709500;170950;Gurupi;Norte
17;Tocantins; TO;1709807;170980;Ipueiras;Norte
17;Tocantins; TO;1710508;171050;Itacajá;Norte
17;Tocantins; TO;1710706;171070;Itaguatins;Norte
17;Tocantins; TO;1710904;171090;Itapiratins;Norte
17;Tocantins; TO;1711100;171110;Itaporã do Tocantins;Norte
17;Tocantins; TO;1711506;171150;Jaú do Tocantins;Norte
17;Tocantins; TO;1711803;171180;Juarina;Norte
17;Tocantins; TO;1711902;171190;Lagoa da Confusão;Norte
17;Tocantins; TO;1711951;171195;Lagoa do Tocantins;Norte
17;Tocantins; TO;1712009;171200;Lajeado;Norte
17;Tocantins; TO;1712157;171215;Lavandeira;Norte
17;Tocantins; TO;1712405;171240;Lizarda;Norte
17;Tocantins; TO;1712454;171245;Luzinópolis;Norte
17;Tocantins; TO;1712504;171250;Marianópolis do Tocantins;Norte
17;Tocantins; TO;1712702;171270;Mateiros;Norte
17;Tocantins; TO;1712801;171280;Maurilândia do Tocantins;Norte
17;Tocantins; TO;1713205;171320;Miracema do Tocantins;Norte
17;Tocantins; TO;1713304;171330;Miranorte;Norte
17;Tocantins; TO;1713601;171360;Monte do Carmo;Norte
17;Tocantins; TO;1713700;171370;Monte Santo do Tocantins;Norte
17;Tocantins; TO;1713809;171380;Palmeiras do Tocantins;Norte
17;Tocantins; TO;1713957;171395;Muricilândia;Norte
17;Tocantins; TO;1714203;171420;Natividade;Norte
17;Tocantins; TO;1714302;171430;Nazaré;Norte
17;Tocantins; TO;1714880;171488;Nova Olinda;Norte
17;Tocantins; TO;1715002;171500;Nova Rosalândia;Norte
17;Tocantins; TO;1715101;171510;Novo Acordo;Norte
17;Tocantins; TO;1715150;171515;Novo Alegre;Norte
17;Tocantins; TO;1715259;171525;Novo Jardim;Norte
17;Tocantins; TO;1715507;171550;Oliveira de Fátima;Norte
17;Tocantins; TO;1715705;171570;Palmeirante;Norte
17;Tocantins; TO;1715754;171575;Palmeirópolis;Norte
17;Tocantins; TO;1716109;171610;Paraíso do Tocantins;Norte
17;Tocantins; TO;1716208;171620;Paranã;Norte
17;Tocantins; TO;1716307;171630;Pau D'arco;Norte
17;Tocantins; TO;1716505;171650;Pedro Afonso;Norte
17;Tocantins; TO;1716604;171660;Peixe;Norte
17;Tocantins; TO;1716653;171665;Pequizeiro;Norte
17;Tocantins; TO;1716703;171670;Colméia;Norte
17;Tocantins; TO;1717008;171700;Pindorama do Tocantins;Norte
17;Tocantins; TO;1717206;171720;Piraquê;Norte
17;Tocantins; TO;1717503;171750;Pium;Norte
17;Tocantins; TO;1717800;171780;Ponte Alta do Bom Jesus;Norte
17;Tocantins; TO;1717909;171790;Ponte Alta do Tocantins;Norte
17;Tocantins; TO;1718006;171800;Porto Alegre do Tocantins;Norte
17;Tocantins; TO;1718204;171820;Porto Nacional;Norte
17;Tocantins; TO;1718303;171830;Praia Norte;Norte
17;Tocantins; TO;1718402;171840;Presidente Kennedy;Norte
17;Tocantins; TO;1718451;171845;Pugmil;Norte
17;Tocantins; TO;1718501;171850;Recursolândia;Norte
17;Tocantins; TO;1718550;171855;Riachinho;Norte
17;Tocantins; TO;1718659;171865;Rio da Conceição;Norte
17;Tocantins; TO;1718709;171870;Rio dos Bois;Norte
17;Tocantins; TO;1718758;171875;Rio Sono;Norte
17;Tocantins; TO;1718808;171880;Sampaio;Norte
17;Tocantins; TO;1718840;171884;Sandolândia;Norte
17;Tocantins; TO;1718865;171886;Santa Fé do Araguaia;Norte
17;Tocantins; TO;1718881;171888;Santa Maria do Tocantins;Norte
17;Tocantins; TO;1718899;171889;Santa Rita do Tocantins;Norte
17;Tocantins; TO;1718907;171890;Santa Rosa do Tocantins;Norte
17;Tocantins; TO;1719004;171900;Santa Tereza do Tocantins;Norte
17;Tocantins; TO;1720002;172000;Santa Terezinha do Tocantins;Norte
17;Tocantins; TO;1720101;172010;São Bento do Tocantins;Norte
17;Tocantins; TO;1720150;172015;São Félix do Tocantins;Norte
17;Tocantins; TO;1720200;172020;São Miguel do Tocantins;Norte
17;Tocantins; TO;1720259;172025;São Salvador do Tocantins;Norte
17;Tocantins; TO;1720309;172030;São Sebastião do Tocantins;Norte
17;Tocantins; TO;1720499;172049;São Valério;Norte
17;Tocantins; TO;1720655;172065;Silvanópolis;Norte
17;Tocantins; TO;1720804;172080;Sítio Novo do Tocantins;Norte
17;Tocantins; TO;1720853;172085;Sucupira;Norte
17;Tocantins; TO;1720903;172090;Taguatinga;Norte
17;Tocantins; TO;1720937;172093;Taipas do Tocantins;Norte
17;Tocantins; TO;1720978;172097;Talismã;Norte
17;Tocantins; TO;1721000;172100;Palmas;Norte
17;Tocantins; TO;1721109;172110;Tocantínia;Norte
17;Tocantins; TO;1721208;172120;Tocantinópolis;Norte
17;Tocantins; TO;1721257;172125;Tupirama;Norte
17;Tocantins; TO;1721307;172130;Tupiratins;Norte
17;Tocantins; TO;1722081;172208;Wanderlândia;Norte
17;Tocantins; TO;1722107;172210;Xambioá;Norte
21;Maranhão; MA;2100055;210005;Açailândia;Nordeste
21;Maranhão; MA;2100105;210010;Afonso Cunha;Nordeste
21;Maranhão; MA;2100154;210015;Água doce do Maranhão;Nordeste
21;Maranhão; MA;2100204;210020;Alcântara;Nordeste
21;Maranhão; MA;2100303;210030;Aldeias Altas;Nordeste
21;Maranhão; MA;2100402;210040;Altamira do Maranhão;Nordeste
21;Maranhão; MA;2100436;210043;Alto Alegre do Maranhão;Nordeste
21;Maranhão; MA;2100477;210047;Alto Alegre do Pindaré;Nordeste
21;Maranhão; MA;2100501;210050;Alto Parnaíba;Nordeste
21;Maranhão; MA;2100550;210055;Amapá do Maranhão;Nordeste
21;Maranhão; MA;2100600;210060;Amarante do Maranhão;Nordeste
21;Maranhão; MA;2100709;210070;Anajatuba;Nordeste
21;Maranhão; MA;2100808;210080;Anapurus;Nordeste
21;Maranhão; MA;2100832;210083;Apicum-Açu;Nordeste
21;Maranhão; MA;2100873;210087;Araguanã;Nordeste
21;Maranhão; MA;2100907;210090;Araioses;Nordeste
21;Maranhão; MA;2100956;210095;Arame;Nordeste
21;Maranhão; MA;2101004;210100;Arari;Nordeste
21;Maranhão; MA;2101103;210110;Axixá;Nordeste
21;Maranhão; MA;2101202;210120;Bacabal;Nordeste
21;Maranhão; MA;2101251;210125;Bacabeira;Nordeste
21;Maranhão; MA;2101301;210130;Bacuri;Nordeste
21;Maranhão; MA;2101350;210135;Bacurituba;Nordeste
21;Maranhão; MA;2101400;210140;Balsas;Nordeste
21;Maranhão; MA;2101509;210150;Barão de Grajaú;Nordeste
21;Maranhão; MA;2101608;210160;Barra do Corda;Nordeste
21;Maranhão; MA;2101707;210170;Barreirinhas;Nordeste
21;Maranhão; MA;2101731;210173;Belágua;Nordeste
21;Maranhão; MA;2101772;210177;Bela Vista do Maranhão;Nordeste
21;Maranhão; MA;2101806;210180;Benedito Leite;Nordeste
21;Maranhão; MA;2101905;210190;Bequimão;Nordeste
21;Maranhão; MA;2101939;210193;Bernardo do Mearim;Nordeste
21;Maranhão; MA;2101970;210197;Boa Vista do Gurupi;Nordeste
21;Maranhão; MA;2102002;210200;Bom Jardim;Nordeste
21;Maranhão; MA;2102036;210203;Bom Jesus das Selvas;Nordeste
21;Maranhão; MA;2102077;210207;Bom Lugar;Nordeste
21;Maranhão; MA;2102101;210210;Brejo;Nordeste
21;Maranhão; MA;2102150;210215;Brejo de Areia;Nordeste
21;Maranhão; MA;2102200;210220;Buriti;Nordeste
21;Maranhão; MA;2102309;210230;Buriti Bravo;Nordeste
21;Maranhão; MA;2102325;210232;Buriticupu;Nordeste
21;Maranhão; MA;2102358;210235;Buritirana;Nordeste
21;Maranhão; MA;2102374;210237;Cachoeira Grande;Nordeste
21;Maranhão; MA;2102408;210240;Cajapió;Nordeste
21;Maranhão; MA;2102507;210250;Cajari;Nordeste
21;Maranhão; MA;2102556;210255;Campestre do Maranhão;Nordeste
21;Maranhão; MA;2102606;210260;Cândido Mendes;Nordeste
21;Maranhão; MA;2102705;210270;Cantanhede;Nordeste
21;Maranhão; MA;2102754;210275;Capinzal do Norte;Nordeste
21;Maranhão; MA;2102804;210280;Carolina;Nordeste
21;Maranhão; MA;2102903;210290;Carutapera;Nordeste
21;Maranhão; MA;2103000;210300;Caxias;Nordeste
21;Maranhão; MA;2103109;210310;Cedral;Nordeste
21;Maranhão; MA;2103125;210312;Central do Maranhão;Nordeste
21;Maranhão; MA;2103158;210315;Centro do Guilherme;Nordeste
21;Maranhão; MA;2103174;210317;Centro Novo do Maranhão;Nordeste
21;Maranhão; MA;2103208;210320;Chapadinha;Nordeste
21;Maranhão; MA;2103257;210325;Cidelândia;Nordeste
21;Maranhão; MA;2103307;210330;Codó;Nordeste
21;Maranhão; MA;2103406;210340;Coelho Neto;Nordeste
21;Maranhão; MA;2103505;210350;Colinas;Nordeste
21;Maranhão; MA;2103554;210355;Conceição do Lago-Açu;Nordeste
21;Maranhão; MA;2103604;210360;Coroatá;Nordeste
21;Maranhão; MA;2103703;210370;Cururupu;Nordeste
21;Maranhão; MA;2103752;210375;davinópolis;Nordeste
21;Maranhão; MA;2103802;210380;dom Pedro;Nordeste
21;Maranhão; MA;2103901;210390;Duque Bacelar;Nordeste
21;Maranhão; MA;2104008;210400;Esperantinópolis;Nordeste
21;Maranhão; MA;2104057;210405;Estreito;Nordeste
21;Maranhão; MA;2104073;210407;Feira Nova do Maranhão;Nordeste
21;Maranhão; MA;2104081;210408;Fernando Falcão;Nordeste
21;Maranhão; MA;2104099;210409;Formosa da Serra Negra;Nordeste
21;Maranhão; MA;2104107;210410;Fortaleza dos Nogueiras;Nordeste
21;Maranhão; MA;2104206;210420;Fortuna;Nordeste
21;Maranhão; MA;2104305;210430;Godofredo Viana;Nordeste
21;Maranhão; MA;2104404;210440;Gonçalves Dias;Nordeste
21;Maranhão; MA;2104503;210450;Governador Archer;Nordeste
21;Maranhão; MA;2104552;210455;Governador Edison Lobão;Nordeste
21;Maranhão; MA;2104602;210460;Governador Eugênio Barros;Nordeste
21;Maranhão; MA;2104628;210462;Governador Luiz Rocha;Nordeste
21;Maranhão; MA;2104651;210465;Governador Newton Bello;Nordeste
21;Maranhão; MA;2104677;210467;Governador Nunes Freire;Nordeste
21;Maranhão; MA;2104701;210470;Graça Aranha;Nordeste
21;Maranhão; MA;2104800;210480;Grajaú;Nordeste
21;Maranhão; MA;2104909;210490;Guimarães;Nordeste
21;Maranhão; MA;2105005;210500;Humberto de Campos;Nordeste
21;Maranhão; MA;2105104;210510;Icatu;Nordeste
21;Maranhão; MA;2105153;210515;Igarapé do Meio;Nordeste
21;Maranhão; MA;2105203;210520;Igarapé Grande;Nordeste
21;Maranhão; MA;2105302;210530;Imperatriz;Nordeste
21;Maranhão; MA;2105351;210535;Itaipava do Grajaú;Nordeste
21;Maranhão; MA;2105401;210540;Itapecuru Mirim;Nordeste
21;Maranhão; MA;2105427;210542;Itinga do Maranhão;Nordeste
21;Maranhão; MA;2105450;210545;Jatobá;Nordeste
21;Maranhão; MA;2105476;210547;Jenipapo dos Vieiras;Nordeste
21;Maranhão; MA;2105500;210550;João Lisboa;Nordeste
21;Maranhão; MA;2105609;210560;Joselândia;Nordeste
21;Maranhão; MA;2105658;210565;Junco do Maranhão;Nordeste
21;Maranhão; MA;2105708;210570;Lago da Pedra;Nordeste
21;Maranhão; MA;2105807;210580;Lago do Junco;Nordeste
21;Maranhão; MA;2105906;210590;Lago Verde;Nordeste
21;Maranhão; MA;2105922;210592;Lagoa do Mato;Nordeste
21;Maranhão; MA;2105948;210594;Lago dos Rodrigues;Nordeste
21;Maranhão; MA;2105963;210596;Lagoa Grande do Maranhão;Nordeste
21;Maranhão; MA;2105989;210598;Lajeado Novo;Nordeste
21;Maranhão; MA;2106003;210600;Lima Campos;Nordeste
21;Maranhão; MA;2106102;210610;Loreto;Nordeste
21;Maranhão; MA;2106201;210620;Luís domingues;Nordeste
21;Maranhão; MA;2106300;210630;Magalhães de Almeida;Nordeste
21;Maranhão; MA;2106326;210632;Maracaçumé;Nordeste
21;Maranhão; MA;2106359;210635;Marajá do Sena;Nordeste
21;Maranhão; MA;2106375;210637;Maranhãozinho;Nordeste
21;Maranhão; MA;2106409;210640;Mata Roma;Nordeste
21;Maranhão; MA;2106508;210650;Matinha;Nordeste
21;Maranhão; MA;2106607;210660;Matões;Nordeste
21;Maranhão; MA;2106631;210663;Matões do Norte;Nordeste
21;Maranhão; MA;2106672;210667;Milagres do Maranhão;Nordeste
21;Maranhão; MA;2106706;210670;Mirador;Nordeste
21;Maranhão; MA;2106755;210675;Miranda do Norte;Nordeste
21;Maranhão; MA;2106805;210680;Mirinzal;Nordeste
21;Maranhão; MA;2106904;210690;Monção;Nordeste
21;Maranhão; MA;2107001;210700;Montes Altos;Nordeste
21;Maranhão; MA;2107100;210710;Morros;Nordeste
21;Maranhão; MA;2107209;210720;Nina Rodrigues;Nordeste
21;Maranhão; MA;2107258;210725;Nova Colinas;Nordeste
21;Maranhão; MA;2107308;210730;Nova Iorque;Nordeste
21;Maranhão; MA;2107357;210735;Nova Olinda do Maranhão;Nordeste
21;Maranhão; MA;2107407;210740;Olho D'água das Cunhãs;Nordeste
21;Maranhão; MA;2107456;210745;Olinda Nova do Maranhão;Nordeste
21;Maranhão; MA;2107506;210750;Paço do Lumiar;Nordeste
21;Maranhão; MA;2107605;210760;Palmeirândia;Nordeste
21;Maranhão; MA;2107704;210770;Paraibano;Nordeste
21;Maranhão; MA;2107803;210780;Parnarama;Nordeste
21;Maranhão; MA;2107902;210790;Passagem Franca;Nordeste
21;Maranhão; MA;2108009;210800;Pastos Bons;Nordeste
21;Maranhão; MA;2108058;210805;Paulino Neves;Nordeste
21;Maranhão; MA;2108108;210810;Paulo Ramos;Nordeste
21;Maranhão; MA;2108207;210820;Pedreiras;Nordeste
21;Maranhão; MA;2108256;210825;Pedro do Rosário;Nordeste
21;Maranhão; MA;2108306;210830;Penalva;Nordeste
21;Maranhão; MA;2108405;210840;Peri Mirim;Nordeste
21;Maranhão; MA;2108454;210845;Peritoró;Nordeste
21;Maranhão; MA;2108504;210850;Pindaré-Mirim;Nordeste
21;Maranhão; MA;2108603;210860;Pinheiro;Nordeste
21;Maranhão; MA;2108702;210870;Pio Xii;Nordeste
21;Maranhão; MA;2108801;210880;Pirapemas;Nordeste
21;Maranhão; MA;2108900;210890;Poção de Pedras;Nordeste
21;Maranhão; MA;2109007;210900;Porto Franco;Nordeste
21;Maranhão; MA;2109056;210905;Porto Rico do Maranhão;Nordeste
21;Maranhão; MA;2109106;210910;Presidente Dutra;Nordeste
21;Maranhão; MA;2109205;210920;Presidente Juscelino;Nordeste
21;Maranhão; MA;2109239;210923;Presidente Médici;Nordeste
21;Maranhão; MA;2109270;210927;Presidente Sarney;Nordeste
21;Maranhão; MA;2109304;210930;Presidente Vargas;Nordeste
21;Maranhão; MA;2109403;210940;Primeira Cruz;Nordeste
21;Maranhão; MA;2109452;210945;Raposa;Nordeste
21;Maranhão; MA;2109502;210950;Riachão;Nordeste
21;Maranhão; MA;2109551;210955;Ribamar Fiquene;Nordeste
21;Maranhão; MA;2109601;210960;Rosário;Nordeste
21;Maranhão; MA;2109700;210970;Sambaíba;Nordeste
21;Maranhão; MA;2109759;210975;Santa Filomena do Maranhão;Nordeste
21;Maranhão; MA;2109809;210980;Santa Helena;Nordeste
21;Maranhão; MA;2109908;210990;Santa Inês;Nordeste
21;Maranhão; MA;2110005;211000;Santa Luzia;Nordeste
21;Maranhão; MA;2110039;211003;Santa Luzia do Paruá;Nordeste
21;Maranhão; MA;2110104;211010;Santa Quitéria do Maranhão;Nordeste
21;Maranhão; MA;2110203;211020;Santa Rita;Nordeste
21;Maranhão; MA;2110237;211023;Santana do Maranhão;Nordeste
21;Maranhão; MA;2110278;211027;Santo Amaro do Maranhão;Nordeste
21;Maranhão; MA;2110302;211030;Santo Antônio dos Lopes;Nordeste
21;Maranhão; MA;2110401;211040;São Benedito do Rio Preto;Nordeste
21;Maranhão; MA;2110500;211050;São Bento;Nordeste
21;Maranhão; MA;2110609;211060;São Bernardo;Nordeste
21;Maranhão; MA;2110658;211065;São domingos do Azeitão;Nordeste
21;Maranhão; MA;2110708;211070;São domingos do Maranhão;Nordeste
21;Maranhão; MA;2110807;211080;São Félix de Balsas;Nordeste
21;Maranhão; MA;2110856;211085;São Francisco do Brejão;Nordeste
21;Maranhão; MA;2110906;211090;São Francisco do Maranhão;Nordeste
21;Maranhão; MA;2111003;211100;São João Batista;Nordeste
21;Maranhão; MA;2111029;211102;São João do Carú;Nordeste
21;Maranhão; MA;2111052;211105;São João do Paraíso;Nordeste
21;Maranhão; MA;2111078;211107;São João do Soter;Nordeste
21;Maranhão; MA;2111102;211110;São João dos Patos;Nordeste
21;Maranhão; MA;2111201;211120;São José de Ribamar;Nordeste
21;Maranhão; MA;2111250;211125;São José dos Basílios;Nordeste
21;Maranhão; MA;2111300;211130;São Luís;Nordeste
21;Maranhão; MA;2111409;211140;São Luís Gonzaga do Maranhão;Nordeste
21;Maranhão; MA;2111508;211150;São Mateus do Maranhão;Nordeste
21;Maranhão; MA;2111532;211153;São Pedro da Água Branca;Nordeste
21;Maranhão; MA;2111573;211157;São Pedro dos Crentes;Nordeste
21;Maranhão; MA;2111607;211160;São Raimundo das Mangabeiras;Nordeste
21;Maranhão; MA;2111631;211163;São Raimundo do doca Bezerra;Nordeste
21;Maranhão; MA;2111672;211167;São Roberto;Nordeste
21;Maranhão; MA;2111706;211170;São Vicente Ferrer;Nordeste
21;Maranhão; MA;2111722;211172;Satubinha;Nordeste
21;Maranhão; MA;2111748;211174;Senador Alexandre Costa;Nordeste
21;Maranhão; MA;2111763;211176;Senador La Rocque;Nordeste
21;Maranhão; MA;2111789;211178;Serrano do Maranhão;Nordeste
21;Maranhão; MA;2111805;211180;Sítio Novo;Nordeste
21;Maranhão; MA;2111904;211190;Sucupira do Norte;Nordeste
21;Maranhão; MA;2111953;211195;Sucupira do Riachão;Nordeste
21;Maranhão; MA;2112001;211200;Tasso Fragoso;Nordeste
21;Maranhão; MA;2112100;211210;Timbiras;Nordeste
21;Maranhão; MA;2112209;211220;Timon;Nordeste
21;Maranhão; MA;2112233;211223;Trizidela do Vale;Nordeste
21;Maranhão; MA;2112274;211227;Tufilândia;Nordeste
21;Maranhão; MA;2112308;211230;Tuntum;Nordeste
21;Maranhão; MA;2112407;211240;Turiaçu;Nordeste
21;Maranhão; MA;2112456;211245;Turilândia;Nordeste
21;Maranhão; MA;2112506;211250;Tutóia;Nordeste
21;Maranhão; MA;2112605;211260;Urbano Santos;Nordeste
21;Maranhão; MA;2112704;211270;Vargem Grande;Nordeste
21;Maranhão; MA;2112803;211280;Viana;Nordeste
21;Maranhão; MA;2112852;211285;Vila Nova dos Martírios;Nordeste
21;Maranhão; MA;2112902;211290;Vitória do Mearim;Nordeste
21;Maranhão; MA;2113009;211300;Vitorino Freire;Nordeste
21;Maranhão; MA;2114007;211400;Zé doca;Nordeste
22;Piauí; PI;2200053;220005;Acauã;Nordeste
22;Piauí; PI;2200103;220010;Agricolândia;Nordeste
22;Piauí; PI;2200202;220020;Água Branca;Nordeste
22;Piauí; PI;2200251;220025;Alagoinha do Piauí;Nordeste
22;Piauí; PI;2200277;220027;Alegrete do Piauí;Nordeste
22;Piauí; PI;2200301;220030;Alto Longá;Nordeste
22;Piauí; PI;2200400;220040;Altos;Nordeste
22;Piauí; PI;2200459;220045;Alvorada do Gurguéia;Nordeste
22;Piauí; PI;2200509;220050;Amarante;Nordeste
22;Piauí; PI;2200608;220060;Angical do Piauí;Nordeste
22;Piauí; PI;2200707;220070;Anísio de Abreu;Nordeste
22;Piauí; PI;2200806;220080;Antônio Almeida;Nordeste
22;Piauí; PI;2200905;220090;Aroazes;Nordeste
22;Piauí; PI;2200954;220095;Aroeiras do Itaim;Nordeste
22;Piauí; PI;2201002;220100;Arraial;Nordeste
22;Piauí; PI;2201051;220105;Assunção do Piauí;Nordeste
22;Piauí; PI;2201101;220110;Avelino Lopes;Nordeste
22;Piauí; PI;2201150;220115;Baixa Grande do Ribeiro;Nordeste
22;Piauí; PI;2201176;220117;Barra D'alcântara;Nordeste
22;Piauí; PI;2201200;220120;Barras;Nordeste
22;Piauí; PI;2201309;220130;Barreiras do Piauí;Nordeste
22;Piauí; PI;2201408;220140;Barro Duro;Nordeste
22;Piauí; PI;2201507;220150;Batalha;Nordeste
22;Piauí; PI;2201556;220155;Bela Vista do Piauí;Nordeste
22;Piauí; PI;2201572;220157;Belém do Piauí;Nordeste
22;Piauí; PI;2201606;220160;Beneditinos;Nordeste
22;Piauí; PI;2201705;220170;Bertolínia;Nordeste
22;Piauí; PI;2201739;220173;Betânia do Piauí;Nordeste
22;Piauí; PI;2201770;220177;Boa Hora;Nordeste
22;Piauí; PI;2201804;220180;Bocaina;Nordeste
22;Piauí; PI;2201903;220190;Bom Jesus;Nordeste
22;Piauí; PI;2201919;220191;Bom Princípio do Piauí;Nordeste
22;Piauí; PI;2201929;220192;Bonfim do Piauí;Nordeste
22;Piauí; PI;2201945;220194;Boqueirão do Piauí;Nordeste
22;Piauí; PI;2201960;220196;Brasileira;Nordeste
22;Piauí; PI;2201988;220198;Brejo do Piauí;Nordeste
22;Piauí; PI;2202000;220200;Buriti dos Lopes;Nordeste
22;Piauí; PI;2202026;220202;Buriti dos Montes;Nordeste
22;Piauí; PI;2202059;220205;Cabeceiras do Piauí;Nordeste
22;Piauí; PI;2202075;220207;Cajazeiras do Piauí;Nordeste
22;Piauí; PI;2202083;220208;Cajueiro da Praia;Nordeste
22;Piauí; PI;2202091;220209;Caldeirão Grande do Piauí;Nordeste
22;Piauí; PI;2202109;220210;Campinas do Piauí;Nordeste
22;Piauí; PI;2202117;220211;Campo Alegre do Fidalgo;Nordeste
22;Piauí; PI;2202133;220213;Campo Grande do Piauí;Nordeste
22;Piauí; PI;2202174;220217;Campo Largo do Piauí;Nordeste
22;Piauí; PI;2202208;220220;Campo Maior;Nordeste
22;Piauí; PI;2202251;220225;Canavieira;Nordeste
22;Piauí; PI;2202307;220230;Canto do Buriti;Nordeste
22;Piauí; PI;2202406;220240;Capitão de Campos;Nordeste
22;Piauí; PI;2202455;220245;Capitão Gervásio Oliveira;Nordeste
22;Piauí; PI;2202505;220250;Caracol;Nordeste
22;Piauí; PI;2202539;220253;Caraúbas do Piauí;Nordeste
22;Piauí; PI;2202554;220255;Caridade do Piauí;Nordeste
22;Piauí; PI;2202604;220260;Castelo do Piauí;Nordeste
22;Piauí; PI;2202653;220265;Caxingó;Nordeste
22;Piauí; PI;2202703;220270;Cocal;Nordeste
22;Piauí; PI;2202711;220271;Cocal de Telha;Nordeste
22;Piauí; PI;2202729;220272;Cocal dos Alves;Nordeste
22;Piauí; PI;2202737;220273;Coivaras;Nordeste
22;Piauí; PI;2202752;220275;Colônia do Gurguéia;Nordeste
22;Piauí; PI;2202778;220277;Colônia do Piauí;Nordeste
22;Piauí; PI;2202802;220280;Conceição do Canindé;Nordeste
22;Piauí; PI;2202851;220285;Coronel José Dias;Nordeste
22;Piauí; PI;2202901;220290;Corrente;Nordeste
22;Piauí; PI;2203008;220300;Cristalândia do Piauí;Nordeste
22;Piauí; PI;2203107;220310;Cristino Castro;Nordeste
22;Piauí; PI;2203206;220320;Curimatá;Nordeste
22;Piauí; PI;2203230;220323;Currais;Nordeste
22;Piauí; PI;2203255;220325;Curralinhos;Nordeste
22;Piauí; PI;2203271;220327;Curral Novo do Piauí;Nordeste
22;Piauí; PI;2203305;220330;demerval Lobão;Nordeste
22;Piauí; PI;2203354;220335;Dirceu Arcoverde;Nordeste
22;Piauí; PI;2203404;220340;dom Expedito Lopes;Nordeste
22;Piauí; PI;2203420;220342;domingos Mourão;Nordeste
22;Piauí; PI;2203453;220345;dom Inocêncio;Nordeste
22;Piauí; PI;2203503;220350;Elesbão Veloso;Nordeste
22;Piauí; PI;2203602;220360;Eliseu Martins;Nordeste
22;Piauí; PI;2203701;220370;Esperantina;Nordeste
22;Piauí; PI;2203750;220375;Fartura do Piauí;Nordeste
22;Piauí; PI;2203800;220380;Flores do Piauí;Nordeste
22;Piauí; PI;2203859;220385;Floresta do Piauí;Nordeste
22;Piauí; PI;2203909;220390;Floriano;Nordeste
22;Piauí; PI;2204006;220400;Francinópolis;Nordeste
22;Piauí; PI;2204105;220410;Francisco Ayres;Nordeste
22;Piauí; PI;2204154;220415;Francisco Macedo;Nordeste
22;Piauí; PI;2204204;220420;Francisco Santos;Nordeste
22;Piauí; PI;2204303;220430;Fronteiras;Nordeste
22;Piauí; PI;2204352;220435;Geminiano;Nordeste
22;Piauí; PI;2204402;220440;Gilbués;Nordeste
22;Piauí; PI;2204501;220450;Guadalupe;Nordeste
22;Piauí; PI;2204550;220455;Guaribas;Nordeste
22;Piauí; PI;2204600;220460;Hugo Napoleão;Nordeste
22;Piauí; PI;2204659;220465;Ilha Grande;Nordeste
22;Piauí; PI;2204709;220470;Inhuma;Nordeste
22;Piauí; PI;2204808;220480;Ipiranga do Piauí;Nordeste
22;Piauí; PI;2204907;220490;Isaías Coelho;Nordeste
22;Piauí; PI;2205003;220500;Itainópolis;Nordeste
22;Piauí; PI;2205102;220510;Itaueira;Nordeste
22;Piauí; PI;2205151;220515;Jacobina do Piauí;Nordeste
22;Piauí; PI;2205201;220520;Jaicós;Nordeste
22;Piauí; PI;2205250;220525;Jardim do Mulato;Nordeste
22;Piauí; PI;2205276;220527;Jatobá do Piauí;Nordeste
22;Piauí; PI;2205300;220530;Jerumenha;Nordeste
22;Piauí; PI;2205359;220535;João Costa;Nordeste
22;Piauí; PI;2205409;220540;Joaquim Pires;Nordeste
22;Piauí; PI;2205458;220545;Joca Marques;Nordeste
22;Piauí; PI;2205508;220550;José de Freitas;Nordeste
22;Piauí; PI;2205516;220551;Juazeiro do Piauí;Nordeste
22;Piauí; PI;2205524;220552;Júlio Borges;Nordeste
22;Piauí; PI;2205532;220553;Jurema;Nordeste
22;Piauí; PI;2205540;220554;Lagoinha do Piauí;Nordeste
22;Piauí; PI;2205557;220555;Lagoa Alegre;Nordeste
22;Piauí; PI;2205565;220556;Lagoa do Barro do Piauí;Nordeste
22;Piauí; PI;2205573;220557;Lagoa de São Francisco;Nordeste
22;Piauí; PI;2205581;220558;Lagoa do Piauí;Nordeste
22;Piauí; PI;2205599;220559;Lagoa do Sítio;Nordeste
22;Piauí; PI;2205607;220560;Landri Sales;Nordeste
22;Piauí; PI;2205706;220570;Luís Correia;Nordeste
22;Piauí; PI;2205805;220580;Luzilândia;Nordeste
22;Piauí; PI;2205854;220585;Madeiro;Nordeste
22;Piauí; PI;2205904;220590;Manoel Emídio;Nordeste
22;Piauí; PI;2205953;220595;Marcolândia;Nordeste
22;Piauí; PI;2206001;220600;Marcos Parente;Nordeste
22;Piauí; PI;2206050;220605;Massapê do Piauí;Nordeste
22;Piauí; PI;2206100;220610;Matias Olímpio;Nordeste
22;Piauí; PI;2206209;220620;Miguel Alves;Nordeste
22;Piauí; PI;2206308;220630;Miguel Leão;Nordeste
22;Piauí; PI;2206357;220635;Milton Brandão;Nordeste
22;Piauí; PI;2206407;220640;Monsenhor Gil;Nordeste
22;Piauí; PI;2206506;220650;Monsenhor Hipólito;Nordeste
22;Piauí; PI;2206605;220660;Monte Alegre do Piauí;Nordeste
22;Piauí; PI;2206654;220665;Morro Cabeça No Tempo;Nordeste
22;Piauí; PI;2206670;220667;Morro do Chapéu do Piauí;Nordeste
22;Piauí; PI;2206696;220669;Murici dos Portelas;Nordeste
22;Piauí; PI;2206704;220670;Nazaré do Piauí;Nordeste
22;Piauí; PI;2206720;220672;Nazária;Nordeste
22;Piauí; PI;2206753;220675;Nossa Senhora de Nazaré;Nordeste
22;Piauí; PI;2206803;220680;Nossa Senhora dos Remédios;Nordeste
22;Piauí; PI;2206902;220690;Novo Oriente do Piauí;Nordeste
22;Piauí; PI;2206951;220695;Novo Santo Antônio;Nordeste
22;Piauí; PI;2207009;220700;Oeiras;Nordeste
22;Piauí; PI;2207108;220710;Olho D'água do Piauí;Nordeste
22;Piauí; PI;2207207;220720;Padre Marcos;Nordeste
22;Piauí; PI;2207306;220730;Paes Landim;Nordeste
22;Piauí; PI;2207355;220735;Pajeú do Piauí;Nordeste
22;Piauí; PI;2207405;220740;Palmeira do Piauí;Nordeste
22;Piauí; PI;2207504;220750;Palmeirais;Nordeste
22;Piauí; PI;2207553;220755;Paquetá;Nordeste
22;Piauí; PI;2207603;220760;Parnaguá;Nordeste
22;Piauí; PI;2207702;220770;Parnaíba;Nordeste
22;Piauí; PI;2207751;220775;Passagem Franca do Piauí;Nordeste
22;Piauí; PI;2207777;220777;Patos do Piauí;Nordeste
22;Piauí; PI;2207793;220779;Pau D'arco do Piauí;Nordeste
22;Piauí; PI;2207801;220780;Paulistana;Nordeste
22;Piauí; PI;2207850;220785;Pavussu;Nordeste
22;Piauí; PI;2207900;220790;Pedro Ii;Nordeste
22;Piauí; PI;2207934;220793;Pedro Laurentino;Nordeste
22;Piauí; PI;2207959;220795;Nova Santa Rita;Nordeste
22;Piauí; PI;2208007;220800;Picos;Nordeste
22;Piauí; PI;2208106;220810;Pimenteiras;Nordeste
22;Piauí; PI;2208205;220820;Pio Ix;Nordeste
22;Piauí; PI;2208304;220830;Piracuruca;Nordeste
22;Piauí; PI;2208403;220840;Piripiri;Nordeste
22;Piauí; PI;2208502;220850;Porto;Nordeste
22;Piauí; PI;2208551;220855;Porto Alegre do Piauí;Nordeste
22;Piauí; PI;2208601;220860;Prata do Piauí;Nordeste
22;Piauí; PI;2208650;220865;Queimada Nova;Nordeste
22;Piauí; PI;2208700;220870;Redenção do Gurguéia;Nordeste
22;Piauí; PI;2208809;220880;Regeneração;Nordeste
22;Piauí; PI;2208858;220885;Riacho Frio;Nordeste
22;Piauí; PI;2208874;220887;Ribeira do Piauí;Nordeste
22;Piauí; PI;2208908;220890;Ribeiro Gonçalves;Nordeste
22;Piauí; PI;2209005;220900;Rio Grande do Piauí;Nordeste
22;Piauí; PI;2209104;220910;Santa Cruz do Piauí;Nordeste
22;Piauí; PI;2209153;220915;Santa Cruz dos Milagres;Nordeste
22;Piauí; PI;2209203;220920;Santa Filomena;Nordeste
22;Piauí; PI;2209302;220930;Santa Luz;Nordeste
22;Piauí; PI;2209351;220935;Santana do Piauí;Nordeste
22;Piauí; PI;2209377;220937;Santa Rosa do Piauí;Nordeste
22;Piauí; PI;2209401;220940;Santo Antônio de Lisboa;Nordeste
22;Piauí; PI;2209450;220945;Santo Antônio dos Milagres;Nordeste
22;Piauí; PI;2209500;220950;Santo Inácio do Piauí;Nordeste
22;Piauí; PI;2209559;220955;São Braz do Piauí;Nordeste
22;Piauí; PI;2209609;220960;São Félix do Piauí;Nordeste
22;Piauí; PI;2209658;220965;São Francisco de Assis do Piauí;Nordeste
22;Piauí; PI;2209708;220970;São Francisco do Piauí;Nordeste
22;Piauí; PI;2209757;220975;São Gonçalo do Gurguéia;Nordeste
22;Piauí; PI;2209807;220980;São Gonçalo do Piauí;Nordeste
22;Piauí; PI;2209856;220985;São João da Canabrava;Nordeste
22;Piauí; PI;2209872;220987;São João da Fronteira;Nordeste
22;Piauí; PI;2209906;220990;São João da Serra;Nordeste
22;Piauí; PI;2209955;220995;São João da Varjota;Nordeste
22;Piauí; PI;2209971;220997;São João do Arraial;Nordeste
22;Piauí; PI;2210003;221000;São João do Piauí;Nordeste
22;Piauí; PI;2210052;221005;São José do Divino;Nordeste
22;Piauí; PI;2210102;221010;São José do Peixe;Nordeste
22;Piauí; PI;2210201;221020;São José do Piauí;Nordeste
22;Piauí; PI;2210300;221030;São Julião;Nordeste
22;Piauí; PI;2210359;221035;São Lourenço do Piauí;Nordeste
22;Piauí; PI;2210375;221037;São Luis do Piauí;Nordeste
22;Piauí; PI;2210383;221038;São Miguel da Baixa Grande;Nordeste
22;Piauí; PI;2210391;221039;São Miguel do Fidalgo;Nordeste
22;Piauí; PI;2210409;221040;São Miguel do Tapuio;Nordeste
22;Piauí; PI;2210508;221050;São Pedro do Piauí;Nordeste
22;Piauí; PI;2210607;221060;São Raimundo Nonato;Nordeste
22;Piauí; PI;2210623;221062;Sebastião Barros;Nordeste
22;Piauí; PI;2210631;221063;Sebastião Leal;Nordeste
22;Piauí; PI;2210656;221065;Sigefredo Pacheco;Nordeste
22;Piauí; PI;2210706;221070;Simões;Nordeste
22;Piauí; PI;2210805;221080;Simplício Mendes;Nordeste
22;Piauí; PI;2210904;221090;Socorro do Piauí;Nordeste
22;Piauí; PI;2210938;221093;Sussuapara;Nordeste
22;Piauí; PI;2210953;221095;Tamboril do Piauí;Nordeste
22;Piauí; PI;2210979;221097;Tanque do Piauí;Nordeste
22;Piauí; PI;2211001;221100;Teresina;Nordeste
22;Piauí; PI;2211100;221110;União;Nordeste
22;Piauí; PI;2211209;221120;Uruçuí;Nordeste
22;Piauí; PI;2211308;221130;Valença do Piauí;Nordeste
22;Piauí; PI;2211357;221135;Várzea Branca;Nordeste
22;Piauí; PI;2211407;221140;Várzea Grande;Nordeste
22;Piauí; PI;2211506;221150;Vera Mendes;Nordeste
22;Piauí; PI;2211605;221160;Vila Nova do Piauí;Nordeste
22;Piauí; PI;2211704;221170;Wall Ferraz;Nordeste
23;Ceará; CE;2300101;230010;Abaiara;Nordeste
23;Ceará; CE;2300150;230015;Acarape;Nordeste
23;Ceará; CE;2300200;230020;Acaraú;Nordeste
23;Ceará; CE;2300309;230030;Acopiara;Nordeste
23;Ceará; CE;2300408;230040;Aiuaba;Nordeste
23;Ceará; CE;2300507;230050;Alcântaras;Nordeste
23;Ceará; CE;2300606;230060;Altaneira;Nordeste
23;Ceará; CE;2300705;230070;Alto Santo;Nordeste
23;Ceará; CE;2300754;230075;Amontada;Nordeste
23;Ceará; CE;2300804;230080;Antonina do Norte;Nordeste
23;Ceará; CE;2300903;230090;Apuiarés;Nordeste
23;Ceará; CE;2301000;230100;Aquiraz;Nordeste
23;Ceará; CE;2301109;230110;Aracati;Nordeste
23;Ceará; CE;2301208;230120;Aracoiaba;Nordeste
23;Ceará; CE;2301257;230125;Ararendá;Nordeste
23;Ceará; CE;2301307;230130;Araripe;Nordeste
23;Ceará; CE;2301406;230140;Aratuba;Nordeste
23;Ceará; CE;2301505;230150;Arneiroz;Nordeste
23;Ceará; CE;2301604;230160;Assaré;Nordeste
23;Ceará; CE;2301703;230170;Aurora;Nordeste
23;Ceará; CE;2301802;230180;Baixio;Nordeste
23;Ceará; CE;2301851;230185;Banabuiú;Nordeste
23;Ceará; CE;2301901;230190;Barbalha;Nordeste
23;Ceará; CE;2301950;230195;Barreira;Nordeste
23;Ceará; CE;2302008;230200;Barro;Nordeste
23;Ceará; CE;2302057;230205;Barroquinha;Nordeste
23;Ceará; CE;2302107;230210;Baturité;Nordeste
23;Ceará; CE;2302206;230220;Beberibe;Nordeste
23;Ceará; CE;2302305;230230;Bela Cruz;Nordeste
23;Ceará; CE;2302404;230240;Boa Viagem;Nordeste
23;Ceará; CE;2302503;230250;Brejo Santo;Nordeste
23;Ceará; CE;2302602;230260;Camocim;Nordeste
23;Ceará; CE;2302701;230270;Campos Sales;Nordeste
23;Ceará; CE;2302800;230280;Canindé;Nordeste
23;Ceará; CE;2302909;230290;Capistrano;Nordeste
23;Ceará; CE;2303006;230300;Caridade;Nordeste
23;Ceará; CE;2303105;230310;Cariré;Nordeste
23;Ceará; CE;2303204;230320;Caririaçu;Nordeste
23;Ceará; CE;2303303;230330;Cariús;Nordeste
23;Ceará; CE;2303402;230340;Carnaubal;Nordeste
23;Ceará; CE;2303501;230350;Cascavel;Nordeste
23;Ceará; CE;2303600;230360;Catarina;Nordeste
23;Ceará; CE;2303659;230365;Catunda;Nordeste
23;Ceará; CE;2303709;230370;Caucaia;Nordeste
23;Ceará; CE;2303808;230380;Cedro;Nordeste
23;Ceará; CE;2303907;230390;Chaval;Nordeste
23;Ceará; CE;2303931;230393;Choró;Nordeste
23;Ceará; CE;2303956;230395;Chorozinho;Nordeste
23;Ceará; CE;2304004;230400;Coreaú;Nordeste
23;Ceará; CE;2304103;230410;Crateús;Nordeste
23;Ceará; CE;2304202;230420;Crato;Nordeste
23;Ceará; CE;2304236;230423;Croatá;Nordeste
23;Ceará; CE;2304251;230425;Cruz;Nordeste
23;Ceará; CE;2304269;230426;deputado Irapuan Pinheiro;Nordeste
23;Ceará; CE;2304277;230427;Ererê;Nordeste
23;Ceará; CE;2304285;230428;Eusébio;Nordeste
23;Ceará; CE;2304301;230430;Farias Brito;Nordeste
23;Ceará; CE;2304350;230435;Forquilha;Nordeste
23;Ceará; CE;2304400;230440;Fortaleza;Nordeste
23;Ceará; CE;2304459;230445;Fortim;Nordeste
23;Ceará; CE;2304509;230450;Frecheirinha;Nordeste
23;Ceará; CE;2304608;230460;General Sampaio;Nordeste
23;Ceará; CE;2304657;230465;Graça;Nordeste
23;Ceará; CE;2304707;230470;Granja;Nordeste
23;Ceará; CE;2304806;230480;Granjeiro;Nordeste
23;Ceará; CE;2304905;230490;Groaíras;Nordeste
23;Ceará; CE;2304954;230495;Guaiúba;Nordeste
23;Ceará; CE;2305001;230500;Guaraciaba do Norte;Nordeste
23;Ceará; CE;2305100;230510;Guaramiranga;Nordeste
23;Ceará; CE;2305209;230520;Hidrolândia;Nordeste
23;Ceará; CE;2305233;230523;Horizonte;Nordeste
23;Ceará; CE;2305266;230526;Ibaretama;Nordeste
23;Ceará; CE;2305308;230530;Ibiapina;Nordeste
23;Ceará; CE;2305332;230533;Ibicuitinga;Nordeste
23;Ceará; CE;2305357;230535;Icapuí;Nordeste
23;Ceará; CE;2305407;230540;Icó;Nordeste
23;Ceará; CE;2305506;230550;Iguatu;Nordeste
23;Ceará; CE;2305605;230560;Independência;Nordeste
23;Ceará; CE;2305654;230565;Ipaporanga;Nordeste
23;Ceará; CE;2305704;230570;Ipaumirim;Nordeste
23;Ceará; CE;2305803;230580;Ipu;Nordeste
23;Ceará; CE;2305902;230590;Ipueiras;Nordeste
23;Ceará; CE;2306009;230600;Iracema;Nordeste
23;Ceará; CE;2306108;230610;Irauçuba;Nordeste
23;Ceará; CE;2306207;230620;Itaiçaba;Nordeste
23;Ceará; CE;2306256;230625;Itaitinga;Nordeste
23;Ceará; CE;2306306;230630;Itapajé;Nordeste
23;Ceará; CE;2306405;230640;Itapipoca;Nordeste
23;Ceará; CE;2306504;230650;Itapiúna;Nordeste
23;Ceará; CE;2306553;230655;Itarema;Nordeste
23;Ceará; CE;2306603;230660;Itatira;Nordeste
23;Ceará; CE;2306702;230670;Jaguaretama;Nordeste
23;Ceará; CE;2306801;230680;Jaguaribara;Nordeste
23;Ceará; CE;2306900;230690;Jaguaribe;Nordeste
23;Ceará; CE;2307007;230700;Jaguaruana;Nordeste
23;Ceará; CE;2307106;230710;Jardim;Nordeste
23;Ceará; CE;2307205;230720;Jati;Nordeste
23;Ceará; CE;2307254;230725;Jijoca de Jericoacoara;Nordeste
23;Ceará; CE;2307304;230730;Juazeiro do Norte;Nordeste
23;Ceará; CE;2307403;230740;Jucás;Nordeste
23;Ceará; CE;2307502;230750;Lavras da Mangabeira;Nordeste
23;Ceará; CE;2307601;230760;Limoeiro do Norte;Nordeste
23;Ceará; CE;2307635;230763;Madalena;Nordeste
23;Ceará; CE;2307650;230765;Maracanaú;Nordeste
23;Ceará; CE;2307700;230770;Maranguape;Nordeste
23;Ceará; CE;2307809;230780;Marco;Nordeste
23;Ceará; CE;2307908;230790;Martinópole;Nordeste
23;Ceará; CE;2308005;230800;Massapê;Nordeste
23;Ceará; CE;2308104;230810;Mauriti;Nordeste
23;Ceará; CE;2308203;230820;Meruoca;Nordeste
23;Ceará; CE;2308302;230830;Milagres;Nordeste
23;Ceará; CE;2308351;230835;Milhã;Nordeste
23;Ceará; CE;2308377;230837;Miraíma;Nordeste
23;Ceará; CE;2308401;230840;Missão Velha;Nordeste
23;Ceará; CE;2308500;230850;Mombaça;Nordeste
23;Ceará; CE;2308609;230860;Monsenhor Tabosa;Nordeste
23;Ceará; CE;2308708;230870;Morada Nova;Nordeste
23;Ceará; CE;2308807;230880;Moraújo;Nordeste
23;Ceará; CE;2308906;230890;Morrinhos;Nordeste
23;Ceará; CE;2309003;230900;Mucambo;Nordeste
23;Ceará; CE;2309102;230910;Mulungu;Nordeste
23;Ceará; CE;2309201;230920;Nova Olinda;Nordeste
23;Ceará; CE;2309300;230930;Nova Russas;Nordeste
23;Ceará; CE;2309409;230940;Novo Oriente;Nordeste
23;Ceará; CE;2309458;230945;Ocara;Nordeste
23;Ceará; CE;2309508;230950;Orós;Nordeste
23;Ceará; CE;2309607;230960;Pacajus;Nordeste
23;Ceará; CE;2309706;230970;Pacatuba;Nordeste
23;Ceará; CE;2309805;230980;Pacoti;Nordeste
23;Ceará; CE;2309904;230990;Pacujá;Nordeste
23;Ceará; CE;2310001;231000;Palhano;Nordeste
23;Ceará; CE;2310100;231010;Palmácia;Nordeste
23;Ceará; CE;2310209;231020;Paracuru;Nordeste
23;Ceará; CE;2310258;231025;Paraipaba;Nordeste
23;Ceará; CE;2310308;231030;Parambu;Nordeste
23;Ceará; CE;2310407;231040;Paramoti;Nordeste
23;Ceará; CE;2310506;231050;Pedra Branca;Nordeste
23;Ceará; CE;2310605;231060;Penaforte;Nordeste
23;Ceará; CE;2310704;231070;Pentecoste;Nordeste
23;Ceará; CE;2310803;231080;Pereiro;Nordeste
23;Ceará; CE;2310852;231085;Pindoretama;Nordeste
23;Ceará; CE;2310902;231090;Piquet Carneiro;Nordeste
23;Ceará; CE;2310951;231095;Pires Ferreira;Nordeste
23;Ceará; CE;2311009;231100;Poranga;Nordeste
23;Ceará; CE;2311108;231110;Porteiras;Nordeste
23;Ceará; CE;2311207;231120;Potengi;Nordeste
23;Ceará; CE;2311231;231123;Potiretama;Nordeste
23;Ceará; CE;2311264;231126;Quiterianópolis;Nordeste
23;Ceará; CE;2311306;231130;Quixadá;Nordeste
23;Ceará; CE;2311355;231135;Quixelô;Nordeste
23;Ceará; CE;2311405;231140;Quixeramobim;Nordeste
23;Ceará; CE;2311504;231150;Quixeré;Nordeste
23;Ceará; CE;2311603;231160;Redenção;Nordeste
23;Ceará; CE;2311702;231170;Reriutaba;Nordeste
23;Ceará; CE;2311801;231180;Russas;Nordeste
23;Ceará; CE;2311900;231190;Saboeiro;Nordeste
23;Ceará; CE;2311959;231195;Salitre;Nordeste
23;Ceará; CE;2312007;231200;Santana do Acaraú;Nordeste
23;Ceará; CE;2312106;231210;Santana do Cariri;Nordeste
23;Ceará; CE;2312205;231220;Santa Quitéria;Nordeste
23;Ceará; CE;2312304;231230;São Benedito;Nordeste
23;Ceará; CE;2312403;231240;São Gonçalo do Amarante;Nordeste
23;Ceará; CE;2312502;231250;São João do Jaguaribe;Nordeste
23;Ceará; CE;2312601;231260;São Luís do Curu;Nordeste
23;Ceará; CE;2312700;231270;Senador Pompeu;Nordeste
23;Ceará; CE;2312809;231280;Senador Sá;Nordeste
23;Ceará; CE;2312908;231290;Sobral;Nordeste
23;Ceará; CE;2313005;231300;Solonópole;Nordeste
23;Ceará; CE;2313104;231310;Tabuleiro do Norte;Nordeste
23;Ceará; CE;2313203;231320;Tamboril;Nordeste
23;Ceará; CE;2313252;231325;Tarrafas;Nordeste
23;Ceará; CE;2313302;231330;Tauá;Nordeste
23;Ceará; CE;2313351;231335;Tejuçuoca;Nordeste
23;Ceará; CE;2313401;231340;Tianguá;Nordeste
23;Ceará; CE;2313500;231350;Trairi;Nordeste
23;Ceará; CE;2313559;231355;Tururu;Nordeste
23;Ceará; CE;2313609;231360;Ubajara;Nordeste
23;Ceará; CE;2313708;231370;Umari;Nordeste
23;Ceará; CE;2313757;231375;Umirim;Nordeste
23;Ceará; CE;2313807;231380;Uruburetama;Nordeste
23;Ceará; CE;2313906;231390;Uruoca;Nordeste
23;Ceará; CE;2313955;231395;Varjota;Nordeste
23;Ceará; CE;2314003;231400;Várzea Alegre;Nordeste
23;Ceará; CE;2314102;231410;Viçosa do Ceará;Nordeste
24;Rio Grande do Norte; RN;2400109;240010;Acari;Nordeste
24;Rio Grande do Norte; RN;2400208;240020;Açu;Nordeste
24;Rio Grande do Norte; RN;2400307;240030;Afonso Bezerra;Nordeste
24;Rio Grande do Norte; RN;2400406;240040;Água Nova;Nordeste
24;Rio Grande do Norte; RN;2400505;240050;Alexandria;Nordeste
24;Rio Grande do Norte; RN;2400604;240060;Almino Afonso;Nordeste
24;Rio Grande do Norte; RN;2400703;240070;Alto do Rodrigues;Nordeste
24;Rio Grande do Norte; RN;2400802;240080;Angicos;Nordeste
24;Rio Grande do Norte; RN;2400901;240090;Antônio Martins;Nordeste
24;Rio Grande do Norte; RN;2401008;240100;Apodi;Nordeste
24;Rio Grande do Norte; RN;2401107;240110;Areia Branca;Nordeste
24;Rio Grande do Norte; RN;2401206;240120;Arês;Nordeste
24;Rio Grande do Norte; RN;2401305;240130;Augusto Severo;Nordeste
24;Rio Grande do Norte; RN;2401404;240140;Baía Formosa;Nordeste
24;Rio Grande do Norte; RN;2401453;240145;Baraúna;Nordeste
24;Rio Grande do Norte; RN;2401503;240150;Barcelona;Nordeste
24;Rio Grande do Norte; RN;2401602;240160;Bento Fernandes;Nordeste
24;Rio Grande do Norte; RN;2401651;240165;Bodó;Nordeste
24;Rio Grande do Norte; RN;2401701;240170;Bom Jesus;Nordeste
24;Rio Grande do Norte; RN;2401800;240180;Brejinho;Nordeste
24;Rio Grande do Norte; RN;2401859;240185;Caiçara do Norte;Nordeste
24;Rio Grande do Norte; RN;2401909;240190;Caiçara do Rio do Vento;Nordeste
24;Rio Grande do Norte; RN;2402006;240200;Caicó;Nordeste
24;Rio Grande do Norte; RN;2402105;240210;Campo Redondo;Nordeste
24;Rio Grande do Norte; RN;2402204;240220;Canguaretama;Nordeste
24;Rio Grande do Norte; RN;2402303;240230;Caraúbas;Nordeste
24;Rio Grande do Norte; RN;2402402;240240;Carnaúba dos dantas;Nordeste
24;Rio Grande do Norte; RN;2402501;240250;Carnaubais;Nordeste
24;Rio Grande do Norte; RN;2402600;240260;Ceará-Mirim;Nordeste
24;Rio Grande do Norte; RN;2402709;240270;Cerro Corá;Nordeste
24;Rio Grande do Norte; RN;2402808;240280;Coronel Ezequiel;Nordeste
24;Rio Grande do Norte; RN;2402907;240290;Coronel João Pessoa;Nordeste
24;Rio Grande do Norte; RN;2403004;240300;Cruzeta;Nordeste
24;Rio Grande do Norte; RN;2403103;240310;Currais Novos;Nordeste
24;Rio Grande do Norte; RN;2403202;240320;doutor Severiano;Nordeste
24;Rio Grande do Norte; RN;2403251;240325;Parnamirim;Nordeste
24;Rio Grande do Norte; RN;2403301;240330;Encanto;Nordeste
24;Rio Grande do Norte; RN;2403400;240340;Equador;Nordeste
24;Rio Grande do Norte; RN;2403509;240350;Espírito Santo;Nordeste
24;Rio Grande do Norte; RN;2403608;240360;Extremoz;Nordeste
24;Rio Grande do Norte; RN;2403707;240370;Felipe Guerra;Nordeste
24;Rio Grande do Norte; RN;2403756;240375;Fernando Pedroza;Nordeste
24;Rio Grande do Norte; RN;2403806;240380;Florânia;Nordeste
24;Rio Grande do Norte; RN;2403905;240390;Francisco dantas;Nordeste
24;Rio Grande do Norte; RN;2404002;240400;Frutuoso Gomes;Nordeste
24;Rio Grande do Norte; RN;2404101;240410;Galinhos;Nordeste
24;Rio Grande do Norte; RN;2404200;240420;Goianinha;Nordeste
24;Rio Grande do Norte; RN;2404309;240430;Governador Dix-Sept Rosado;Nordeste
24;Rio Grande do Norte; RN;2404408;240440;Grossos;Nordeste
24;Rio Grande do Norte; RN;2404507;240450;Guamaré;Nordeste
24;Rio Grande do Norte; RN;2404606;240460;Ielmo Marinho;Nordeste
24;Rio Grande do Norte; RN;2404705;240470;Ipanguaçu;Nordeste
24;Rio Grande do Norte; RN;2404804;240480;Ipueira;Nordeste
24;Rio Grande do Norte; RN;2404853;240485;Itajá;Nordeste
24;Rio Grande do Norte; RN;2404903;240490;Itaú;Nordeste
24;Rio Grande do Norte; RN;2405009;240500;Jaçanã;Nordeste
24;Rio Grande do Norte; RN;2405108;240510;Jandaíra;Nordeste
24;Rio Grande do Norte; RN;2405207;240520;Janduís;Nordeste
24;Rio Grande do Norte; RN;2405306;240530;Januário Cicco;Nordeste
24;Rio Grande do Norte; RN;2405405;240540;Japi;Nordeste
24;Rio Grande do Norte; RN;2405504;240550;Jardim de Angicos;Nordeste
24;Rio Grande do Norte; RN;2405603;240560;Jardim de Piranhas;Nordeste
24;Rio Grande do Norte; RN;2405702;240570;Jardim do Seridó;Nordeste
24;Rio Grande do Norte; RN;2405801;240580;João Câmara;Nordeste
24;Rio Grande do Norte; RN;2405900;240590;João Dias;Nordeste
24;Rio Grande do Norte; RN;2406007;240600;José da Penha;Nordeste
24;Rio Grande do Norte; RN;2406106;240610;Jucurutu;Nordeste
24;Rio Grande do Norte; RN;2406155;240615;Jundiá;Nordeste
24;Rio Grande do Norte; RN;2406205;240620;Lagoa D'anta;Nordeste
24;Rio Grande do Norte; RN;2406304;240630;Lagoa de Pedras;Nordeste
24;Rio Grande do Norte; RN;2406403;240640;Lagoa de Velhos;Nordeste
24;Rio Grande do Norte; RN;2406502;240650;Lagoa Nova;Nordeste
24;Rio Grande do Norte; RN;2406601;240660;Lagoa Salgada;Nordeste
24;Rio Grande do Norte; RN;2406700;240670;Lajes;Nordeste
24;Rio Grande do Norte; RN;2406809;240680;Lajes Pintadas;Nordeste
24;Rio Grande do Norte; RN;2406908;240690;Lucrécia;Nordeste
24;Rio Grande do Norte; RN;2407005;240700;Luís Gomes;Nordeste
24;Rio Grande do Norte; RN;2407104;240710;Macaíba;Nordeste
24;Rio Grande do Norte; RN;2407203;240720;Macau;Nordeste
24;Rio Grande do Norte; RN;2407252;240725;Major Sales;Nordeste
24;Rio Grande do Norte; RN;2407302;240730;Marcelino Vieira;Nordeste
24;Rio Grande do Norte; RN;2407401;240740;Martins;Nordeste
24;Rio Grande do Norte; RN;2407500;240750;Maxaranguape;Nordeste
24;Rio Grande do Norte; RN;2407609;240760;Messias Targino;Nordeste
24;Rio Grande do Norte; RN;2407708;240770;Montanhas;Nordeste
24;Rio Grande do Norte; RN;2407807;240780;Monte Alegre;Nordeste
24;Rio Grande do Norte; RN;2407906;240790;Monte das Gameleiras;Nordeste
24;Rio Grande do Norte; RN;2408003;240800;Mossoró;Nordeste
24;Rio Grande do Norte; RN;2408102;240810;Natal;Nordeste
24;Rio Grande do Norte; RN;2408201;240820;Nísia Floresta;Nordeste
24;Rio Grande do Norte; RN;2408300;240830;Nova Cruz;Nordeste
24;Rio Grande do Norte; RN;2408409;240840;Olho-D'água do Borges;Nordeste
24;Rio Grande do Norte; RN;2408508;240850;Ouro Branco;Nordeste
24;Rio Grande do Norte; RN;2408607;240860;Paraná;Nordeste
24;Rio Grande do Norte; RN;2408706;240870;Paraú;Nordeste
24;Rio Grande do Norte; RN;2408805;240880;Parazinho;Nordeste
24;Rio Grande do Norte; RN;2408904;240890;Parelhas;Nordeste
24;Rio Grande do Norte; RN;2408953;240895;Rio do Fogo;Nordeste
24;Rio Grande do Norte; RN;2409100;240910;Passa E Fica;Nordeste
24;Rio Grande do Norte; RN;2409209;240920;Passagem;Nordeste
24;Rio Grande do Norte; RN;2409308;240930;Patu;Nordeste
24;Rio Grande do Norte; RN;2409332;240933;Santa Maria;Nordeste
24;Rio Grande do Norte; RN;2409407;240940;Pau dos Ferros;Nordeste
24;Rio Grande do Norte; RN;2409506;240950;Pedra Grande;Nordeste
24;Rio Grande do Norte; RN;2409605;240960;Pedra Preta;Nordeste
24;Rio Grande do Norte; RN;2409704;240970;Pedro Avelino;Nordeste
24;Rio Grande do Norte; RN;2409803;240980;Pedro Velho;Nordeste
24;Rio Grande do Norte; RN;2409902;240990;Pendências;Nordeste
24;Rio Grande do Norte; RN;2410009;241000;Pilões;Nordeste
24;Rio Grande do Norte; RN;2410108;241010;Poço Branco;Nordeste
24;Rio Grande do Norte; RN;2410207;241020;Portalegre;Nordeste
24;Rio Grande do Norte; RN;2410256;241025;Porto do Mangue;Nordeste
24;Rio Grande do Norte; RN;2410306;241030;Serra Caiada;Nordeste
24;Rio Grande do Norte; RN;2410405;241040;Pureza;Nordeste
24;Rio Grande do Norte; RN;2410504;241050;Rafael Fernandes;Nordeste
24;Rio Grande do Norte; RN;2410603;241060;Rafael Godeiro;Nordeste
24;Rio Grande do Norte; RN;2410702;241070;Riacho da Cruz;Nordeste
24;Rio Grande do Norte; RN;2410801;241080;Riacho de Santana;Nordeste
24;Rio Grande do Norte; RN;2410900;241090;Riachuelo;Nordeste
24;Rio Grande do Norte; RN;2411007;241100;Rodolfo Fernandes;Nordeste
24;Rio Grande do Norte; RN;2411056;241105;Tibau;Nordeste
24;Rio Grande do Norte; RN;2411106;241110;Ruy Barbosa;Nordeste
24;Rio Grande do Norte; RN;2411205;241120;Santa Cruz;Nordeste
24;Rio Grande do Norte; RN;2411403;241140;Santana do Matos;Nordeste
24;Rio Grande do Norte; RN;2411429;241142;Santana do Seridó;Nordeste
24;Rio Grande do Norte; RN;2411502;241150;Santo Antônio;Nordeste
24;Rio Grande do Norte; RN;2411601;241160;São Bento do Norte;Nordeste
24;Rio Grande do Norte; RN;2411700;241170;São Bento do Trairí;Nordeste
24;Rio Grande do Norte; RN;2411809;241180;São Fernando;Nordeste
24;Rio Grande do Norte; RN;2411908;241190;São Francisco do Oeste;Nordeste
24;Rio Grande do Norte; RN;2412005;241200;São Gonçalo do Amarante;Nordeste
24;Rio Grande do Norte; RN;2412104;241210;São João do Sabugi;Nordeste
24;Rio Grande do Norte; RN;2412203;241220;São José de Mipibu;Nordeste
24;Rio Grande do Norte; RN;2412302;241230;São José do Campestre;Nordeste
24;Rio Grande do Norte; RN;2412401;241240;São José do Seridó;Nordeste
24;Rio Grande do Norte; RN;2412500;241250;São Miguel;Nordeste
24;Rio Grande do Norte; RN;2412559;241255;São Miguel do Gostoso;Nordeste
24;Rio Grande do Norte; RN;2412609;241260;São Paulo do Potengi;Nordeste
24;Rio Grande do Norte; RN;2412708;241270;São Pedro;Nordeste
24;Rio Grande do Norte; RN;2412807;241280;São Rafael;Nordeste
24;Rio Grande do Norte; RN;2412906;241290;São Tomé;Nordeste
24;Rio Grande do Norte; RN;2413003;241300;São Vicente;Nordeste
24;Rio Grande do Norte; RN;2413102;241310;Senador Elói de Souza;Nordeste
24;Rio Grande do Norte; RN;2413201;241320;Senador Georgino Avelino;Nordeste
24;Rio Grande do Norte; RN;2413300;241330;Serra de São Bento;Nordeste
24;Rio Grande do Norte; RN;2413359;241335;Serra do Mel;Nordeste
24;Rio Grande do Norte; RN;2413409;241340;Serra Negra do Norte;Nordeste
24;Rio Grande do Norte; RN;2413508;241350;Serrinha;Nordeste
24;Rio Grande do Norte; RN;2413557;241355;Serrinha dos Pintos;Nordeste
24;Rio Grande do Norte; RN;2413607;241360;Severiano Melo;Nordeste
24;Rio Grande do Norte; RN;2413706;241370;Sítio Novo;Nordeste
24;Rio Grande do Norte; RN;2413805;241380;Taboleiro Grande;Nordeste
24;Rio Grande do Norte; RN;2413904;241390;Taipu;Nordeste
24;Rio Grande do Norte; RN;2414001;241400;Tangará;Nordeste
24;Rio Grande do Norte; RN;2414100;241410;Tenente Ananias;Nordeste
24;Rio Grande do Norte; RN;2414159;241415;Tenente Laurentino Cruz;Nordeste
24;Rio Grande do Norte; RN;2414209;241420;Tibau do Sul;Nordeste
24;Rio Grande do Norte; RN;2414308;241430;Timbaúba dos Batistas;Nordeste
24;Rio Grande do Norte; RN;2414407;241440;Touros;Nordeste
24;Rio Grande do Norte; RN;2414456;241445;Triunfo Potiguar;Nordeste
24;Rio Grande do Norte; RN;2414506;241450;Umarizal;Nordeste
24;Rio Grande do Norte; RN;2414605;241460;Upanema;Nordeste
24;Rio Grande do Norte; RN;2414704;241470;Várzea;Nordeste
24;Rio Grande do Norte; RN;2414753;241475;Venha-Ver;Nordeste
24;Rio Grande do Norte; RN;2414803;241480;Vera Cruz;Nordeste
24;Rio Grande do Norte; RN;2414902;241490;Viçosa;Nordeste
24;Rio Grande do Norte; RN;2415008;241500;Vila Flor;Nordeste
25;Paraíba; PB;2500106;250010;Água Branca;Nordeste
25;Paraíba; PB;2500205;250020;Aguiar;Nordeste
25;Paraíba; PB;2500304;250030;Alagoa Grande;Nordeste
25;Paraíba; PB;2500403;250040;Alagoa Nova;Nordeste
25;Paraíba; PB;2500502;250050;Alagoinha;Nordeste
25;Paraíba; PB;2500536;250053;Alcantil;Nordeste
25;Paraíba; PB;2500577;250057;Algodão de Jandaíra;Nordeste
25;Paraíba; PB;2500601;250060;Alhandra;Nordeste
25;Paraíba; PB;2500700;250070;São João do Rio do Peixe;Nordeste
25;Paraíba; PB;2500734;250073;Amparo;Nordeste
25;Paraíba; PB;2500775;250077;Aparecida;Nordeste
25;Paraíba; PB;2500809;250080;Araçagi;Nordeste
25;Paraíba; PB;2500908;250090;Arara;Nordeste
25;Paraíba; PB;2501005;250100;Araruna;Nordeste
25;Paraíba; PB;2501104;250110;Areia;Nordeste
25;Paraíba; PB;2501153;250115;Areia de Baraúnas;Nordeste
25;Paraíba; PB;2501203;250120;Areial;Nordeste
25;Paraíba; PB;2501302;250130;Aroeiras;Nordeste
25;Paraíba; PB;2501351;250135;Assunção;Nordeste
25;Paraíba; PB;2501401;250140;Baía da Traição;Nordeste
25;Paraíba; PB;2501500;250150;Bananeiras;Nordeste
25;Paraíba; PB;2501534;250153;Baraúna;Nordeste
25;Paraíba; PB;2501575;250157;Barra de Santana;Nordeste
25;Paraíba; PB;2501609;250160;Barra de Santa Rosa;Nordeste
25;Paraíba; PB;2501708;250170;Barra de São Miguel;Nordeste
25;Paraíba; PB;2501807;250180;Bayeux;Nordeste
25;Paraíba; PB;2501906;250190;Belém;Nordeste
25;Paraíba; PB;2502003;250200;Belém do Brejo do Cruz;Nordeste
25;Paraíba; PB;2502052;250205;Bernardino Batista;Nordeste
25;Paraíba; PB;2502102;250210;Boa Ventura;Nordeste
25;Paraíba; PB;2502151;250215;Boa Vista;Nordeste
25;Paraíba; PB;2502201;250220;Bom Jesus;Nordeste
25;Paraíba; PB;2502300;250230;Bom Sucesso;Nordeste
25;Paraíba; PB;2502409;250240;Bonito de Santa Fé;Nordeste
25;Paraíba; PB;2502508;250250;Boqueirão;Nordeste
25;Paraíba; PB;2502607;250260;Igaracy;Nordeste
25;Paraíba; PB;2502706;250270;Borborema;Nordeste
25;Paraíba; PB;2502805;250280;Brejo do Cruz;Nordeste
25;Paraíba; PB;2502904;250290;Brejo dos Santos;Nordeste
25;Paraíba; PB;2503001;250300;Caaporã;Nordeste
25;Paraíba; PB;2503100;250310;Cabaceiras;Nordeste
25;Paraíba; PB;2503209;250320;Cabedelo;Nordeste
25;Paraíba; PB;2503308;250330;Cachoeira dos Índios;Nordeste
25;Paraíba; PB;2503407;250340;Cacimba de Areia;Nordeste
25;Paraíba; PB;2503506;250350;Cacimba de dentro;Nordeste
25;Paraíba; PB;2503555;250355;Cacimbas;Nordeste
25;Paraíba; PB;2503605;250360;Caiçara;Nordeste
25;Paraíba; PB;2503704;250370;Cajazeiras;Nordeste
25;Paraíba; PB;2503753;250375;Cajazeirinhas;Nordeste
25;Paraíba; PB;2503803;250380;Caldas Brandão;Nordeste
25;Paraíba; PB;2503902;250390;Camalaú;Nordeste
25;Paraíba; PB;2504009;250400;Campina Grande;Nordeste
25;Paraíba; PB;2504033;250403;Capim;Nordeste
25;Paraíba; PB;2504074;250407;Caraúbas;Nordeste
25;Paraíba; PB;2504108;250410;Carrapateira;Nordeste
25;Paraíba; PB;2504157;250415;Casserengue;Nordeste
25;Paraíba; PB;2504207;250420;Catingueira;Nordeste
25;Paraíba; PB;2504306;250430;Catolé do Rocha;Nordeste
25;Paraíba; PB;2504355;250435;Caturité;Nordeste
25;Paraíba; PB;2504405;250440;Conceição;Nordeste
25;Paraíba; PB;2504504;250450;Condado;Nordeste
25;Paraíba; PB;2504603;250460;Conde;Nordeste
25;Paraíba; PB;2504702;250470;Congo;Nordeste
25;Paraíba; PB;2504801;250480;Coremas;Nordeste
25;Paraíba; PB;2504850;250485;Coxixola;Nordeste
25;Paraíba; PB;2504900;250490;Cruz do Espírito Santo;Nordeste
25;Paraíba; PB;2505006;250500;Cubati;Nordeste
25;Paraíba; PB;2505105;250510;Cuité;Nordeste
25;Paraíba; PB;2505204;250520;Cuitegi;Nordeste
25;Paraíba; PB;2505238;250523;Cuité de Mamanguape;Nordeste
25;Paraíba; PB;2505279;250527;Curral de Cima;Nordeste
25;Paraíba; PB;2505303;250530;Curral Velho;Nordeste
25;Paraíba; PB;2505352;250535;damião;Nordeste
25;Paraíba; PB;2505402;250540;desterro;Nordeste
25;Paraíba; PB;2505501;250550;Vista Serrana;Nordeste
25;Paraíba; PB;2505600;250560;Diamante;Nordeste
25;Paraíba; PB;2505709;250570;dona Inês;Nordeste
25;Paraíba; PB;2505808;250580;Duas Estradas;Nordeste
25;Paraíba; PB;2505907;250590;Emas;Nordeste
25;Paraíba; PB;2506004;250600;Esperança;Nordeste
25;Paraíba; PB;2506103;250610;Fagundes;Nordeste
25;Paraíba; PB;2506202;250620;Frei Martinho;Nordeste
25;Paraíba; PB;2506251;250625;Gado Bravo;Nordeste
25;Paraíba; PB;2506301;250630;Guarabira;Nordeste
25;Paraíba; PB;2506400;250640;Gurinhém;Nordeste
25;Paraíba; PB;2506509;250650;Gurjão;Nordeste
25;Paraíba; PB;2506608;250660;Ibiara;Nordeste
25;Paraíba; PB;2506707;250670;Imaculada;Nordeste
25;Paraíba; PB;2506806;250680;Ingá;Nordeste
25;Paraíba; PB;2506905;250690;Itabaiana;Nordeste
25;Paraíba; PB;2507002;250700;Itaporanga;Nordeste
25;Paraíba; PB;2507101;250710;Itapororoca;Nordeste
25;Paraíba; PB;2507200;250720;Itatuba;Nordeste
25;Paraíba; PB;2507309;250730;Jacaraú;Nordeste
25;Paraíba; PB;2507408;250740;Jericó;Nordeste
25;Paraíba; PB;2507507;250750;João Pessoa;Nordeste
25;Paraíba; PB;2507606;250760;Juarez Távora;Nordeste
25;Paraíba; PB;2507705;250770;Juazeirinho;Nordeste
25;Paraíba; PB;2507804;250780;Junco do Seridó;Nordeste
25;Paraíba; PB;2507903;250790;Juripiranga;Nordeste
25;Paraíba; PB;2508000;250800;Juru;Nordeste
25;Paraíba; PB;2508109;250810;Lagoa;Nordeste
25;Paraíba; PB;2508208;250820;Lagoa de dentro;Nordeste
25;Paraíba; PB;2508307;250830;Lagoa Seca;Nordeste
25;Paraíba; PB;2508406;250840;Lastro;Nordeste
25;Paraíba; PB;2508505;250850;Livramento;Nordeste
25;Paraíba; PB;2508554;250855;Logradouro;Nordeste
25;Paraíba; PB;2508604;250860;Lucena;Nordeste
25;Paraíba; PB;2508703;250870;Mãe D'água;Nordeste
25;Paraíba; PB;2508802;250880;Malta;Nordeste
25;Paraíba; PB;2508901;250890;Mamanguape;Nordeste
25;Paraíba; PB;2509008;250900;Manaíra;Nordeste
25;Paraíba; PB;2509057;250905;Marcação;Nordeste
25;Paraíba; PB;2509107;250910;Mari;Nordeste
25;Paraíba; PB;2509156;250915;Marizópolis;Nordeste
25;Paraíba; PB;2509206;250920;Massaranduba;Nordeste
25;Paraíba; PB;2509305;250930;Mataraca;Nordeste
25;Paraíba; PB;2509339;250933;Matinhas;Nordeste
25;Paraíba; PB;2509370;250937;Mato Grosso;Nordeste
25;Paraíba; PB;2509396;250939;Maturéia;Nordeste
25;Paraíba; PB;2509404;250940;Mogeiro;Nordeste
25;Paraíba; PB;2509503;250950;Montadas;Nordeste
25;Paraíba; PB;2509602;250960;Monte Horebe;Nordeste
25;Paraíba; PB;2509701;250970;Monteiro;Nordeste
25;Paraíba; PB;2509800;250980;Mulungu;Nordeste
25;Paraíba; PB;2509909;250990;Natuba;Nordeste
25;Paraíba; PB;2510006;251000;Nazarezinho;Nordeste
25;Paraíba; PB;2510105;251010;Nova Floresta;Nordeste
25;Paraíba; PB;2510204;251020;Nova Olinda;Nordeste
25;Paraíba; PB;2510303;251030;Nova Palmeira;Nordeste
25;Paraíba; PB;2510402;251040;Olho D'água;Nordeste
25;Paraíba; PB;2510501;251050;Olivedos;Nordeste
25;Paraíba; PB;2510600;251060;Ouro Velho;Nordeste
25;Paraíba; PB;2510659;251065;Parari;Nordeste
25;Paraíba; PB;2510709;251070;Passagem;Nordeste
25;Paraíba; PB;2510808;251080;Patos;Nordeste
25;Paraíba; PB;2510907;251090;Paulista;Nordeste
25;Paraíba; PB;2511004;251100;Pedra Branca;Nordeste
25;Paraíba; PB;2511103;251110;Pedra Lavrada;Nordeste
25;Paraíba; PB;2511202;251120;Pedras de Fogo;Nordeste
25;Paraíba; PB;2511301;251130;Piancó;Nordeste
25;Paraíba; PB;2511400;251140;Picuí;Nordeste
25;Paraíba; PB;2511509;251150;Pilar;Nordeste
25;Paraíba; PB;2511608;251160;Pilões;Nordeste
25;Paraíba; PB;2511707;251170;Pilõezinhos;Nordeste
25;Paraíba; PB;2511806;251180;Pirpirituba;Nordeste
25;Paraíba; PB;2511905;251190;Pitimbu;Nordeste
25;Paraíba; PB;2512002;251200;Pocinhos;Nordeste
25;Paraíba; PB;2512036;251203;Poço dantas;Nordeste
25;Paraíba; PB;2512077;251207;Poço de José de Moura;Nordeste
25;Paraíba; PB;2512101;251210;Pombal;Nordeste
25;Paraíba; PB;2512200;251220;Prata;Nordeste
25;Paraíba; PB;2512309;251230;Princesa Isabel;Nordeste
25;Paraíba; PB;2512408;251240;Puxinanã;Nordeste
25;Paraíba; PB;2512507;251250;Queimadas;Nordeste
25;Paraíba; PB;2512606;251260;Quixaba;Nordeste
25;Paraíba; PB;2512705;251270;Remígio;Nordeste
25;Paraíba; PB;2512721;251272;Pedro Régis;Nordeste
25;Paraíba; PB;2512747;251274;Riachão;Nordeste
25;Paraíba; PB;2512754;251275;Riachão do Bacamarte;Nordeste
25;Paraíba; PB;2512762;251276;Riachão do Poço;Nordeste
25;Paraíba; PB;2512788;251278;Riacho de Santo Antônio;Nordeste
25;Paraíba; PB;2512804;251280;Riacho dos Cavalos;Nordeste
25;Paraíba; PB;2512903;251290;Rio Tinto;Nordeste
25;Paraíba; PB;2513000;251300;Salgadinho;Nordeste
25;Paraíba; PB;2513109;251310;Salgado de São Félix;Nordeste
25;Paraíba; PB;2513158;251315;Santa Cecília;Nordeste
25;Paraíba; PB;2513208;251320;Santa Cruz;Nordeste
25;Paraíba; PB;2513307;251330;Santa Helena;Nordeste
25;Paraíba; PB;2513356;251335;Santa Inês;Nordeste
25;Paraíba; PB;2513406;251340;Santa Luzia;Nordeste
25;Paraíba; PB;2513505;251350;Santana de Mangueira;Nordeste
25;Paraíba; PB;2513604;251360;Santana dos Garrotes;Nordeste
25;Paraíba; PB;2513653;251365;Joca Claudino;Nordeste
25;Paraíba; PB;2513703;251370;Santa Rita;Nordeste
25;Paraíba; PB;2513802;251380;Santa Teresinha;Nordeste
25;Paraíba; PB;2513851;251385;Santo André;Nordeste
25;Paraíba; PB;2513901;251390;São Bento;Nordeste
25;Paraíba; PB;2513927;251392;São Bentinho;Nordeste
25;Paraíba; PB;2513943;251394;São domingos do Cariri;Nordeste
25;Paraíba; PB;2513968;251396;São domingos;Nordeste
25;Paraíba; PB;2513984;251398;São Francisco;Nordeste
25;Paraíba; PB;2514008;251400;São João do Cariri;Nordeste
25;Paraíba; PB;2514107;251410;São João do Tigre;Nordeste
25;Paraíba; PB;2514206;251420;São José da Lagoa Tapada;Nordeste
25;Paraíba; PB;2514305;251430;São José de Caiana;Nordeste
25;Paraíba; PB;2514404;251440;São José de Espinharas;Nordeste
25;Paraíba; PB;2514453;251445;São José dos Ramos;Nordeste
25;Paraíba; PB;2514503;251450;São José de Piranhas;Nordeste
25;Paraíba; PB;2514552;251455;São José de Princesa;Nordeste
25;Paraíba; PB;2514602;251460;São José do Bonfim;Nordeste
25;Paraíba; PB;2514651;251465;São José do Brejo do Cruz;Nordeste
25;Paraíba; PB;2514701;251470;São José do Sabugi;Nordeste
25;Paraíba; PB;2514800;251480;São José dos Cordeiros;Nordeste
25;Paraíba; PB;2514909;251490;São Mamede;Nordeste
25;Paraíba; PB;2515005;251500;São Miguel de Taipu;Nordeste
25;Paraíba; PB;2515104;251510;São Sebastião de Lagoa de Roça;Nordeste
25;Paraíba; PB;2515203;251520;São Sebastião do Umbuzeiro;Nordeste
25;Paraíba; PB;2515302;251530;Sapé;Nordeste
25;Paraíba; PB;2515401;251540;São Vicente do Seridó;Nordeste
25;Paraíba; PB;2515500;251550;Serra Branca;Nordeste
25;Paraíba; PB;2515609;251560;Serra da Raiz;Nordeste
25;Paraíba; PB;2515708;251570;Serra Grande;Nordeste
25;Paraíba; PB;2515807;251580;Serra Redonda;Nordeste
25;Paraíba; PB;2515906;251590;Serraria;Nordeste
25;Paraíba; PB;2515930;251593;Sertãozinho;Nordeste
25;Paraíba; PB;2515971;251597;Sobrado;Nordeste
25;Paraíba; PB;2516003;251600;Solânea;Nordeste
25;Paraíba; PB;2516102;251610;Soledade;Nordeste
25;Paraíba; PB;2516151;251615;Sossêgo;Nordeste
25;Paraíba; PB;2516201;251620;Sousa;Nordeste
25;Paraíba; PB;2516300;251630;Sumé;Nordeste
25;Paraíba; PB;2516409;251640;Tacima;Nordeste
25;Paraíba; PB;2516508;251650;Taperoá;Nordeste
25;Paraíba; PB;2516607;251660;Tavares;Nordeste
25;Paraíba; PB;2516706;251670;Teixeira;Nordeste
25;Paraíba; PB;2516755;251675;Tenório;Nordeste
25;Paraíba; PB;2516805;251680;Triunfo;Nordeste
25;Paraíba; PB;2516904;251690;Uiraúna;Nordeste
25;Paraíba; PB;2517001;251700;Umbuzeiro;Nordeste
25;Paraíba; PB;2517100;251710;Várzea;Nordeste
25;Paraíba; PB;2517209;251720;Vieirópolis;Nordeste
25;Paraíba; PB;2517407;251740;Zabelê;Nordeste
26;Pernambuco; PE;2600054;260005;Abreu E Lima;Nordeste
26;Pernambuco; PE;2600104;260010;Afogados da Ingazeira;Nordeste
26;Pernambuco; PE;2600203;260020;Afrânio;Nordeste
26;Pernambuco; PE;2600302;260030;Agrestina;Nordeste
26;Pernambuco; PE;2600401;260040;Água Preta;Nordeste
26;Pernambuco; PE;2600500;260050;Águas Belas;Nordeste
26;Pernambuco; PE;2600609;260060;Alagoinha;Nordeste
26;Pernambuco; PE;2600708;260070;Aliança;Nordeste
26;Pernambuco; PE;2600807;260080;Altinho;Nordeste
26;Pernambuco; PE;2600906;260090;Amaraji;Nordeste
26;Pernambuco; PE;2601003;260100;Angelim;Nordeste
26;Pernambuco; PE;2601052;260105;Araçoiaba;Nordeste
26;Pernambuco; PE;2601102;260110;Araripina;Nordeste
26;Pernambuco; PE;2601201;260120;Arcoverde;Nordeste
26;Pernambuco; PE;2601300;260130;Barra de Guabiraba;Nordeste
26;Pernambuco; PE;2601409;260140;Barreiros;Nordeste
26;Pernambuco; PE;2601508;260150;Belém de Maria;Nordeste
26;Pernambuco; PE;2601607;260160;Belém do São Francisco;Nordeste
26;Pernambuco; PE;2601706;260170;Belo Jardim;Nordeste
26;Pernambuco; PE;2601805;260180;Betânia;Nordeste
26;Pernambuco; PE;2601904;260190;Bezerros;Nordeste
26;Pernambuco; PE;2602001;260200;Bodocó;Nordeste
26;Pernambuco; PE;2602100;260210;Bom Conselho;Nordeste
26;Pernambuco; PE;2602209;260220;Bom Jardim;Nordeste
26;Pernambuco; PE;2602308;260230;Bonito;Nordeste
26;Pernambuco; PE;2602407;260240;Brejão;Nordeste
26;Pernambuco; PE;2602506;260250;Brejinho;Nordeste
26;Pernambuco; PE;2602605;260260;Brejo da Madre de deus;Nordeste
26;Pernambuco; PE;2602704;260270;Buenos Aires;Nordeste
26;Pernambuco; PE;2602803;260280;Buíque;Nordeste
26;Pernambuco; PE;2602902;260290;Cabo de Santo Agostinho;Nordeste
26;Pernambuco; PE;2603009;260300;Cabrobó;Nordeste
26;Pernambuco; PE;2603108;260310;Cachoeirinha;Nordeste
26;Pernambuco; PE;2603207;260320;Caetés;Nordeste
26;Pernambuco; PE;2603306;260330;Calçado;Nordeste
26;Pernambuco; PE;2603405;260340;Calumbi;Nordeste
26;Pernambuco; PE;2603454;260345;Camaragibe;Nordeste
26;Pernambuco; PE;2603504;260350;Camocim de São Félix;Nordeste
26;Pernambuco; PE;2603603;260360;Camutanga;Nordeste
26;Pernambuco; PE;2603702;260370;Canhotinho;Nordeste
26;Pernambuco; PE;2603801;260380;Capoeiras;Nordeste
26;Pernambuco; PE;2603900;260390;Carnaíba;Nordeste
26;Pernambuco; PE;2603926;260392;Carnaubeira da Penha;Nordeste
26;Pernambuco; PE;2604007;260400;Carpina;Nordeste
26;Pernambuco; PE;2604106;260410;Caruaru;Nordeste
26;Pernambuco; PE;2604155;260415;Casinhas;Nordeste
26;Pernambuco; PE;2604205;260420;Catende;Nordeste
26;Pernambuco; PE;2604304;260430;Cedro;Nordeste
26;Pernambuco; PE;2604403;260440;Chã de Alegria;Nordeste
26;Pernambuco; PE;2604502;260450;Chã Grande;Nordeste
26;Pernambuco; PE;2604601;260460;Condado;Nordeste
26;Pernambuco; PE;2604700;260470;Correntes;Nordeste
26;Pernambuco; PE;2604809;260480;Cortês;Nordeste
26;Pernambuco; PE;2604908;260490;Cumaru;Nordeste
26;Pernambuco; PE;2605004;260500;Cupira;Nordeste
26;Pernambuco; PE;2605103;260510;Custódia;Nordeste
26;Pernambuco; PE;2605152;260515;dormentes;Nordeste
26;Pernambuco; PE;2605202;260520;Escada;Nordeste
26;Pernambuco; PE;2605301;260530;Exu;Nordeste
26;Pernambuco; PE;2605400;260540;Feira Nova;Nordeste
26;Pernambuco; PE;2605459;260545;Fernando de Noronha;Nordeste
26;Pernambuco; PE;2605509;260550;Ferreiros;Nordeste
26;Pernambuco; PE;2605608;260560;Flores;Nordeste
26;Pernambuco; PE;2605707;260570;Floresta;Nordeste
26;Pernambuco; PE;2605806;260580;Frei Miguelinho;Nordeste
26;Pernambuco; PE;2605905;260590;Gameleira;Nordeste
26;Pernambuco; PE;2606002;260600;Garanhuns;Nordeste
26;Pernambuco; PE;2606101;260610;Glória do Goitá;Nordeste
26;Pernambuco; PE;2606200;260620;Goiana;Nordeste
26;Pernambuco; PE;2606309;260630;Granito;Nordeste
26;Pernambuco; PE;2606408;260640;Gravatá;Nordeste
26;Pernambuco; PE;2606507;260650;Iati;Nordeste
26;Pernambuco; PE;2606606;260660;Ibimirim;Nordeste
26;Pernambuco; PE;2606705;260670;Ibirajuba;Nordeste
26;Pernambuco; PE;2606804;260680;Igarassu;Nordeste
26;Pernambuco; PE;2606903;260690;Iguaracy;Nordeste
26;Pernambuco; PE;2607000;260700;Inajá;Nordeste
26;Pernambuco; PE;2607109;260710;Ingazeira;Nordeste
26;Pernambuco; PE;2607208;260720;Ipojuca;Nordeste
26;Pernambuco; PE;2607307;260730;Ipubi;Nordeste
26;Pernambuco; PE;2607406;260740;Itacuruba;Nordeste
26;Pernambuco; PE;2607505;260750;Itaíba;Nordeste
26;Pernambuco; PE;2607604;260760;Ilha de Itamaracá;Nordeste
26;Pernambuco; PE;2607653;260765;Itambé;Nordeste
26;Pernambuco; PE;2607703;260770;Itapetim;Nordeste
26;Pernambuco; PE;2607752;260775;Itapissuma;Nordeste
26;Pernambuco; PE;2607802;260780;Itaquitinga;Nordeste
26;Pernambuco; PE;2607901;260790;Jaboatão dos Guararapes;Nordeste
26;Pernambuco; PE;2607950;260795;Jaqueira;Nordeste
26;Pernambuco; PE;2608008;260800;Jataúba;Nordeste
26;Pernambuco; PE;2608057;260805;Jatobá;Nordeste
26;Pernambuco; PE;2608107;260810;João Alfredo;Nordeste
26;Pernambuco; PE;2608206;260820;Joaquim Nabuco;Nordeste
26;Pernambuco; PE;2608255;260825;Jucati;Nordeste
26;Pernambuco; PE;2608305;260830;Jupi;Nordeste
26;Pernambuco; PE;2608404;260840;Jurema;Nordeste
26;Pernambuco; PE;2608453;260845;Lagoa do Carro;Nordeste
26;Pernambuco; PE;2608503;260850;Lagoa de Itaenga;Nordeste
26;Pernambuco; PE;2608602;260860;Lagoa do Ouro;Nordeste
26;Pernambuco; PE;2608701;260870;Lagoa dos Gatos;Nordeste
26;Pernambuco; PE;2608750;260875;Lagoa Grande;Nordeste
26;Pernambuco; PE;2608800;260880;Lajedo;Nordeste
26;Pernambuco; PE;2608909;260890;Limoeiro;Nordeste
26;Pernambuco; PE;2609006;260900;Macaparana;Nordeste
26;Pernambuco; PE;2609105;260910;Machados;Nordeste
26;Pernambuco; PE;2609154;260915;Manari;Nordeste
26;Pernambuco; PE;2609204;260920;Maraial;Nordeste
26;Pernambuco; PE;2609303;260930;Mirandiba;Nordeste
26;Pernambuco; PE;2609402;260940;Moreno;Nordeste
26;Pernambuco; PE;2609501;260950;Nazaré da Mata;Nordeste
26;Pernambuco; PE;2609600;260960;Olinda;Nordeste
26;Pernambuco; PE;2609709;260970;Orobó;Nordeste
26;Pernambuco; PE;2609808;260980;Orocó;Nordeste
26;Pernambuco; PE;2609907;260990;Ouricuri;Nordeste
26;Pernambuco; PE;2610004;261000;Palmares;Nordeste
26;Pernambuco; PE;2610103;261010;Palmeirina;Nordeste
26;Pernambuco; PE;2610202;261020;Panelas;Nordeste
26;Pernambuco; PE;2610301;261030;Paranatama;Nordeste
26;Pernambuco; PE;2610400;261040;Parnamirim;Nordeste
26;Pernambuco; PE;2610509;261050;Passira;Nordeste
26;Pernambuco; PE;2610608;261060;Paudalho;Nordeste
26;Pernambuco; PE;2610707;261070;Paulista;Nordeste
26;Pernambuco; PE;2610806;261080;Pedra;Nordeste
26;Pernambuco; PE;2610905;261090;Pesqueira;Nordeste
26;Pernambuco; PE;2611002;261100;Petrolândia;Nordeste
26;Pernambuco; PE;2611101;261110;Petrolina;Nordeste
26;Pernambuco; PE;2611200;261120;Poção;Nordeste
26;Pernambuco; PE;2611309;261130;Pombos;Nordeste
26;Pernambuco; PE;2611408;261140;Primavera;Nordeste
26;Pernambuco; PE;2611507;261150;Quipapá;Nordeste
26;Pernambuco; PE;2611533;261153;Quixaba;Nordeste
26;Pernambuco; PE;2611606;261160;Recife;Nordeste
26;Pernambuco; PE;2611705;261170;Riacho das Almas;Nordeste
26;Pernambuco; PE;2611804;261180;Ribeirão;Nordeste
26;Pernambuco; PE;2611903;261190;Rio Formoso;Nordeste
26;Pernambuco; PE;2612000;261200;Sairé;Nordeste
26;Pernambuco; PE;2612109;261210;Salgadinho;Nordeste
26;Pernambuco; PE;2612208;261220;Salgueiro;Nordeste
26;Pernambuco; PE;2612307;261230;Saloá;Nordeste
26;Pernambuco; PE;2612406;261240;Sanharó;Nordeste
26;Pernambuco; PE;2612455;261245;Santa Cruz;Nordeste
26;Pernambuco; PE;2612471;261247;Santa Cruz da Baixa Verde;Nordeste
26;Pernambuco; PE;2612505;261250;Santa Cruz do Capibaribe;Nordeste
26;Pernambuco; PE;2612554;261255;Santa Filomena;Nordeste
26;Pernambuco; PE;2612604;261260;Santa Maria da Boa Vista;Nordeste
26;Pernambuco; PE;2612703;261270;Santa Maria do Cambucá;Nordeste
26;Pernambuco; PE;2612802;261280;Santa Terezinha;Nordeste
26;Pernambuco; PE;2612901;261290;São Benedito do Sul;Nordeste
26;Pernambuco; PE;2613008;261300;São Bento do Una;Nordeste
26;Pernambuco; PE;2613107;261310;São Caitano;Nordeste
26;Pernambuco; PE;2613206;261320;São João;Nordeste
26;Pernambuco; PE;2613305;261330;São Joaquim do Monte;Nordeste
26;Pernambuco; PE;2613404;261340;São José da Coroa Grande;Nordeste
26;Pernambuco; PE;2613503;261350;São José do Belmonte;Nordeste
26;Pernambuco; PE;2613602;261360;São José do Egito;Nordeste
26;Pernambuco; PE;2613701;261370;São Lourenço da Mata;Nordeste
26;Pernambuco; PE;2613800;261380;São Vicente Ferrer;Nordeste
26;Pernambuco; PE;2613909;261390;Serra Talhada;Nordeste
26;Pernambuco; PE;2614006;261400;Serrita;Nordeste
26;Pernambuco; PE;2614105;261410;Sertânia;Nordeste
26;Pernambuco; PE;2614204;261420;Sirinhaém;Nordeste
26;Pernambuco; PE;2614303;261430;Moreilândia;Nordeste
26;Pernambuco; PE;2614402;261440;Solidão;Nordeste
26;Pernambuco; PE;2614501;261450;Surubim;Nordeste
26;Pernambuco; PE;2614600;261460;Tabira;Nordeste
26;Pernambuco; PE;2614709;261470;Tacaimbó;Nordeste
26;Pernambuco; PE;2614808;261480;Tacaratu;Nordeste
26;Pernambuco; PE;2614857;261485;Tamandaré;Nordeste
26;Pernambuco; PE;2615003;261500;Taquaritinga do Norte;Nordeste
26;Pernambuco; PE;2615102;261510;Terezinha;Nordeste
26;Pernambuco; PE;2615201;261520;Terra Nova;Nordeste
26;Pernambuco; PE;2615300;261530;Timbaúba;Nordeste
26;Pernambuco; PE;2615409;261540;Toritama;Nordeste
26;Pernambuco; PE;2615508;261550;Tracunhaém;Nordeste
26;Pernambuco; PE;2615607;261560;Trindade;Nordeste
26;Pernambuco; PE;2615706;261570;Triunfo;Nordeste
26;Pernambuco; PE;2615805;261580;Tupanatinga;Nordeste
26;Pernambuco; PE;2615904;261590;Tuparetama;Nordeste
26;Pernambuco; PE;2616001;261600;Venturosa;Nordeste
26;Pernambuco; PE;2616100;261610;Verdejante;Nordeste
26;Pernambuco; PE;2616183;261618;Vertente do Lério;Nordeste
26;Pernambuco; PE;2616209;261620;Vertentes;Nordeste
26;Pernambuco; PE;2616308;261630;Vicência;Nordeste
26;Pernambuco; PE;2616407;261640;Vitória de Santo Antão;Nordeste
26;Pernambuco; PE;2616506;261650;Xexéu;Nordeste
27;Alagoas; AL;2700102;270010;Água Branca;Nordeste
27;Alagoas; AL;2700201;270020;Anadia;Nordeste
27;Alagoas; AL;2700300;270030;Arapiraca;Nordeste
27;Alagoas; AL;2700409;270040;Atalaia;Nordeste
27;Alagoas; AL;2700508;270050;Barra de Santo Antônio;Nordeste
27;Alagoas; AL;2700607;270060;Barra de São Miguel;Nordeste
27;Alagoas; AL;2700706;270070;Batalha;Nordeste
27;Alagoas; AL;2700805;270080;Belém;Nordeste
27;Alagoas; AL;2700904;270090;Belo Monte;Nordeste
27;Alagoas; AL;2701001;270100;Boca da Mata;Nordeste
27;Alagoas; AL;2701100;270110;Branquinha;Nordeste
27;Alagoas; AL;2701209;270120;Cacimbinhas;Nordeste
27;Alagoas; AL;2701308;270130;Cajueiro;Nordeste
27;Alagoas; AL;2701357;270135;Campestre;Nordeste
27;Alagoas; AL;2701407;270140;Campo Alegre;Nordeste
27;Alagoas; AL;2701506;270150;Campo Grande;Nordeste
27;Alagoas; AL;2701605;270160;Canapi;Nordeste
27;Alagoas; AL;2701704;270170;Capela;Nordeste
27;Alagoas; AL;2701803;270180;Carneiros;Nordeste
27;Alagoas; AL;2701902;270190;Chã Preta;Nordeste
27;Alagoas; AL;2702009;270200;Coité do Nóia;Nordeste
27;Alagoas; AL;2702108;270210;Colônia Leopoldina;Nordeste
27;Alagoas; AL;2702207;270220;Coqueiro Seco;Nordeste
27;Alagoas; AL;2702306;270230;Coruripe;Nordeste
27;Alagoas; AL;2702355;270235;Craíbas;Nordeste
27;Alagoas; AL;2702405;270240;delmiro Gouveia;Nordeste
27;Alagoas; AL;2702504;270250;dois Riachos;Nordeste
27;Alagoas; AL;2702553;270255;Estrela de Alagoas;Nordeste
27;Alagoas; AL;2702603;270260;Feira Grande;Nordeste
27;Alagoas; AL;2702702;270270;Feliz deserto;Nordeste
27;Alagoas; AL;2702801;270280;Flexeiras;Nordeste
27;Alagoas; AL;2702900;270290;Girau do Ponciano;Nordeste
27;Alagoas; AL;2703007;270300;Ibateguara;Nordeste
27;Alagoas; AL;2703106;270310;Igaci;Nordeste
27;Alagoas; AL;2703205;270320;Igreja Nova;Nordeste
27;Alagoas; AL;2703304;270330;Inhapi;Nordeste
27;Alagoas; AL;2703403;270340;Jacaré dos Homens;Nordeste
27;Alagoas; AL;2703502;270350;Jacuípe;Nordeste
27;Alagoas; AL;2703601;270360;Japaratinga;Nordeste
27;Alagoas; AL;2703700;270370;Jaramataia;Nordeste
27;Alagoas; AL;2703759;270375;Jequiá da Praia;Nordeste
27;Alagoas; AL;2703809;270380;Joaquim Gomes;Nordeste
27;Alagoas; AL;2703908;270390;Jundiá;Nordeste
27;Alagoas; AL;2704005;270400;Junqueiro;Nordeste
27;Alagoas; AL;2704104;270410;Lagoa da Canoa;Nordeste
27;Alagoas; AL;2704203;270420;Limoeiro de Anadia;Nordeste
27;Alagoas; AL;2704302;270430;Maceió;Nordeste
27;Alagoas; AL;2704401;270440;Major Isidoro;Nordeste
27;Alagoas; AL;2704500;270450;Maragogi;Nordeste
27;Alagoas; AL;2704609;270460;Maravilha;Nordeste
27;Alagoas; AL;2704708;270470;Marechal deodoro;Nordeste
27;Alagoas; AL;2704807;270480;Maribondo;Nordeste
27;Alagoas; AL;2704906;270490;Mar Vermelho;Nordeste
27;Alagoas; AL;2705002;270500;Mata Grande;Nordeste
27;Alagoas; AL;2705101;270510;Matriz de Camaragibe;Nordeste
27;Alagoas; AL;2705200;270520;Messias;Nordeste
27;Alagoas; AL;2705309;270530;Minador do Negrão;Nordeste
27;Alagoas; AL;2705408;270540;Monteirópolis;Nordeste
27;Alagoas; AL;2705507;270550;Murici;Nordeste
27;Alagoas; AL;2705606;270560;Novo Lino;Nordeste
27;Alagoas; AL;2705705;270570;Olho D'água das Flores;Nordeste
27;Alagoas; AL;2705804;270580;Olho D'água do Casado;Nordeste
27;Alagoas; AL;2705903;270590;Olho D'água Grande;Nordeste
27;Alagoas; AL;2706000;270600;Olivença;Nordeste
27;Alagoas; AL;2706109;270610;Ouro Branco;Nordeste
27;Alagoas; AL;2706208;270620;Palestina;Nordeste
27;Alagoas; AL;2706307;270630;Palmeira dos Índios;Nordeste
27;Alagoas; AL;2706406;270640;Pão de Açúcar;Nordeste
27;Alagoas; AL;2706422;270642;Pariconha;Nordeste
27;Alagoas; AL;2706448;270644;Paripueira;Nordeste
27;Alagoas; AL;2706505;270650;Passo de Camaragibe;Nordeste
27;Alagoas; AL;2706604;270660;Paulo Jacinto;Nordeste
27;Alagoas; AL;2706703;270670;Penedo;Nordeste
27;Alagoas; AL;2706802;270680;Piaçabuçu;Nordeste
27;Alagoas; AL;2706901;270690;Pilar;Nordeste
27;Alagoas; AL;2707008;270700;Pindoba;Nordeste
27;Alagoas; AL;2707107;270710;Piranhas;Nordeste
27;Alagoas; AL;2707206;270720;Poço das Trincheiras;Nordeste
27;Alagoas; AL;2707305;270730;Porto Calvo;Nordeste
27;Alagoas; AL;2707404;270740;Porto de Pedras;Nordeste
27;Alagoas; AL;2707503;270750;Porto Real do Colégio;Nordeste
27;Alagoas; AL;2707602;270760;Quebrangulo;Nordeste
27;Alagoas; AL;2707701;270770;Rio Largo;Nordeste
27;Alagoas; AL;2707800;270780;Roteiro;Nordeste
27;Alagoas; AL;2707909;270790;Santa Luzia do Norte;Nordeste
27;Alagoas; AL;2708006;270800;Santana do Ipanema;Nordeste
27;Alagoas; AL;2708105;270810;Santana do Mundaú;Nordeste
27;Alagoas; AL;2708204;270820;São Brás;Nordeste
27;Alagoas; AL;2708303;270830;São José da Laje;Nordeste
27;Alagoas; AL;2708402;270840;São José da Tapera;Nordeste
27;Alagoas; AL;2708501;270850;São Luís do Quitunde;Nordeste
27;Alagoas; AL;2708600;270860;São Miguel dos Campos;Nordeste
27;Alagoas; AL;2708709;270870;São Miguel dos Milagres;Nordeste
27;Alagoas; AL;2708808;270880;São Sebastião;Nordeste
27;Alagoas; AL;2708907;270890;Satuba;Nordeste
27;Alagoas; AL;2708956;270895;Senador Rui Palmeira;Nordeste
27;Alagoas; AL;2709004;270900;Tanque D'arca;Nordeste
27;Alagoas; AL;2709103;270910;Taquarana;Nordeste
27;Alagoas; AL;2709152;270915;Teotônio Vilela;Nordeste
27;Alagoas; AL;2709202;270920;Traipu;Nordeste
27;Alagoas; AL;2709301;270930;União dos Palmares;Nordeste
27;Alagoas; AL;2709400;270940;Viçosa;Nordeste
28;Sergipe; SE;2800100;280010;Amparo de São Francisco;Nordeste
28;Sergipe; SE;2800209;280020;Aquidabã;Nordeste
28;Sergipe; SE;2800308;280030;Aracaju;Nordeste
28;Sergipe; SE;2800407;280040;Arauá;Nordeste
28;Sergipe; SE;2800506;280050;Areia Branca;Nordeste
28;Sergipe; SE;2800605;280060;Barra dos Coqueiros;Nordeste
28;Sergipe; SE;2800670;280067;Boquim;Nordeste
28;Sergipe; SE;2800704;280070;Brejo Grande;Nordeste
28;Sergipe; SE;2801009;280100;Campo do Brito;Nordeste
28;Sergipe; SE;2801108;280110;Canhoba;Nordeste
28;Sergipe; SE;2801207;280120;Canindé de São Francisco;Nordeste
28;Sergipe; SE;2801306;280130;Capela;Nordeste
28;Sergipe; SE;2801405;280140;Carira;Nordeste
28;Sergipe; SE;2801504;280150;Carmópolis;Nordeste
28;Sergipe; SE;2801603;280160;Cedro de São João;Nordeste
28;Sergipe; SE;2801702;280170;Cristinápolis;Nordeste
28;Sergipe; SE;2801900;280190;Cumbe;Nordeste
28;Sergipe; SE;2802007;280200;Divina Pastora;Nordeste
28;Sergipe; SE;2802106;280210;Estância;Nordeste
28;Sergipe; SE;2802205;280220;Feira Nova;Nordeste
28;Sergipe; SE;2802304;280230;Frei Paulo;Nordeste
28;Sergipe; SE;2802403;280240;Gararu;Nordeste
28;Sergipe; SE;2802502;280250;General Maynard;Nordeste
28;Sergipe; SE;2802601;280260;Gracho Cardoso;Nordeste
28;Sergipe; SE;2802700;280270;Ilha das Flores;Nordeste
28;Sergipe; SE;2802809;280280;Indiaroba;Nordeste
28;Sergipe; SE;2802908;280290;Itabaiana;Nordeste
28;Sergipe; SE;2803005;280300;Itabaianinha;Nordeste
28;Sergipe; SE;2803104;280310;Itabi;Nordeste
28;Sergipe; SE;2803203;280320;Itaporanga D'ajuda;Nordeste
28;Sergipe; SE;2803302;280330;Japaratuba;Nordeste
28;Sergipe; SE;2803401;280340;Japoatã;Nordeste
28;Sergipe; SE;2803500;280350;Lagarto;Nordeste
28;Sergipe; SE;2803609;280360;Laranjeiras;Nordeste
28;Sergipe; SE;2803708;280370;Macambira;Nordeste
28;Sergipe; SE;2803807;280380;Malhada dos Bois;Nordeste
28;Sergipe; SE;2803906;280390;Malhador;Nordeste
28;Sergipe; SE;2804003;280400;Maruim;Nordeste
28;Sergipe; SE;2804102;280410;Moita Bonita;Nordeste
28;Sergipe; SE;2804201;280420;Monte Alegre de Sergipe;Nordeste
28;Sergipe; SE;2804300;280430;Muribeca;Nordeste
28;Sergipe; SE;2804409;280440;Neópolis;Nordeste
28;Sergipe; SE;2804458;280445;Nossa Senhora Aparecida;Nordeste
28;Sergipe; SE;2804508;280450;Nossa Senhora da Glória;Nordeste
28;Sergipe; SE;2804607;280460;Nossa Senhora das dores;Nordeste
28;Sergipe; SE;2804706;280470;Nossa Senhora de Lourdes;Nordeste
28;Sergipe; SE;2804805;280480;Nossa Senhora do Socorro;Nordeste
28;Sergipe; SE;2804904;280490;Pacatuba;Nordeste
28;Sergipe; SE;2805000;280500;Pedra Mole;Nordeste
28;Sergipe; SE;2805109;280510;Pedrinhas;Nordeste
28;Sergipe; SE;2805208;280520;Pinhão;Nordeste
28;Sergipe; SE;2805307;280530;Pirambu;Nordeste
28;Sergipe; SE;2805406;280540;Poço Redondo;Nordeste
28;Sergipe; SE;2805505;280550;Poço Verde;Nordeste
28;Sergipe; SE;2805604;280560;Porto da Folha;Nordeste
28;Sergipe; SE;2805703;280570;Propriá;Nordeste
28;Sergipe; SE;2805802;280580;Riachão do dantas;Nordeste
28;Sergipe; SE;2805901;280590;Riachuelo;Nordeste
28;Sergipe; SE;2806008;280600;Ribeirópolis;Nordeste
28;Sergipe; SE;2806107;280610;Rosário do Catete;Nordeste
28;Sergipe; SE;2806206;280620;Salgado;Nordeste
28;Sergipe; SE;2806305;280630;Santa Luzia do Itanhy;Nordeste
28;Sergipe; SE;2806404;280640;Santana do São Francisco;Nordeste
28;Sergipe; SE;2806503;280650;Santa Rosa de Lima;Nordeste
28;Sergipe; SE;2806602;280660;Santo Amaro das Brotas;Nordeste
28;Sergipe; SE;2806701;280670;São Cristóvão;Nordeste
28;Sergipe; SE;2806800;280680;São domingos;Nordeste
28;Sergipe; SE;2806909;280690;São Francisco;Nordeste
28;Sergipe; SE;2807006;280700;São Miguel do Aleixo;Nordeste
28;Sergipe; SE;2807105;280710;Simão Dias;Nordeste
28;Sergipe; SE;2807204;280720;Siriri;Nordeste
28;Sergipe; SE;2807303;280730;Telha;Nordeste
28;Sergipe; SE;2807402;280740;Tobias Barreto;Nordeste
28;Sergipe; SE;2807501;280750;Tomar do Geru;Nordeste
28;Sergipe; SE;2807600;280760;Umbaúba;Nordeste
29;Bahia; BA;2900108;290010;Abaíra;Nordeste
29;Bahia; BA;2900207;290020;Abaré;Nordeste
29;Bahia; BA;2900306;290030;Acajutiba;Nordeste
29;Bahia; BA;2900355;290035;Adustina;Nordeste
29;Bahia; BA;2900405;290040;Água Fria;Nordeste
29;Bahia; BA;2900504;290050;Érico Cardoso;Nordeste
29;Bahia; BA;2900603;290060;Aiquara;Nordeste
29;Bahia; BA;2900702;290070;Alagoinhas;Nordeste
29;Bahia; BA;2900801;290080;Alcobaça;Nordeste
29;Bahia; BA;2900900;290090;Almadina;Nordeste
29;Bahia; BA;2901007;290100;Amargosa;Nordeste
29;Bahia; BA;2901106;290110;Amélia Rodrigues;Nordeste
29;Bahia; BA;2901155;290115;América dourada;Nordeste
29;Bahia; BA;2901205;290120;Anagé;Nordeste
29;Bahia; BA;2901304;290130;Andaraí;Nordeste
29;Bahia; BA;2901353;290135;Andorinha;Nordeste
29;Bahia; BA;2901403;290140;Angical;Nordeste
29;Bahia; BA;2901502;290150;Anguera;Nordeste
29;Bahia; BA;2901601;290160;Antas;Nordeste
29;Bahia; BA;2901700;290170;Antônio Cardoso;Nordeste
29;Bahia; BA;2901809;290180;Antônio Gonçalves;Nordeste
29;Bahia; BA;2901908;290190;Aporá;Nordeste
29;Bahia; BA;2901957;290195;Apuarema;Nordeste
29;Bahia; BA;2902005;290200;Aracatu;Nordeste
29;Bahia; BA;2902054;290205;Araças;Nordeste
29;Bahia; BA;2902104;290210;Araci;Nordeste
29;Bahia; BA;2902203;290220;Aramari;Nordeste
29;Bahia; BA;2902252;290225;Arataca;Nordeste
29;Bahia; BA;2902302;290230;Aratuípe;Nordeste
29;Bahia; BA;2902401;290240;Aurelino Leal;Nordeste
29;Bahia; BA;2902500;290250;Baianópolis;Nordeste
29;Bahia; BA;2902609;290260;Baixa Grande;Nordeste
29;Bahia; BA;2902658;290265;Banzaê;Nordeste
29;Bahia; BA;2902708;290270;Barra;Nordeste
29;Bahia; BA;2902807;290280;Barra da Estiva;Nordeste
29;Bahia; BA;2902906;290290;Barra do Choça;Nordeste
29;Bahia; BA;2903003;290300;Barra do Mendes;Nordeste
29;Bahia; BA;2903102;290310;Barra do Rocha;Nordeste
29;Bahia; BA;2903201;290320;Barreiras;Nordeste
29;Bahia; BA;2903235;290323;Barro Alto;Nordeste
29;Bahia; BA;2903276;290327;Barrocas;Nordeste
29;Bahia; BA;2903300;290330;Barro Preto;Nordeste
29;Bahia; BA;2903409;290340;Belmonte;Nordeste
29;Bahia; BA;2903508;290350;Belo Campo;Nordeste
29;Bahia; BA;2903607;290360;Biritinga;Nordeste
29;Bahia; BA;2903706;290370;Boa Nova;Nordeste
29;Bahia; BA;2903805;290380;Boa Vista do Tupim;Nordeste
29;Bahia; BA;2903904;290390;Bom Jesus da Lapa;Nordeste
29;Bahia; BA;2903953;290395;Bom Jesus da Serra;Nordeste
29;Bahia; BA;2904001;290400;Boninal;Nordeste
29;Bahia; BA;2904050;290405;Bonito;Nordeste
29;Bahia; BA;2904100;290410;Boquira;Nordeste
29;Bahia; BA;2904209;290420;Botuporã;Nordeste
29;Bahia; BA;2904308;290430;Brejões;Nordeste
29;Bahia; BA;2904407;290440;Brejolândia;Nordeste
29;Bahia; BA;2904506;290450;Brotas de Macaúbas;Nordeste
29;Bahia; BA;2904605;290460;Brumado;Nordeste
29;Bahia; BA;2904704;290470;Buerarema;Nordeste
29;Bahia; BA;2904753;290475;Buritirama;Nordeste
29;Bahia; BA;2904803;290480;Caatiba;Nordeste
29;Bahia; BA;2904852;290485;Cabaceiras do Paraguaçu;Nordeste
29;Bahia; BA;2904902;290490;Cachoeira;Nordeste
29;Bahia; BA;2905008;290500;Caculé;Nordeste
29;Bahia; BA;2905107;290510;Caém;Nordeste
29;Bahia; BA;2905156;290515;Caetanos;Nordeste
29;Bahia; BA;2905206;290520;Caetité;Nordeste
29;Bahia; BA;2905305;290530;Cafarnaum;Nordeste
29;Bahia; BA;2905404;290540;Cairu;Nordeste
29;Bahia; BA;2905503;290550;Caldeirão Grande;Nordeste
29;Bahia; BA;2905602;290560;Camacan;Nordeste
29;Bahia; BA;2905701;290570;Camaçari;Nordeste
29;Bahia; BA;2905800;290580;Camamu;Nordeste
29;Bahia; BA;2905909;290590;Campo Alegre de Lourdes;Nordeste
29;Bahia; BA;2906006;290600;Campo Formoso;Nordeste
29;Bahia; BA;2906105;290610;Canápolis;Nordeste
29;Bahia; BA;2906204;290620;Canarana;Nordeste
29;Bahia; BA;2906303;290630;Canavieiras;Nordeste
29;Bahia; BA;2906402;290640;Candeal;Nordeste
29;Bahia; BA;2906501;290650;Candeias;Nordeste
29;Bahia; BA;2906600;290660;Candiba;Nordeste
29;Bahia; BA;2906709;290670;Cândido Sales;Nordeste
29;Bahia; BA;2906808;290680;Cansanção;Nordeste
29;Bahia; BA;2906824;290682;Canudos;Nordeste
29;Bahia; BA;2906857;290685;Capela do Alto Alegre;Nordeste
29;Bahia; BA;2906873;290687;Capim Grosso;Nordeste
29;Bahia; BA;2906899;290689;Caraíbas;Nordeste
29;Bahia; BA;2906907;290690;Caravelas;Nordeste
29;Bahia; BA;2907004;290700;Cardeal da Silva;Nordeste
29;Bahia; BA;2907103;290710;Carinhanha;Nordeste
29;Bahia; BA;2907202;290720;Casa Nova;Nordeste
29;Bahia; BA;2907301;290730;Castro Alves;Nordeste
29;Bahia; BA;2907400;290740;Catolândia;Nordeste
29;Bahia; BA;2907509;290750;Catu;Nordeste
29;Bahia; BA;2907558;290755;Caturama;Nordeste
29;Bahia; BA;2907608;290760;Central;Nordeste
29;Bahia; BA;2907707;290770;Chorrochó;Nordeste
29;Bahia; BA;2907806;290780;Cícero dantas;Nordeste
29;Bahia; BA;2907905;290790;Cipó;Nordeste
29;Bahia; BA;2908002;290800;Coaraci;Nordeste
29;Bahia; BA;2908101;290810;Cocos;Nordeste
29;Bahia; BA;2908200;290820;Conceição da Feira;Nordeste
29;Bahia; BA;2908309;290830;Conceição do Almeida;Nordeste
29;Bahia; BA;2908408;290840;Conceição do Coité;Nordeste
29;Bahia; BA;2908507;290850;Conceição do Jacuípe;Nordeste
29;Bahia; BA;2908606;290860;Conde;Nordeste
29;Bahia; BA;2908705;290870;Condeúba;Nordeste
29;Bahia; BA;2908804;290880;Contendas do Sincorá;Nordeste
29;Bahia; BA;2908903;290890;Coração de Maria;Nordeste
29;Bahia; BA;2909000;290900;Cordeiros;Nordeste
29;Bahia; BA;2909109;290910;Coribe;Nordeste
29;Bahia; BA;2909208;290920;Coronel João Sá;Nordeste
29;Bahia; BA;2909307;290930;Correntina;Nordeste
29;Bahia; BA;2909406;290940;Cotegipe;Nordeste
29;Bahia; BA;2909505;290950;Cravolândia;Nordeste
29;Bahia; BA;2909604;290960;Crisópolis;Nordeste
29;Bahia; BA;2909703;290970;Cristópolis;Nordeste
29;Bahia; BA;2909802;290980;Cruz das Almas;Nordeste
29;Bahia; BA;2909901;290990;Curaçá;Nordeste
29;Bahia; BA;2910008;291000;Dário Meira;Nordeste
29;Bahia; BA;2910057;291005;Dias D'ávila;Nordeste
29;Bahia; BA;2910107;291010;dom Basílio;Nordeste
29;Bahia; BA;2910206;291020;dom Macedo Costa;Nordeste
29;Bahia; BA;2910305;291030;Elísio Medrado;Nordeste
29;Bahia; BA;2910404;291040;Encruzilhada;Nordeste
29;Bahia; BA;2910503;291050;Entre Rios;Nordeste
29;Bahia; BA;2910602;291060;Esplanada;Nordeste
29;Bahia; BA;2910701;291070;Euclides da Cunha;Nordeste
29;Bahia; BA;2910727;291072;Eunápolis;Nordeste
29;Bahia; BA;2910750;291075;Fátima;Nordeste
29;Bahia; BA;2910776;291077;Feira da Mata;Nordeste
29;Bahia; BA;2910800;291080;Feira de Santana;Nordeste
29;Bahia; BA;2910859;291085;Filadélfia;Nordeste
29;Bahia; BA;2910909;291090;Firmino Alves;Nordeste
29;Bahia; BA;2911006;291100;Floresta Azul;Nordeste
29;Bahia; BA;2911105;291110;Formosa do Rio Preto;Nordeste
29;Bahia; BA;2911204;291120;Gandu;Nordeste
29;Bahia; BA;2911253;291125;Gavião;Nordeste
29;Bahia; BA;2911303;291130;Gentio do Ouro;Nordeste
29;Bahia; BA;2911402;291140;Glória;Nordeste
29;Bahia; BA;2911501;291150;Gongogi;Nordeste
29;Bahia; BA;2911600;291160;Governador Mangabeira;Nordeste
29;Bahia; BA;2911659;291165;Guajeru;Nordeste
29;Bahia; BA;2911709;291170;Guanambi;Nordeste
29;Bahia; BA;2911808;291180;Guaratinga;Nordeste
29;Bahia; BA;2911857;291185;Heliópolis;Nordeste
29;Bahia; BA;2911907;291190;Iaçu;Nordeste
29;Bahia; BA;2912004;291200;Ibiassucê;Nordeste
29;Bahia; BA;2912103;291210;Ibicaraí;Nordeste
29;Bahia; BA;2912202;291220;Ibicoara;Nordeste
29;Bahia; BA;2912301;291230;Ibicuí;Nordeste
29;Bahia; BA;2912400;291240;Ibipeba;Nordeste
29;Bahia; BA;2912509;291250;Ibipitanga;Nordeste
29;Bahia; BA;2912608;291260;Ibiquera;Nordeste
29;Bahia; BA;2912707;291270;Ibirapitanga;Nordeste
29;Bahia; BA;2912806;291280;Ibirapuã;Nordeste
29;Bahia; BA;2912905;291290;Ibirataia;Nordeste
29;Bahia; BA;2913002;291300;Ibitiara;Nordeste
29;Bahia; BA;2913101;291310;Ibititá;Nordeste
29;Bahia; BA;2913200;291320;Ibotirama;Nordeste
29;Bahia; BA;2913309;291330;Ichu;Nordeste
29;Bahia; BA;2913408;291340;Igaporã;Nordeste
29;Bahia; BA;2913457;291345;Igrapiúna;Nordeste
29;Bahia; BA;2913507;291350;Iguaí;Nordeste
29;Bahia; BA;2913606;291360;Ilhéus;Nordeste
29;Bahia; BA;2913705;291370;Inhambupe;Nordeste
29;Bahia; BA;2913804;291380;Ipecaetá;Nordeste
29;Bahia; BA;2913903;291390;Ipiaú;Nordeste
29;Bahia; BA;2914000;291400;Ipirá;Nordeste
29;Bahia; BA;2914109;291410;Ipupiara;Nordeste
29;Bahia; BA;2914208;291420;Irajuba;Nordeste
29;Bahia; BA;2914307;291430;Iramaia;Nordeste
29;Bahia; BA;2914406;291440;Iraquara;Nordeste
29;Bahia; BA;2914505;291450;Irará;Nordeste
29;Bahia; BA;2914604;291460;Irecê;Nordeste
29;Bahia; BA;2914653;291465;Itabela;Nordeste
29;Bahia; BA;2914703;291470;Itaberaba;Nordeste
29;Bahia; BA;2914802;291480;Itabuna;Nordeste
29;Bahia; BA;2914901;291490;Itacaré;Nordeste
29;Bahia; BA;2915007;291500;Itaeté;Nordeste
29;Bahia; BA;2915106;291510;Itagi;Nordeste
29;Bahia; BA;2915205;291520;Itagibá;Nordeste
29;Bahia; BA;2915304;291530;Itagimirim;Nordeste
29;Bahia; BA;2915353;291535;Itaguaçu da Bahia;Nordeste
29;Bahia; BA;2915403;291540;Itaju do Colônia;Nordeste
29;Bahia; BA;2915502;291550;Itajuípe;Nordeste
29;Bahia; BA;2915601;291560;Itamaraju;Nordeste
29;Bahia; BA;2915700;291570;Itamari;Nordeste
29;Bahia; BA;2915809;291580;Itambé;Nordeste
29;Bahia; BA;2915908;291590;Itanagra;Nordeste
29;Bahia; BA;2916005;291600;Itanhém;Nordeste
29;Bahia; BA;2916104;291610;Itaparica;Nordeste
29;Bahia; BA;2916203;291620;Itapé;Nordeste
29;Bahia; BA;2916302;291630;Itapebi;Nordeste
29;Bahia; BA;2916401;291640;Itapetinga;Nordeste
29;Bahia; BA;2916500;291650;Itapicuru;Nordeste
29;Bahia; BA;2916609;291660;Itapitanga;Nordeste
29;Bahia; BA;2916708;291670;Itaquara;Nordeste
29;Bahia; BA;2916807;291680;Itarantim;Nordeste
29;Bahia; BA;2916856;291685;Itatim;Nordeste
29;Bahia; BA;2916906;291690;Itiruçu;Nordeste
29;Bahia; BA;2917003;291700;Itiúba;Nordeste
29;Bahia; BA;2917102;291710;Itororó;Nordeste
29;Bahia; BA;2917201;291720;Ituaçu;Nordeste
29;Bahia; BA;2917300;291730;Ituberá;Nordeste
29;Bahia; BA;2917334;291733;Iuiú;Nordeste
29;Bahia; BA;2917359;291735;Jaborandi;Nordeste
29;Bahia; BA;2917409;291740;Jacaraci;Nordeste
29;Bahia; BA;2917508;291750;Jacobina;Nordeste
29;Bahia; BA;2917607;291760;Jaguaquara;Nordeste
29;Bahia; BA;2917706;291770;Jaguarari;Nordeste
29;Bahia; BA;2917805;291780;Jaguaripe;Nordeste
29;Bahia; BA;2917904;291790;Jandaíra;Nordeste
29;Bahia; BA;2918001;291800;Jequié;Nordeste
29;Bahia; BA;2918100;291810;Jeremoabo;Nordeste
29;Bahia; BA;2918209;291820;Jiquiriçá;Nordeste
29;Bahia; BA;2918308;291830;Jitaúna;Nordeste
29;Bahia; BA;2918357;291835;João dourado;Nordeste
29;Bahia; BA;2918407;291840;Juazeiro;Nordeste
29;Bahia; BA;2918456;291845;Jucuruçu;Nordeste
29;Bahia; BA;2918506;291850;Jussara;Nordeste
29;Bahia; BA;2918555;291855;Jussari;Nordeste
29;Bahia; BA;2918605;291860;Jussiape;Nordeste
29;Bahia; BA;2918704;291870;Lafaiete Coutinho;Nordeste
29;Bahia; BA;2918753;291875;Lagoa Real;Nordeste
29;Bahia; BA;2918803;291880;Laje;Nordeste
29;Bahia; BA;2918902;291890;Lajedão;Nordeste
29;Bahia; BA;2919009;291900;Lajedinho;Nordeste
29;Bahia; BA;2919058;291905;Lajedo do Tabocal;Nordeste
29;Bahia; BA;2919108;291910;Lamarão;Nordeste
29;Bahia; BA;2919157;291915;Lapão;Nordeste
29;Bahia; BA;2919207;291920;Lauro de Freitas;Nordeste
29;Bahia; BA;2919306;291930;Lençóis;Nordeste
29;Bahia; BA;2919405;291940;Licínio de Almeida;Nordeste
29;Bahia; BA;2919504;291950;Livramento de Nossa Senhora;Nordeste
29;Bahia; BA;2919553;291955;Luís Eduardo Magalhães;Nordeste
29;Bahia; BA;2919603;291960;Macajuba;Nordeste
29;Bahia; BA;2919702;291970;Macarani;Nordeste
29;Bahia; BA;2919801;291980;Macaúbas;Nordeste
29;Bahia; BA;2919900;291990;Macururé;Nordeste
29;Bahia; BA;2919926;291992;Madre de deus;Nordeste
29;Bahia; BA;2919959;291995;Maetinga;Nordeste
29;Bahia; BA;2920007;292000;Maiquinique;Nordeste
29;Bahia; BA;2920106;292010;Mairi;Nordeste
29;Bahia; BA;2920205;292020;Malhada;Nordeste
29;Bahia; BA;2920304;292030;Malhada de Pedras;Nordeste
29;Bahia; BA;2920403;292040;Manoel Vitorino;Nordeste
29;Bahia; BA;2920452;292045;Mansidão;Nordeste
29;Bahia; BA;2920502;292050;Maracás;Nordeste
29;Bahia; BA;2920601;292060;Maragogipe;Nordeste
29;Bahia; BA;2920700;292070;Maraú;Nordeste
29;Bahia; BA;2920809;292080;Marcionílio Souza;Nordeste
29;Bahia; BA;2920908;292090;Mascote;Nordeste
29;Bahia; BA;2921005;292100;Mata de São João;Nordeste
29;Bahia; BA;2921054;292105;Matina;Nordeste
29;Bahia; BA;2921104;292110;Medeiros Neto;Nordeste
29;Bahia; BA;2921203;292120;Miguel Calmon;Nordeste
29;Bahia; BA;2921302;292130;Milagres;Nordeste
29;Bahia; BA;2921401;292140;Mirangaba;Nordeste
29;Bahia; BA;2921450;292145;Mirante;Nordeste
29;Bahia; BA;2921500;292150;Monte Santo;Nordeste
29;Bahia; BA;2921609;292160;Morpará;Nordeste
29;Bahia; BA;2921708;292170;Morro do Chapéu;Nordeste
29;Bahia; BA;2921807;292180;Mortugaba;Nordeste
29;Bahia; BA;2921906;292190;Mucugê;Nordeste
29;Bahia; BA;2922003;292200;Mucuri;Nordeste
29;Bahia; BA;2922052;292205;Mulungu do Morro;Nordeste
29;Bahia; BA;2922102;292210;Mundo Novo;Nordeste
29;Bahia; BA;2922201;292220;Muniz Ferreira;Nordeste
29;Bahia; BA;2922250;292225;Muquém de São Francisco;Nordeste
29;Bahia; BA;2922300;292230;Muritiba;Nordeste
29;Bahia; BA;2922409;292240;Mutuípe;Nordeste
29;Bahia; BA;2922508;292250;Nazaré;Nordeste
29;Bahia; BA;2922607;292260;Nilo Peçanha;Nordeste
29;Bahia; BA;2922656;292265;Nordestina;Nordeste
29;Bahia; BA;2922706;292270;Nova Canaã;Nordeste
29;Bahia; BA;2922730;292273;Nova Fátima;Nordeste
29;Bahia; BA;2922755;292275;Nova Ibiá;Nordeste
29;Bahia; BA;2922805;292280;Nova Itarana;Nordeste
29;Bahia; BA;2922854;292285;Nova Redenção;Nordeste
29;Bahia; BA;2922904;292290;Nova Soure;Nordeste
29;Bahia; BA;2923001;292300;Nova Viçosa;Nordeste
29;Bahia; BA;2923035;292303;Novo Horizonte;Nordeste
29;Bahia; BA;2923050;292305;Novo Triunfo;Nordeste
29;Bahia; BA;2923100;292310;Olindina;Nordeste
29;Bahia; BA;2923209;292320;Oliveira dos Brejinhos;Nordeste
29;Bahia; BA;2923308;292330;Ouriçangas;Nordeste
29;Bahia; BA;2923357;292335;Ourolândia;Nordeste
29;Bahia; BA;2923407;292340;Palmas de Monte Alto;Nordeste
29;Bahia; BA;2923506;292350;Palmeiras;Nordeste
29;Bahia; BA;2923605;292360;Paramirim;Nordeste
29;Bahia; BA;2923704;292370;Paratinga;Nordeste
29;Bahia; BA;2923803;292380;Paripiranga;Nordeste
29;Bahia; BA;2923902;292390;Pau Brasil;Nordeste
29;Bahia; BA;2924009;292400;Paulo Afonso;Nordeste
29;Bahia; BA;2924058;292405;Pé de Serra;Nordeste
29;Bahia; BA;2924108;292410;Pedrão;Nordeste
29;Bahia; BA;2924207;292420;Pedro Alexandre;Nordeste
29;Bahia; BA;2924306;292430;Piatã;Nordeste
29;Bahia; BA;2924405;292440;Pilão Arcado;Nordeste
29;Bahia; BA;2924504;292450;Pindaí;Nordeste
29;Bahia; BA;2924603;292460;Pindobaçu;Nordeste
29;Bahia; BA;2924652;292465;Pintadas;Nordeste
29;Bahia; BA;2924678;292467;Piraí do Norte;Nordeste
29;Bahia; BA;2924702;292470;Piripá;Nordeste
29;Bahia; BA;2924801;292480;Piritiba;Nordeste
29;Bahia; BA;2924900;292490;Planaltino;Nordeste
29;Bahia; BA;2925006;292500;Planalto;Nordeste
29;Bahia; BA;2925105;292510;Poções;Nordeste
29;Bahia; BA;2925204;292520;Pojuca;Nordeste
29;Bahia; BA;2925253;292525;Ponto Novo;Nordeste
29;Bahia; BA;2925303;292530;Porto Seguro;Nordeste
29;Bahia; BA;2925402;292540;Potiraguá;Nordeste
29;Bahia; BA;2925501;292550;Prado;Nordeste
29;Bahia; BA;2925600;292560;Presidente Dutra;Nordeste
29;Bahia; BA;2925709;292570;Presidente Jânio Quadros;Nordeste
29;Bahia; BA;2925758;292575;Presidente Tancredo Neves;Nordeste
29;Bahia; BA;2925808;292580;Queimadas;Nordeste
29;Bahia; BA;2925907;292590;Quijingue;Nordeste
29;Bahia; BA;2925931;292593;Quixabeira;Nordeste
29;Bahia; BA;2925956;292595;Rafael Jambeiro;Nordeste
29;Bahia; BA;2926004;292600;Remanso;Nordeste
29;Bahia; BA;2926103;292610;Retirolândia;Nordeste
29;Bahia; BA;2926202;292620;Riachão das Neves;Nordeste
29;Bahia; BA;2926301;292630;Riachão do Jacuípe;Nordeste
29;Bahia; BA;2926400;292640;Riacho de Santana;Nordeste
29;Bahia; BA;2926509;292650;Ribeira do Amparo;Nordeste
29;Bahia; BA;2926608;292660;Ribeira do Pombal;Nordeste
29;Bahia; BA;2926657;292665;Ribeirão do Largo;Nordeste
29;Bahia; BA;2926707;292670;Rio de Contas;Nordeste
29;Bahia; BA;2926806;292680;Rio do Antônio;Nordeste
29;Bahia; BA;2926905;292690;Rio do Pires;Nordeste
29;Bahia; BA;2927002;292700;Rio Real;Nordeste
29;Bahia; BA;2927101;292710;Rodelas;Nordeste
29;Bahia; BA;2927200;292720;Ruy Barbosa;Nordeste
29;Bahia; BA;2927309;292730;Salinas da Margarida;Nordeste
29;Bahia; BA;2927408;292740;Salvador;Nordeste
29;Bahia; BA;2927507;292750;Santa Bárbara;Nordeste
29;Bahia; BA;2927606;292760;Santa Brígida;Nordeste
29;Bahia; BA;2927705;292770;Santa Cruz Cabrália;Nordeste
29;Bahia; BA;2927804;292780;Santa Cruz da Vitória;Nordeste
29;Bahia; BA;2927903;292790;Santa Inês;Nordeste
29;Bahia; BA;2928000;292800;Santaluz;Nordeste
29;Bahia; BA;2928059;292805;Santa Luzia;Nordeste
29;Bahia; BA;2928109;292810;Santa Maria da Vitória;Nordeste
29;Bahia; BA;2928208;292820;Santana;Nordeste
29;Bahia; BA;2928307;292830;Santanópolis;Nordeste
29;Bahia; BA;2928406;292840;Santa Rita de Cássia;Nordeste
29;Bahia; BA;2928505;292850;Santa Teresinha;Nordeste
29;Bahia; BA;2928604;292860;Santo Amaro;Nordeste
29;Bahia; BA;2928703;292870;Santo Antônio de Jesus;Nordeste
29;Bahia; BA;2928802;292880;Santo Estêvão;Nordeste
29;Bahia; BA;2928901;292890;São desidério;Nordeste
29;Bahia; BA;2928950;292895;São domingos;Nordeste
29;Bahia; BA;2929008;292900;São Félix;Nordeste
29;Bahia; BA;2929057;292905;São Félix do Coribe;Nordeste
29;Bahia; BA;2929107;292910;São Felipe;Nordeste
29;Bahia; BA;2929206;292920;São Francisco do Conde;Nordeste
29;Bahia; BA;2929255;292925;São Gabriel;Nordeste
29;Bahia; BA;2929305;292930;São Gonçalo dos Campos;Nordeste
29;Bahia; BA;2929354;292935;São José da Vitória;Nordeste
29;Bahia; BA;2929370;292937;São José do Jacuípe;Nordeste
29;Bahia; BA;2929404;292940;São Miguel das Matas;Nordeste
29;Bahia; BA;2929503;292950;São Sebastião do Passé;Nordeste
29;Bahia; BA;2929602;292960;Sapeaçu;Nordeste
29;Bahia; BA;2929701;292970;Sátiro Dias;Nordeste
29;Bahia; BA;2929750;292975;Saubara;Nordeste
29;Bahia; BA;2929800;292980;Saúde;Nordeste
29;Bahia; BA;2929909;292990;Seabra;Nordeste
29;Bahia; BA;2930006;293000;Sebastião Laranjeiras;Nordeste
29;Bahia; BA;2930105;293010;Senhor do Bonfim;Nordeste
29;Bahia; BA;2930154;293015;Serra do Ramalho;Nordeste
29;Bahia; BA;2930204;293020;Sento Sé;Nordeste
29;Bahia; BA;2930303;293030;Serra dourada;Nordeste
29;Bahia; BA;2930402;293040;Serra Preta;Nordeste
29;Bahia; BA;2930501;293050;Serrinha;Nordeste
29;Bahia; BA;2930600;293060;Serrolândia;Nordeste
29;Bahia; BA;2930709;293070;Simões Filho;Nordeste
29;Bahia; BA;2930758;293075;Sítio do Mato;Nordeste
29;Bahia; BA;2930766;293076;Sítio do Quinto;Nordeste
29;Bahia; BA;2930774;293077;Sobradinho;Nordeste
29;Bahia; BA;2930808;293080;Souto Soares;Nordeste
29;Bahia; BA;2930907;293090;Tabocas do Brejo Velho;Nordeste
29;Bahia; BA;2931004;293100;Tanhaçu;Nordeste
29;Bahia; BA;2931053;293105;Tanque Novo;Nordeste
29;Bahia; BA;2931103;293110;Tanquinho;Nordeste
29;Bahia; BA;2931202;293120;Taperoá;Nordeste
29;Bahia; BA;2931301;293130;Tapiramutá;Nordeste
29;Bahia; BA;2931350;293135;Teixeira de Freitas;Nordeste
29;Bahia; BA;2931400;293140;Teodoro Sampaio;Nordeste
29;Bahia; BA;2931509;293150;Teofilândia;Nordeste
29;Bahia; BA;2931608;293160;Teolândia;Nordeste
29;Bahia; BA;2931707;293170;Terra Nova;Nordeste
29;Bahia; BA;2931806;293180;Tremedal;Nordeste
29;Bahia; BA;2931905;293190;Tucano;Nordeste
29;Bahia; BA;2932002;293200;Uauá;Nordeste
29;Bahia; BA;2932101;293210;Ubaíra;Nordeste
29;Bahia; BA;2932200;293220;Ubaitaba;Nordeste
29;Bahia; BA;2932309;293230;Ubatã;Nordeste
29;Bahia; BA;2932408;293240;Uibaí;Nordeste
29;Bahia; BA;2932457;293245;Umburanas;Nordeste
29;Bahia; BA;2932507;293250;Una;Nordeste
29;Bahia; BA;2932606;293260;Urandi;Nordeste
29;Bahia; BA;2932705;293270;Uruçuca;Nordeste
29;Bahia; BA;2932804;293280;Utinga;Nordeste
29;Bahia; BA;2932903;293290;Valença;Nordeste
29;Bahia; BA;2933000;293300;Valente;Nordeste
29;Bahia; BA;2933059;293305;Várzea da Roça;Nordeste
29;Bahia; BA;2933109;293310;Várzea do Poço;Nordeste
29;Bahia; BA;2933158;293315;Várzea Nova;Nordeste
29;Bahia; BA;2933174;293317;Varzedo;Nordeste
29;Bahia; BA;2933208;293320;Vera Cruz;Nordeste
29;Bahia; BA;2933257;293325;Vereda;Nordeste
29;Bahia; BA;2933307;293330;Vitória da Conquista;Nordeste
29;Bahia; BA;2933406;293340;Wagner;Nordeste
29;Bahia; BA;2933455;293345;Wanderley;Nordeste
29;Bahia; BA;2933505;293350;Wenceslau Guimarães;Nordeste
29;Bahia; BA;2933604;293360;Xique-Xique;Nordeste
31;Minas Gerais; MG;3100104;310010;Abadia dos dourados;Sudeste
31;Minas Gerais; MG;3100203;310020;Abaeté;Sudeste
31;Minas Gerais; MG;3100302;310030;Abre Campo;Sudeste
31;Minas Gerais; MG;3100401;310040;Acaiaca;Sudeste
31;Minas Gerais; MG;3100500;310050;Açucena;Sudeste
31;Minas Gerais; MG;3100609;310060;Água Boa;Sudeste
31;Minas Gerais; MG;3100708;310070;Água Comprida;Sudeste
31;Minas Gerais; MG;3100807;310080;Aguanil;Sudeste
31;Minas Gerais; MG;3100906;310090;Águas Formosas;Sudeste
31;Minas Gerais; MG;3101003;310100;Águas Vermelhas;Sudeste
31;Minas Gerais; MG;3101102;310110;Aimorés;Sudeste
31;Minas Gerais; MG;3101201;310120;Aiuruoca;Sudeste
31;Minas Gerais; MG;3101300;310130;Alagoa;Sudeste
31;Minas Gerais; MG;3101409;310140;Albertina;Sudeste
31;Minas Gerais; MG;3101508;310150;Além Paraíba;Sudeste
31;Minas Gerais; MG;3101607;310160;Alfenas;Sudeste
31;Minas Gerais; MG;3101631;310163;Alfredo Vasconcelos;Sudeste
31;Minas Gerais; MG;3101706;310170;Almenara;Sudeste
31;Minas Gerais; MG;3101805;310180;Alpercata;Sudeste
31;Minas Gerais; MG;3101904;310190;Alpinópolis;Sudeste
31;Minas Gerais; MG;3102001;310200;Alterosa;Sudeste
31;Minas Gerais; MG;3102050;310205;Alto Caparaó;Sudeste
31;Minas Gerais; MG;3102100;310210;Alto Rio doce;Sudeste
31;Minas Gerais; MG;3102209;310220;Alvarenga;Sudeste
31;Minas Gerais; MG;3102308;310230;Alvinópolis;Sudeste
31;Minas Gerais; MG;3102407;310240;Alvorada de Minas;Sudeste
31;Minas Gerais; MG;3102506;310250;Amparo do Serra;Sudeste
31;Minas Gerais; MG;3102605;310260;Andradas;Sudeste
31;Minas Gerais; MG;3102704;310270;Cachoeira de Pajeú;Sudeste
31;Minas Gerais; MG;3102803;310280;Andrelândia;Sudeste
31;Minas Gerais; MG;3102852;310285;Angelândia;Sudeste
31;Minas Gerais; MG;3102902;310290;Antônio Carlos;Sudeste
31;Minas Gerais; MG;3103009;310300;Antônio Dias;Sudeste
31;Minas Gerais; MG;3103108;310310;Antônio Prado de Minas;Sudeste
31;Minas Gerais; MG;3103207;310320;Araçaí;Sudeste
31;Minas Gerais; MG;3103306;310330;Aracitaba;Sudeste
31;Minas Gerais; MG;3103405;310340;Araçuaí;Sudeste
31;Minas Gerais; MG;3103504;310350;Araguari;Sudeste
31;Minas Gerais; MG;3103603;310360;Arantina;Sudeste
31;Minas Gerais; MG;3103702;310370;Araponga;Sudeste
31;Minas Gerais; MG;3103751;310375;Araporã;Sudeste
31;Minas Gerais; MG;3103801;310380;Arapuá;Sudeste
31;Minas Gerais; MG;3103900;310390;Araújos;Sudeste
31;Minas Gerais; MG;3104007;310400;Araxá;Sudeste
31;Minas Gerais; MG;3104106;310410;Arceburgo;Sudeste
31;Minas Gerais; MG;3104205;310420;Arcos;Sudeste
31;Minas Gerais; MG;3104304;310430;Areado;Sudeste
31;Minas Gerais; MG;3104403;310440;Argirita;Sudeste
31;Minas Gerais; MG;3104452;310445;Aricanduva;Sudeste
31;Minas Gerais; MG;3104502;310450;Arinos;Sudeste
31;Minas Gerais; MG;3104601;310460;Astolfo Dutra;Sudeste
31;Minas Gerais; MG;3104700;310470;Ataléia;Sudeste
31;Minas Gerais; MG;3104809;310480;Augusto de Lima;Sudeste
31;Minas Gerais; MG;3104908;310490;Baependi;Sudeste
31;Minas Gerais; MG;3105004;310500;Baldim;Sudeste
31;Minas Gerais; MG;3105103;310510;Bambuí;Sudeste
31;Minas Gerais; MG;3105202;310520;Bandeira;Sudeste
31;Minas Gerais; MG;3105301;310530;Bandeira do Sul;Sudeste
31;Minas Gerais; MG;3105400;310540;Barão de Cocais;Sudeste
31;Minas Gerais; MG;3105509;310550;Barão de Monte Alto;Sudeste
31;Minas Gerais; MG;3105608;310560;Barbacena;Sudeste
31;Minas Gerais; MG;3105707;310570;Barra Longa;Sudeste
31;Minas Gerais; MG;3105905;310590;Barroso;Sudeste
31;Minas Gerais; MG;3106002;310600;Bela Vista de Minas;Sudeste
31;Minas Gerais; MG;3106101;310610;Belmiro Braga;Sudeste
31;Minas Gerais; MG;3106200;310620;Belo Horizonte;Sudeste
31;Minas Gerais; MG;3106309;310630;Belo Oriente;Sudeste
31;Minas Gerais; MG;3106408;310640;Belo Vale;Sudeste
31;Minas Gerais; MG;3106507;310650;Berilo;Sudeste
31;Minas Gerais; MG;3106606;310660;Bertópolis;Sudeste
31;Minas Gerais; MG;3106655;310665;Berizal;Sudeste
31;Minas Gerais; MG;3106705;310670;Betim;Sudeste
31;Minas Gerais; MG;3106804;310680;Bias Fortes;Sudeste
31;Minas Gerais; MG;3106903;310690;Bicas;Sudeste
31;Minas Gerais; MG;3107000;310700;Biquinhas;Sudeste
31;Minas Gerais; MG;3107109;310710;Boa Esperança;Sudeste
31;Minas Gerais; MG;3107208;310720;Bocaina de Minas;Sudeste
31;Minas Gerais; MG;3107307;310730;Bocaiúva;Sudeste
31;Minas Gerais; MG;3107406;310740;Bom despacho;Sudeste
31;Minas Gerais; MG;3107505;310750;Bom Jardim de Minas;Sudeste
31;Minas Gerais; MG;3107604;310760;Bom Jesus da Penha;Sudeste
31;Minas Gerais; MG;3107703;310770;Bom Jesus do Amparo;Sudeste
31;Minas Gerais; MG;3107802;310780;Bom Jesus do Galho;Sudeste
31;Minas Gerais; MG;3107901;310790;Bom Repouso;Sudeste
31;Minas Gerais; MG;3108008;310800;Bom Sucesso;Sudeste
31;Minas Gerais; MG;3108107;310810;Bonfim;Sudeste
31;Minas Gerais; MG;3108206;310820;Bonfinópolis de Minas;Sudeste
31;Minas Gerais; MG;3108255;310825;Bonito de Minas;Sudeste
31;Minas Gerais; MG;3108305;310830;Borda da Mata;Sudeste
31;Minas Gerais; MG;3108404;310840;Botelhos;Sudeste
31;Minas Gerais; MG;3108503;310850;Botumirim;Sudeste
31;Minas Gerais; MG;3108552;310855;Brasilândia de Minas;Sudeste
31;Minas Gerais; MG;3108602;310860;Brasília de Minas;Sudeste
31;Minas Gerais; MG;3108701;310870;Brás Pires;Sudeste
31;Minas Gerais; MG;3108800;310880;Braúnas;Sudeste
31;Minas Gerais; MG;3108909;310890;Brazópolis;Sudeste
31;Minas Gerais; MG;3109006;310900;Brumadinho;Sudeste
31;Minas Gerais; MG;3109105;310910;Bueno Brandão;Sudeste
31;Minas Gerais; MG;3109204;310920;Buenópolis;Sudeste
31;Minas Gerais; MG;3109253;310925;Bugre;Sudeste
31;Minas Gerais; MG;3109303;310930;Buritis;Sudeste
31;Minas Gerais; MG;3109402;310940;Buritizeiro;Sudeste
31;Minas Gerais; MG;3109451;310945;Cabeceira Grande;Sudeste
31;Minas Gerais; MG;3109501;310950;Cabo Verde;Sudeste
31;Minas Gerais; MG;3109600;310960;Cachoeira da Prata;Sudeste
31;Minas Gerais; MG;3109709;310970;Cachoeira de Minas;Sudeste
31;Minas Gerais; MG;3109808;310980;Cachoeira dourada;Sudeste
31;Minas Gerais; MG;3109907;310990;Caetanópolis;Sudeste
31;Minas Gerais; MG;3110004;311000;Caeté;Sudeste
31;Minas Gerais; MG;3110103;311010;Caiana;Sudeste
31;Minas Gerais; MG;3110202;311020;Cajuri;Sudeste
31;Minas Gerais; MG;3110301;311030;Caldas;Sudeste
31;Minas Gerais; MG;3110400;311040;Camacho;Sudeste
31;Minas Gerais; MG;3110509;311050;Camanducaia;Sudeste
31;Minas Gerais; MG;3110608;311060;Cambuí;Sudeste
31;Minas Gerais; MG;3110707;311070;Cambuquira;Sudeste
31;Minas Gerais; MG;3110806;311080;Campanário;Sudeste
31;Minas Gerais; MG;3110905;311090;Campanha;Sudeste
31;Minas Gerais; MG;3111002;311100;Campestre;Sudeste
31;Minas Gerais; MG;3111101;311110;Campina Verde;Sudeste
31;Minas Gerais; MG;3111150;311115;Campo Azul;Sudeste
31;Minas Gerais; MG;3111200;311120;Campo Belo;Sudeste
31;Minas Gerais; MG;3111309;311130;Campo do Meio;Sudeste
31;Minas Gerais; MG;3111408;311140;Campo Florido;Sudeste
31;Minas Gerais; MG;3111507;311150;Campos Altos;Sudeste
31;Minas Gerais; MG;3111606;311160;Campos Gerais;Sudeste
31;Minas Gerais; MG;3111705;311170;Canaã;Sudeste
31;Minas Gerais; MG;3111804;311180;Canápolis;Sudeste
31;Minas Gerais; MG;3111903;311190;Cana Verde;Sudeste
31;Minas Gerais; MG;3112000;311200;Candeias;Sudeste
31;Minas Gerais; MG;3112059;311205;Cantagalo;Sudeste
31;Minas Gerais; MG;3112109;311210;Caparaó;Sudeste
31;Minas Gerais; MG;3112208;311220;Capela Nova;Sudeste
31;Minas Gerais; MG;3112307;311230;Capelinha;Sudeste
31;Minas Gerais; MG;3112406;311240;Capetinga;Sudeste
31;Minas Gerais; MG;3112505;311250;Capim Branco;Sudeste
31;Minas Gerais; MG;3112604;311260;Capinópolis;Sudeste
31;Minas Gerais; MG;3112653;311265;Capitão Andrade;Sudeste
31;Minas Gerais; MG;3112703;311270;Capitão Enéas;Sudeste
31;Minas Gerais; MG;3112802;311280;Capitólio;Sudeste
31;Minas Gerais; MG;3112901;311290;Caputira;Sudeste
31;Minas Gerais; MG;3113008;311300;Caraí;Sudeste
31;Minas Gerais; MG;3113107;311310;Caranaíba;Sudeste
31;Minas Gerais; MG;3113206;311320;Carandaí;Sudeste
31;Minas Gerais; MG;3113305;311330;Carangola;Sudeste
31;Minas Gerais; MG;3113404;311340;Caratinga;Sudeste
31;Minas Gerais; MG;3113503;311350;Carbonita;Sudeste
31;Minas Gerais; MG;3113602;311360;Careaçu;Sudeste
31;Minas Gerais; MG;3113701;311370;Carlos Chagas;Sudeste
31;Minas Gerais; MG;3113800;311380;Carmésia;Sudeste
31;Minas Gerais; MG;3113909;311390;Carmo da Cachoeira;Sudeste
31;Minas Gerais; MG;3114006;311400;Carmo da Mata;Sudeste
31;Minas Gerais; MG;3114105;311410;Carmo de Minas;Sudeste
31;Minas Gerais; MG;3114204;311420;Carmo do Cajuru;Sudeste
31;Minas Gerais; MG;3114303;311430;Carmo do Paranaíba;Sudeste
31;Minas Gerais; MG;3114402;311440;Carmo do Rio Claro;Sudeste
31;Minas Gerais; MG;3114501;311450;Carmópolis de Minas;Sudeste
31;Minas Gerais; MG;3114550;311455;Carneirinho;Sudeste
31;Minas Gerais; MG;3114600;311460;Carrancas;Sudeste
31;Minas Gerais; MG;3114709;311470;Carvalhópolis;Sudeste
31;Minas Gerais; MG;3114808;311480;Carvalhos;Sudeste
31;Minas Gerais; MG;3114907;311490;Casa Grande;Sudeste
31;Minas Gerais; MG;3115003;311500;Cascalho Rico;Sudeste
31;Minas Gerais; MG;3115102;311510;Cássia;Sudeste
31;Minas Gerais; MG;3115201;311520;Conceição da Barra de Minas;Sudeste
31;Minas Gerais; MG;3115300;311530;Cataguases;Sudeste
31;Minas Gerais; MG;3115359;311535;Catas Altas;Sudeste
31;Minas Gerais; MG;3115409;311540;Catas Altas da Noruega;Sudeste
31;Minas Gerais; MG;3115458;311545;Catuji;Sudeste
31;Minas Gerais; MG;3115474;311547;Catuti;Sudeste
31;Minas Gerais; MG;3115508;311550;Caxambu;Sudeste
31;Minas Gerais; MG;3115607;311560;Cedro do Abaeté;Sudeste
31;Minas Gerais; MG;3115706;311570;Central de Minas;Sudeste
31;Minas Gerais; MG;3115805;311580;Centralina;Sudeste
31;Minas Gerais; MG;3115904;311590;Chácara;Sudeste
31;Minas Gerais; MG;3116001;311600;Chalé;Sudeste
31;Minas Gerais; MG;3116100;311610;Chapada do Norte;Sudeste
31;Minas Gerais; MG;3116159;311615;Chapada Gaúcha;Sudeste
31;Minas Gerais; MG;3116209;311620;Chiador;Sudeste
31;Minas Gerais; MG;3116308;311630;Cipotânea;Sudeste
31;Minas Gerais; MG;3116407;311640;Claraval;Sudeste
31;Minas Gerais; MG;3116506;311650;Claro dos Poções;Sudeste
31;Minas Gerais; MG;3116605;311660;Cláudio;Sudeste
31;Minas Gerais; MG;3116704;311670;Coimbra;Sudeste
31;Minas Gerais; MG;3116803;311680;Coluna;Sudeste
31;Minas Gerais; MG;3116902;311690;Comendador Gomes;Sudeste
31;Minas Gerais; MG;3117009;311700;Comercinho;Sudeste
31;Minas Gerais; MG;3117108;311710;Conceição da Aparecida;Sudeste
31;Minas Gerais; MG;3117207;311720;Conceição das Pedras;Sudeste
31;Minas Gerais; MG;3117306;311730;Conceição das Alagoas;Sudeste
31;Minas Gerais; MG;3117405;311740;Conceição de Ipanema;Sudeste
31;Minas Gerais; MG;3117504;311750;Conceição do Mato dentro;Sudeste
31;Minas Gerais; MG;3117603;311760;Conceição do Pará;Sudeste
31;Minas Gerais; MG;3117702;311770;Conceição do Rio Verde;Sudeste
31;Minas Gerais; MG;3117801;311780;Conceição dos Ouros;Sudeste
31;Minas Gerais; MG;3117836;311783;Cônego Marinho;Sudeste
31;Minas Gerais; MG;3117876;311787;Confins;Sudeste
31;Minas Gerais; MG;3117900;311790;Congonhal;Sudeste
31;Minas Gerais; MG;3118007;311800;Congonhas;Sudeste
31;Minas Gerais; MG;3118106;311810;Congonhas do Norte;Sudeste
31;Minas Gerais; MG;3118205;311820;Conquista;Sudeste
31;Minas Gerais; MG;3118304;311830;Conselheiro Lafaiete;Sudeste
31;Minas Gerais; MG;3118403;311840;Conselheiro Pena;Sudeste
31;Minas Gerais; MG;3118502;311850;Consolação;Sudeste
31;Minas Gerais; MG;3118601;311860;Contagem;Sudeste
31;Minas Gerais; MG;3118700;311870;Coqueiral;Sudeste
31;Minas Gerais; MG;3118809;311880;Coração de Jesus;Sudeste
31;Minas Gerais; MG;3118908;311890;Cordisburgo;Sudeste
31;Minas Gerais; MG;3119005;311900;Cordislândia;Sudeste
31;Minas Gerais; MG;3119104;311910;Corinto;Sudeste
31;Minas Gerais; MG;3119203;311920;Coroaci;Sudeste
31;Minas Gerais; MG;3119302;311930;Coromandel;Sudeste
31;Minas Gerais; MG;3119401;311940;Coronel Fabriciano;Sudeste
31;Minas Gerais; MG;3119500;311950;Coronel Murta;Sudeste
31;Minas Gerais; MG;3119609;311960;Coronel Pacheco;Sudeste
31;Minas Gerais; MG;3119708;311970;Coronel Xavier Chaves;Sudeste
31;Minas Gerais; MG;3119807;311980;Córrego danta;Sudeste
31;Minas Gerais; MG;3119906;311990;Córrego do Bom Jesus;Sudeste
31;Minas Gerais; MG;3119955;311995;Córrego Fundo;Sudeste
31;Minas Gerais; MG;3120003;312000;Córrego Novo;Sudeste
31;Minas Gerais; MG;3120102;312010;Couto de Magalhães de Minas;Sudeste
31;Minas Gerais; MG;3120151;312015;Crisólita;Sudeste
31;Minas Gerais; MG;3120201;312020;Cristais;Sudeste
31;Minas Gerais; MG;3120300;312030;Cristália;Sudeste
31;Minas Gerais; MG;3120409;312040;Cristiano Otoni;Sudeste
31;Minas Gerais; MG;3120508;312050;Cristina;Sudeste
31;Minas Gerais; MG;3120607;312060;Crucilândia;Sudeste
31;Minas Gerais; MG;3120706;312070;Cruzeiro da Fortaleza;Sudeste
31;Minas Gerais; MG;3120805;312080;Cruzília;Sudeste
31;Minas Gerais; MG;3120839;312083;Cuparaque;Sudeste
31;Minas Gerais; MG;3120870;312087;Curral de dentro;Sudeste
31;Minas Gerais; MG;3120904;312090;Curvelo;Sudeste
31;Minas Gerais; MG;3121001;312100;datas;Sudeste
31;Minas Gerais; MG;3121100;312110;delfim Moreira;Sudeste
31;Minas Gerais; MG;3121209;312120;delfinópolis;Sudeste
31;Minas Gerais; MG;3121258;312125;delta;Sudeste
31;Minas Gerais; MG;3121308;312130;descoberto;Sudeste
31;Minas Gerais; MG;3121407;312140;desterro de Entre Rios;Sudeste
31;Minas Gerais; MG;3121506;312150;desterro do Melo;Sudeste
31;Minas Gerais; MG;3121605;312160;Diamantina;Sudeste
31;Minas Gerais; MG;3121704;312170;Diogo de Vasconcelos;Sudeste
31;Minas Gerais; MG;3121803;312180;Dionísio;Sudeste
31;Minas Gerais; MG;3121902;312190;Divinésia;Sudeste
31;Minas Gerais; MG;3122009;312200;Divino;Sudeste
31;Minas Gerais; MG;3122108;312210;Divino das Laranjeiras;Sudeste
31;Minas Gerais; MG;3122207;312220;Divinolândia de Minas;Sudeste
31;Minas Gerais; MG;3122306;312230;Divinópolis;Sudeste
31;Minas Gerais; MG;3122355;312235;Divisa Alegre;Sudeste
31;Minas Gerais; MG;3122405;312240;Divisa Nova;Sudeste
31;Minas Gerais; MG;3122454;312245;Divisópolis;Sudeste
31;Minas Gerais; MG;3122470;312247;dom Bosco;Sudeste
31;Minas Gerais; MG;3122504;312250;dom Cavati;Sudeste
31;Minas Gerais; MG;3122603;312260;dom Joaquim;Sudeste
31;Minas Gerais; MG;3122702;312270;dom Silvério;Sudeste
31;Minas Gerais; MG;3122801;312280;dom Viçoso;Sudeste
31;Minas Gerais; MG;3122900;312290;dona Eusébia;Sudeste
31;Minas Gerais; MG;3123007;312300;dores de Campos;Sudeste
31;Minas Gerais; MG;3123106;312310;dores de Guanhães;Sudeste
31;Minas Gerais; MG;3123205;312320;dores do Indaiá;Sudeste
31;Minas Gerais; MG;3123304;312330;dores do Turvo;Sudeste
31;Minas Gerais; MG;3123403;312340;doresópolis;Sudeste
31;Minas Gerais; MG;3123502;312350;douradoquara;Sudeste
31;Minas Gerais; MG;3123528;312352;Durandé;Sudeste
31;Minas Gerais; MG;3123601;312360;Elói Mendes;Sudeste
31;Minas Gerais; MG;3123700;312370;Engenheiro Caldas;Sudeste
31;Minas Gerais; MG;3123809;312380;Engenheiro Navarro;Sudeste
31;Minas Gerais; MG;3123858;312385;Entre Folhas;Sudeste
31;Minas Gerais; MG;3123908;312390;Entre Rios de Minas;Sudeste
31;Minas Gerais; MG;3124005;312400;Ervália;Sudeste
31;Minas Gerais; MG;3124104;312410;Esmeraldas;Sudeste
31;Minas Gerais; MG;3124203;312420;Espera Feliz;Sudeste
31;Minas Gerais; MG;3124302;312430;Espinosa;Sudeste
31;Minas Gerais; MG;3124401;312440;Espírito Santo do dourado;Sudeste
31;Minas Gerais; MG;3124500;312450;Estiva;Sudeste
31;Minas Gerais; MG;3124609;312460;Estrela dalva;Sudeste
31;Minas Gerais; MG;3124708;312470;Estrela do Indaiá;Sudeste
31;Minas Gerais; MG;3124807;312480;Estrela do Sul;Sudeste
31;Minas Gerais; MG;3124906;312490;Eugenópolis;Sudeste
31;Minas Gerais; MG;3125002;312500;Ewbank da Câmara;Sudeste
31;Minas Gerais; MG;3125101;312510;Extrema;Sudeste
31;Minas Gerais; MG;3125200;312520;Fama;Sudeste
31;Minas Gerais; MG;3125309;312530;Faria Lemos;Sudeste
31;Minas Gerais; MG;3125408;312540;Felício dos Santos;Sudeste
31;Minas Gerais; MG;3125507;312550;São Gonçalo do Rio Preto;Sudeste
31;Minas Gerais; MG;3125606;312560;Felisburgo;Sudeste
31;Minas Gerais; MG;3125705;312570;Felixlândia;Sudeste
31;Minas Gerais; MG;3125804;312580;Fernandes Tourinho;Sudeste
31;Minas Gerais; MG;3125903;312590;Ferros;Sudeste
31;Minas Gerais; MG;3125952;312595;Fervedouro;Sudeste
31;Minas Gerais; MG;3126000;312600;Florestal;Sudeste
31;Minas Gerais; MG;3126109;312610;Formiga;Sudeste
31;Minas Gerais; MG;3126208;312620;Formoso;Sudeste
31;Minas Gerais; MG;3126307;312630;Fortaleza de Minas;Sudeste
31;Minas Gerais; MG;3126406;312640;Fortuna de Minas;Sudeste
31;Minas Gerais; MG;3126505;312650;Francisco Badaró;Sudeste
31;Minas Gerais; MG;3126604;312660;Francisco Dumont;Sudeste
31;Minas Gerais; MG;3126703;312670;Francisco Sá;Sudeste
31;Minas Gerais; MG;3126752;312675;Franciscópolis;Sudeste
31;Minas Gerais; MG;3126802;312680;Frei Gaspar;Sudeste
31;Minas Gerais; MG;3126901;312690;Frei Inocêncio;Sudeste
31;Minas Gerais; MG;3126950;312695;Frei Lagonegro;Sudeste
31;Minas Gerais; MG;3127008;312700;Fronteira;Sudeste
31;Minas Gerais; MG;3127057;312705;Fronteira dos Vales;Sudeste
31;Minas Gerais; MG;3127073;312707;Fruta de Leite;Sudeste
31;Minas Gerais; MG;3127107;312710;Frutal;Sudeste
31;Minas Gerais; MG;3127206;312720;Funilândia;Sudeste
31;Minas Gerais; MG;3127305;312730;Galiléia;Sudeste
31;Minas Gerais; MG;3127339;312733;Gameleiras;Sudeste
31;Minas Gerais; MG;3127354;312735;Glaucilândia;Sudeste
31;Minas Gerais; MG;3127370;312737;Goiabeira;Sudeste
31;Minas Gerais; MG;3127388;312738;Goianá;Sudeste
31;Minas Gerais; MG;3127404;312740;Gonçalves;Sudeste
31;Minas Gerais; MG;3127503;312750;Gonzaga;Sudeste
31;Minas Gerais; MG;3127602;312760;Gouveia;Sudeste
31;Minas Gerais; MG;3127701;312770;Governador Valadares;Sudeste
31;Minas Gerais; MG;3127800;312780;Grão Mogol;Sudeste
31;Minas Gerais; MG;3127909;312790;Grupiara;Sudeste
31;Minas Gerais; MG;3128006;312800;Guanhães;Sudeste
31;Minas Gerais; MG;3128105;312810;Guapé;Sudeste
31;Minas Gerais; MG;3128204;312820;Guaraciaba;Sudeste
31;Minas Gerais; MG;3128253;312825;Guaraciama;Sudeste
31;Minas Gerais; MG;3128303;312830;Guaranésia;Sudeste
31;Minas Gerais; MG;3128402;312840;Guarani;Sudeste
31;Minas Gerais; MG;3128501;312850;Guarará;Sudeste
31;Minas Gerais; MG;3128600;312860;Guarda-Mor;Sudeste
31;Minas Gerais; MG;3128709;312870;Guaxupé;Sudeste
31;Minas Gerais; MG;3128808;312880;Guidoval;Sudeste
31;Minas Gerais; MG;3128907;312890;Guimarânia;Sudeste
31;Minas Gerais; MG;3129004;312900;Guiricema;Sudeste
31;Minas Gerais; MG;3129103;312910;Gurinhatã;Sudeste
31;Minas Gerais; MG;3129202;312920;Heliodora;Sudeste
31;Minas Gerais; MG;3129301;312930;Iapu;Sudeste
31;Minas Gerais; MG;3129400;312940;Ibertioga;Sudeste
31;Minas Gerais; MG;3129509;312950;Ibiá;Sudeste
31;Minas Gerais; MG;3129608;312960;Ibiaí;Sudeste
31;Minas Gerais; MG;3129657;312965;Ibiracatu;Sudeste
31;Minas Gerais; MG;3129707;312970;Ibiraci;Sudeste
31;Minas Gerais; MG;3129806;312980;Ibirité;Sudeste
31;Minas Gerais; MG;3129905;312990;Ibitiúra de Minas;Sudeste
31;Minas Gerais; MG;3130002;313000;Ibituruna;Sudeste
31;Minas Gerais; MG;3130051;313005;Icaraí de Minas;Sudeste
31;Minas Gerais; MG;3130101;313010;Igarapé;Sudeste
31;Minas Gerais; MG;3130200;313020;Igaratinga;Sudeste
31;Minas Gerais; MG;3130309;313030;Iguatama;Sudeste
31;Minas Gerais; MG;3130408;313040;Ijaci;Sudeste
31;Minas Gerais; MG;3130507;313050;Ilicínea;Sudeste
31;Minas Gerais; MG;3130556;313055;Imbé de Minas;Sudeste
31;Minas Gerais; MG;3130606;313060;Inconfidentes;Sudeste
31;Minas Gerais; MG;3130655;313065;Indaiabira;Sudeste
31;Minas Gerais; MG;3130705;313070;Indianópolis;Sudeste
31;Minas Gerais; MG;3130804;313080;Ingaí;Sudeste
31;Minas Gerais; MG;3130903;313090;Inhapim;Sudeste
31;Minas Gerais; MG;3131000;313100;Inhaúma;Sudeste
31;Minas Gerais; MG;3131109;313110;Inimutaba;Sudeste
31;Minas Gerais; MG;3131158;313115;Ipaba;Sudeste
31;Minas Gerais; MG;3131208;313120;Ipanema;Sudeste
31;Minas Gerais; MG;3131307;313130;Ipatinga;Sudeste
31;Minas Gerais; MG;3131406;313140;Ipiaçu;Sudeste
31;Minas Gerais; MG;3131505;313150;Ipuiúna;Sudeste
31;Minas Gerais; MG;3131604;313160;Iraí de Minas;Sudeste
31;Minas Gerais; MG;3131703;313170;Itabira;Sudeste
31;Minas Gerais; MG;3131802;313180;Itabirinha;Sudeste
31;Minas Gerais; MG;3131901;313190;Itabirito;Sudeste
31;Minas Gerais; MG;3132008;313200;Itacambira;Sudeste
31;Minas Gerais; MG;3132107;313210;Itacarambi;Sudeste
31;Minas Gerais; MG;3132206;313220;Itaguara;Sudeste
31;Minas Gerais; MG;3132305;313230;Itaipé;Sudeste
31;Minas Gerais; MG;3132404;313240;Itajubá;Sudeste
31;Minas Gerais; MG;3132503;313250;Itamarandiba;Sudeste
31;Minas Gerais; MG;3132602;313260;Itamarati de Minas;Sudeste
31;Minas Gerais; MG;3132701;313270;Itambacuri;Sudeste
31;Minas Gerais; MG;3132800;313280;Itambé do Mato dentro;Sudeste
31;Minas Gerais; MG;3132909;313290;Itamogi;Sudeste
31;Minas Gerais; MG;3133006;313300;Itamonte;Sudeste
31;Minas Gerais; MG;3133105;313310;Itanhandu;Sudeste
31;Minas Gerais; MG;3133204;313320;Itanhomi;Sudeste
31;Minas Gerais; MG;3133303;313330;Itaobim;Sudeste
31;Minas Gerais; MG;3133402;313340;Itapagipe;Sudeste
31;Minas Gerais; MG;3133501;313350;Itapecerica;Sudeste
31;Minas Gerais; MG;3133600;313360;Itapeva;Sudeste
31;Minas Gerais; MG;3133709;313370;Itatiaiuçu;Sudeste
31;Minas Gerais; MG;3133758;313375;Itaú de Minas;Sudeste
31;Minas Gerais; MG;3133808;313380;Itaúna;Sudeste
31;Minas Gerais; MG;3133907;313390;Itaverava;Sudeste
31;Minas Gerais; MG;3134004;313400;Itinga;Sudeste
31;Minas Gerais; MG;3134103;313410;Itueta;Sudeste
31;Minas Gerais; MG;3134202;313420;Ituiutaba;Sudeste
31;Minas Gerais; MG;3134301;313430;Itumirim;Sudeste
31;Minas Gerais; MG;3134400;313440;Iturama;Sudeste
31;Minas Gerais; MG;3134509;313450;Itutinga;Sudeste
31;Minas Gerais; MG;3134608;313460;Jaboticatubas;Sudeste
31;Minas Gerais; MG;3134707;313470;Jacinto;Sudeste
31;Minas Gerais; MG;3134806;313480;Jacuí;Sudeste
31;Minas Gerais; MG;3134905;313490;Jacutinga;Sudeste
31;Minas Gerais; MG;3135001;313500;Jaguaraçu;Sudeste
31;Minas Gerais; MG;3135050;313505;Jaíba;Sudeste
31;Minas Gerais; MG;3135076;313507;Jampruca;Sudeste
31;Minas Gerais; MG;3135100;313510;Janaúba;Sudeste
31;Minas Gerais; MG;3135209;313520;Januária;Sudeste
31;Minas Gerais; MG;3135308;313530;Japaraíba;Sudeste
31;Minas Gerais; MG;3135357;313535;Japonvar;Sudeste
31;Minas Gerais; MG;3135407;313540;Jeceaba;Sudeste
31;Minas Gerais; MG;3135456;313545;Jenipapo de Minas;Sudeste
31;Minas Gerais; MG;3135506;313550;Jequeri;Sudeste
31;Minas Gerais; MG;3135605;313560;Jequitaí;Sudeste
31;Minas Gerais; MG;3135704;313570;Jequitibá;Sudeste
31;Minas Gerais; MG;3135803;313580;Jequitinhonha;Sudeste
31;Minas Gerais; MG;3135902;313590;Jesuânia;Sudeste
31;Minas Gerais; MG;3136009;313600;Joaíma;Sudeste
31;Minas Gerais; MG;3136108;313610;Joanésia;Sudeste
31;Minas Gerais; MG;3136207;313620;João Monlevade;Sudeste
31;Minas Gerais; MG;3136306;313630;João Pinheiro;Sudeste
31;Minas Gerais; MG;3136405;313640;Joaquim Felício;Sudeste
31;Minas Gerais; MG;3136504;313650;Jordânia;Sudeste
31;Minas Gerais; MG;3136520;313652;José Gonçalves de Minas;Sudeste
31;Minas Gerais; MG;3136553;313655;José Raydan;Sudeste
31;Minas Gerais; MG;3136579;313657;Josenópolis;Sudeste
31;Minas Gerais; MG;3136603;313660;Nova União;Sudeste
31;Minas Gerais; MG;3136652;313665;Juatuba;Sudeste
31;Minas Gerais; MG;3136702;313670;Juiz de Fora;Sudeste
31;Minas Gerais; MG;3136801;313680;Juramento;Sudeste
31;Minas Gerais; MG;3136900;313690;Juruaia;Sudeste
31;Minas Gerais; MG;3136959;313695;Juvenília;Sudeste
31;Minas Gerais; MG;3137007;313700;Ladainha;Sudeste
31;Minas Gerais; MG;3137106;313710;Lagamar;Sudeste
31;Minas Gerais; MG;3137205;313720;Lagoa da Prata;Sudeste
31;Minas Gerais; MG;3137304;313730;Lagoa dos Patos;Sudeste
31;Minas Gerais; MG;3137403;313740;Lagoa dourada;Sudeste
31;Minas Gerais; MG;3137502;313750;Lagoa Formosa;Sudeste
31;Minas Gerais; MG;3137536;313753;Lagoa Grande;Sudeste
31;Minas Gerais; MG;3137601;313760;Lagoa Santa;Sudeste
31;Minas Gerais; MG;3137700;313770;Lajinha;Sudeste
31;Minas Gerais; MG;3137809;313780;Lambari;Sudeste
31;Minas Gerais; MG;3137908;313790;Lamim;Sudeste
31;Minas Gerais; MG;3138005;313800;Laranjal;Sudeste
31;Minas Gerais; MG;3138104;313810;Lassance;Sudeste
31;Minas Gerais; MG;3138203;313820;Lavras;Sudeste
31;Minas Gerais; MG;3138302;313830;Leandro Ferreira;Sudeste
31;Minas Gerais; MG;3138351;313835;Leme do Prado;Sudeste
31;Minas Gerais; MG;3138401;313840;Leopoldina;Sudeste
31;Minas Gerais; MG;3138500;313850;Liberdade;Sudeste
31;Minas Gerais; MG;3138609;313860;Lima Duarte;Sudeste
31;Minas Gerais; MG;3138625;313862;Limeira do Oeste;Sudeste
31;Minas Gerais; MG;3138658;313865;Lontra;Sudeste
31;Minas Gerais; MG;3138674;313867;Luisburgo;Sudeste
31;Minas Gerais; MG;3138682;313868;Luislândia;Sudeste
31;Minas Gerais; MG;3138708;313870;Luminárias;Sudeste
31;Minas Gerais; MG;3138807;313880;Luz;Sudeste
31;Minas Gerais; MG;3138906;313890;Machacalis;Sudeste
31;Minas Gerais; MG;3139003;313900;Machado;Sudeste
31;Minas Gerais; MG;3139102;313910;Madre de deus de Minas;Sudeste
31;Minas Gerais; MG;3139201;313920;Malacacheta;Sudeste
31;Minas Gerais; MG;3139250;313925;Mamonas;Sudeste
31;Minas Gerais; MG;3139300;313930;Manga;Sudeste
31;Minas Gerais; MG;3139409;313940;Manhuaçu;Sudeste
31;Minas Gerais; MG;3139508;313950;Manhumirim;Sudeste
31;Minas Gerais; MG;3139607;313960;Mantena;Sudeste
31;Minas Gerais; MG;3139706;313970;Maravilhas;Sudeste
31;Minas Gerais; MG;3139805;313980;Mar de Espanha;Sudeste
31;Minas Gerais; MG;3139904;313990;Maria da Fé;Sudeste
31;Minas Gerais; MG;3140001;314000;Mariana;Sudeste
31;Minas Gerais; MG;3140100;314010;Marilac;Sudeste
31;Minas Gerais; MG;3140159;314015;Mário Campos;Sudeste
31;Minas Gerais; MG;3140209;314020;Maripá de Minas;Sudeste
31;Minas Gerais; MG;3140308;314030;Marliéria;Sudeste
31;Minas Gerais; MG;3140407;314040;Marmelópolis;Sudeste
31;Minas Gerais; MG;3140506;314050;Martinho Campos;Sudeste
31;Minas Gerais; MG;3140530;314053;Martins Soares;Sudeste
31;Minas Gerais; MG;3140555;314055;Mata Verde;Sudeste
31;Minas Gerais; MG;3140605;314060;Materlândia;Sudeste
31;Minas Gerais; MG;3140704;314070;Mateus Leme;Sudeste
31;Minas Gerais; MG;3140803;314080;Matias Barbosa;Sudeste
31;Minas Gerais; MG;3140852;314085;Matias Cardoso;Sudeste
31;Minas Gerais; MG;3140902;314090;Matipó;Sudeste
31;Minas Gerais; MG;3141009;314100;Mato Verde;Sudeste
31;Minas Gerais; MG;3141108;314110;Matozinhos;Sudeste
31;Minas Gerais; MG;3141207;314120;Matutina;Sudeste
31;Minas Gerais; MG;3141306;314130;Medeiros;Sudeste
31;Minas Gerais; MG;3141405;314140;Medina;Sudeste
31;Minas Gerais; MG;3141504;314150;Mendes Pimentel;Sudeste
31;Minas Gerais; MG;3141603;314160;Mercês;Sudeste
31;Minas Gerais; MG;3141702;314170;Mesquita;Sudeste
31;Minas Gerais; MG;3141801;314180;Minas Novas;Sudeste
31;Minas Gerais; MG;3141900;314190;Minduri;Sudeste
31;Minas Gerais; MG;3142007;314200;Mirabela;Sudeste
31;Minas Gerais; MG;3142106;314210;Miradouro;Sudeste
31;Minas Gerais; MG;3142205;314220;Miraí;Sudeste
31;Minas Gerais; MG;3142254;314225;Miravânia;Sudeste
31;Minas Gerais; MG;3142304;314230;Moeda;Sudeste
31;Minas Gerais; MG;3142403;314240;Moema;Sudeste
31;Minas Gerais; MG;3142502;314250;Monjolos;Sudeste
31;Minas Gerais; MG;3142601;314260;Monsenhor Paulo;Sudeste
31;Minas Gerais; MG;3142700;314270;Montalvânia;Sudeste
31;Minas Gerais; MG;3142809;314280;Monte Alegre de Minas;Sudeste
31;Minas Gerais; MG;3142908;314290;Monte Azul;Sudeste
31;Minas Gerais; MG;3143005;314300;Monte Belo;Sudeste
31;Minas Gerais; MG;3143104;314310;Monte Carmelo;Sudeste
31;Minas Gerais; MG;3143153;314315;Monte Formoso;Sudeste
31;Minas Gerais; MG;3143203;314320;Monte Santo de Minas;Sudeste
31;Minas Gerais; MG;3143302;314330;Montes Claros;Sudeste
31;Minas Gerais; MG;3143401;314340;Monte Sião;Sudeste
31;Minas Gerais; MG;3143450;314345;Montezuma;Sudeste
31;Minas Gerais; MG;3143500;314350;Morada Nova de Minas;Sudeste
31;Minas Gerais; MG;3143609;314360;Morro da Garça;Sudeste
31;Minas Gerais; MG;3143708;314370;Morro do Pilar;Sudeste
31;Minas Gerais; MG;3143807;314380;Munhoz;Sudeste
31;Minas Gerais; MG;3143906;314390;Muriaé;Sudeste
31;Minas Gerais; MG;3144003;314400;Mutum;Sudeste
31;Minas Gerais; MG;3144102;314410;Muzambinho;Sudeste
31;Minas Gerais; MG;3144201;314420;Nacip Raydan;Sudeste
31;Minas Gerais; MG;3144300;314430;Nanuque;Sudeste
31;Minas Gerais; MG;3144359;314435;Naque;Sudeste
31;Minas Gerais; MG;3144375;314437;Natalândia;Sudeste
31;Minas Gerais; MG;3144409;314440;Natércia;Sudeste
31;Minas Gerais; MG;3144508;314450;Nazareno;Sudeste
31;Minas Gerais; MG;3144607;314460;Nepomuceno;Sudeste
31;Minas Gerais; MG;3144656;314465;Ninheira;Sudeste
31;Minas Gerais; MG;3144672;314467;Nova Belém;Sudeste
31;Minas Gerais; MG;3144706;314470;Nova Era;Sudeste
31;Minas Gerais; MG;3144805;314480;Nova Lima;Sudeste
31;Minas Gerais; MG;3144904;314490;Nova Módica;Sudeste
31;Minas Gerais; MG;3145000;314500;Nova Ponte;Sudeste
31;Minas Gerais; MG;3145059;314505;Nova Porteirinha;Sudeste
31;Minas Gerais; MG;3145109;314510;Nova Resende;Sudeste
31;Minas Gerais; MG;3145208;314520;Nova Serrana;Sudeste
31;Minas Gerais; MG;3145307;314530;Novo Cruzeiro;Sudeste
31;Minas Gerais; MG;3145356;314535;Novo Oriente de Minas;Sudeste
31;Minas Gerais; MG;3145372;314537;Novorizonte;Sudeste
31;Minas Gerais; MG;3145406;314540;Olaria;Sudeste
31;Minas Gerais; MG;3145455;314545;Olhos-D'água;Sudeste
31;Minas Gerais; MG;3145505;314550;Olímpio Noronha;Sudeste
31;Minas Gerais; MG;3145604;314560;Oliveira;Sudeste
31;Minas Gerais; MG;3145703;314570;Oliveira Fortes;Sudeste
31;Minas Gerais; MG;3145802;314580;Onça de Pitangui;Sudeste
31;Minas Gerais; MG;3145851;314585;Oratórios;Sudeste
31;Minas Gerais; MG;3145877;314587;Orizânia;Sudeste
31;Minas Gerais; MG;3145901;314590;Ouro Branco;Sudeste
31;Minas Gerais; MG;3146008;314600;Ouro Fino;Sudeste
31;Minas Gerais; MG;3146107;314610;Ouro Preto;Sudeste
31;Minas Gerais; MG;3146206;314620;Ouro Verde de Minas;Sudeste
31;Minas Gerais; MG;3146255;314625;Padre Carvalho;Sudeste
31;Minas Gerais; MG;3146305;314630;Padre Paraíso;Sudeste
31;Minas Gerais; MG;3146404;314640;Paineiras;Sudeste
31;Minas Gerais; MG;3146503;314650;Pains;Sudeste
31;Minas Gerais; MG;3146552;314655;Pai Pedro;Sudeste
31;Minas Gerais; MG;3146602;314660;Paiva;Sudeste
31;Minas Gerais; MG;3146701;314670;Palma;Sudeste
31;Minas Gerais; MG;3146750;314675;Palmópolis;Sudeste
31;Minas Gerais; MG;3146909;314690;Papagaios;Sudeste
31;Minas Gerais; MG;3147006;314700;Paracatu;Sudeste
31;Minas Gerais; MG;3147105;314710;Pará de Minas;Sudeste
31;Minas Gerais; MG;3147204;314720;Paraguaçu;Sudeste
31;Minas Gerais; MG;3147303;314730;Paraisópolis;Sudeste
31;Minas Gerais; MG;3147402;314740;Paraopeba;Sudeste
31;Minas Gerais; MG;3147501;314750;Passabém;Sudeste
31;Minas Gerais; MG;3147600;314760;Passa Quatro;Sudeste
31;Minas Gerais; MG;3147709;314770;Passa Tempo;Sudeste
31;Minas Gerais; MG;3147808;314780;Passa-Vinte;Sudeste
31;Minas Gerais; MG;3147907;314790;Passos;Sudeste
31;Minas Gerais; MG;3147956;314795;Patis;Sudeste
31;Minas Gerais; MG;3148004;314800;Patos de Minas;Sudeste
31;Minas Gerais; MG;3148103;314810;Patrocínio;Sudeste
31;Minas Gerais; MG;3148202;314820;Patrocínio do Muriaé;Sudeste
31;Minas Gerais; MG;3148301;314830;Paula Cândido;Sudeste
31;Minas Gerais; MG;3148400;314840;Paulistas;Sudeste
31;Minas Gerais; MG;3148509;314850;Pavão;Sudeste
31;Minas Gerais; MG;3148608;314860;Peçanha;Sudeste
31;Minas Gerais; MG;3148707;314870;Pedra Azul;Sudeste
31;Minas Gerais; MG;3148756;314875;Pedra Bonita;Sudeste
31;Minas Gerais; MG;3148806;314880;Pedra do Anta;Sudeste
31;Minas Gerais; MG;3148905;314890;Pedra do Indaiá;Sudeste
31;Minas Gerais; MG;3149002;314900;Pedra dourada;Sudeste
31;Minas Gerais; MG;3149101;314910;Pedralva;Sudeste
31;Minas Gerais; MG;3149150;314915;Pedras de Maria da Cruz;Sudeste
31;Minas Gerais; MG;3149200;314920;Pedrinópolis;Sudeste
31;Minas Gerais; MG;3149309;314930;Pedro Leopoldo;Sudeste
31;Minas Gerais; MG;3149408;314940;Pedro Teixeira;Sudeste
31;Minas Gerais; MG;3149507;314950;Pequeri;Sudeste
31;Minas Gerais; MG;3149606;314960;Pequi;Sudeste
31;Minas Gerais; MG;3149705;314970;Perdigão;Sudeste
31;Minas Gerais; MG;3149804;314980;Perdizes;Sudeste
31;Minas Gerais; MG;3149903;314990;Perdões;Sudeste
31;Minas Gerais; MG;3149952;314995;Periquito;Sudeste
31;Minas Gerais; MG;3150000;315000;Pescador;Sudeste
31;Minas Gerais; MG;3150109;315010;Piau;Sudeste
31;Minas Gerais; MG;3150158;315015;Piedade de Caratinga;Sudeste
31;Minas Gerais; MG;3150208;315020;Piedade de Ponte Nova;Sudeste
31;Minas Gerais; MG;3150307;315030;Piedade do Rio Grande;Sudeste
31;Minas Gerais; MG;3150406;315040;Piedade dos Gerais;Sudeste
31;Minas Gerais; MG;3150505;315050;Pimenta;Sudeste
31;Minas Gerais; MG;3150539;315053;Pingo-D'água;Sudeste
31;Minas Gerais; MG;3150570;315057;Pintópolis;Sudeste
31;Minas Gerais; MG;3150604;315060;Piracema;Sudeste
31;Minas Gerais; MG;3150703;315070;Pirajuba;Sudeste
31;Minas Gerais; MG;3150802;315080;Piranga;Sudeste
31;Minas Gerais; MG;3150901;315090;Piranguçu;Sudeste
31;Minas Gerais; MG;3151008;315100;Piranguinho;Sudeste
31;Minas Gerais; MG;3151107;315110;Pirapetinga;Sudeste
31;Minas Gerais; MG;3151206;315120;Pirapora;Sudeste
31;Minas Gerais; MG;3151305;315130;Piraúba;Sudeste
31;Minas Gerais; MG;3151404;315140;Pitangui;Sudeste
31;Minas Gerais; MG;3151503;315150;Piumhi;Sudeste
31;Minas Gerais; MG;3151602;315160;Planura;Sudeste
31;Minas Gerais; MG;3151701;315170;Poço Fundo;Sudeste
31;Minas Gerais; MG;3151800;315180;Poços de Caldas;Sudeste
31;Minas Gerais; MG;3151909;315190;Pocrane;Sudeste
31;Minas Gerais; MG;3152006;315200;Pompéu;Sudeste
31;Minas Gerais; MG;3152105;315210;Ponte Nova;Sudeste
31;Minas Gerais; MG;3152131;315213;Ponto Chique;Sudeste
31;Minas Gerais; MG;3152170;315217;Ponto dos Volantes;Sudeste
31;Minas Gerais; MG;3152204;315220;Porteirinha;Sudeste
31;Minas Gerais; MG;3152303;315230;Porto Firme;Sudeste
31;Minas Gerais; MG;3152402;315240;Poté;Sudeste
31;Minas Gerais; MG;3152501;315250;Pouso Alegre;Sudeste
31;Minas Gerais; MG;3152600;315260;Pouso Alto;Sudeste
31;Minas Gerais; MG;3152709;315270;Prados;Sudeste
31;Minas Gerais; MG;3152808;315280;Prata;Sudeste
31;Minas Gerais; MG;3152907;315290;Pratápolis;Sudeste
31;Minas Gerais; MG;3153004;315300;Pratinha;Sudeste
31;Minas Gerais; MG;3153103;315310;Presidente Bernardes;Sudeste
31;Minas Gerais; MG;3153202;315320;Presidente Juscelino;Sudeste
31;Minas Gerais; MG;3153301;315330;Presidente Kubitschek;Sudeste
31;Minas Gerais; MG;3153400;315340;Presidente Olegário;Sudeste
31;Minas Gerais; MG;3153509;315350;Alto Jequitibá;Sudeste
31;Minas Gerais; MG;3153608;315360;Prudente de Morais;Sudeste
31;Minas Gerais; MG;3153707;315370;Quartel Geral;Sudeste
31;Minas Gerais; MG;3153806;315380;Queluzito;Sudeste
31;Minas Gerais; MG;3153905;315390;Raposos;Sudeste
31;Minas Gerais; MG;3154002;315400;Raul Soares;Sudeste
31;Minas Gerais; MG;3154101;315410;Recreio;Sudeste
31;Minas Gerais; MG;3154150;315415;Reduto;Sudeste
31;Minas Gerais; MG;3154200;315420;Resende Costa;Sudeste
31;Minas Gerais; MG;3154309;315430;Resplendor;Sudeste
31;Minas Gerais; MG;3154408;315440;Ressaquinha;Sudeste
31;Minas Gerais; MG;3154457;315445;Riachinho;Sudeste
31;Minas Gerais; MG;3154507;315450;Riacho dos Machados;Sudeste
31;Minas Gerais; MG;3154606;315460;Ribeirão das Neves;Sudeste
31;Minas Gerais; MG;3154705;315470;Ribeirão Vermelho;Sudeste
31;Minas Gerais; MG;3154804;315480;Rio Acima;Sudeste
31;Minas Gerais; MG;3154903;315490;Rio Casca;Sudeste
31;Minas Gerais; MG;3155009;315500;Rio doce;Sudeste
31;Minas Gerais; MG;3155108;315510;Rio do Prado;Sudeste
31;Minas Gerais; MG;3155207;315520;Rio Espera;Sudeste
31;Minas Gerais; MG;3155306;315530;Rio Manso;Sudeste
31;Minas Gerais; MG;3155405;315540;Rio Novo;Sudeste
31;Minas Gerais; MG;3155504;315550;Rio Paranaíba;Sudeste
31;Minas Gerais; MG;3155603;315560;Rio Pardo de Minas;Sudeste
31;Minas Gerais; MG;3155702;315570;Rio Piracicaba;Sudeste
31;Minas Gerais; MG;3155801;315580;Rio Pomba;Sudeste
31;Minas Gerais; MG;3155900;315590;Rio Preto;Sudeste
31;Minas Gerais; MG;3156007;315600;Rio Vermelho;Sudeste
31;Minas Gerais; MG;3156106;315610;Ritápolis;Sudeste
31;Minas Gerais; MG;3156205;315620;Rochedo de Minas;Sudeste
31;Minas Gerais; MG;3156304;315630;Rodeiro;Sudeste
31;Minas Gerais; MG;3156403;315640;Romaria;Sudeste
31;Minas Gerais; MG;3156452;315645;Rosário da Limeira;Sudeste
31;Minas Gerais; MG;3156502;315650;Rubelita;Sudeste
31;Minas Gerais; MG;3156601;315660;Rubim;Sudeste
31;Minas Gerais; MG;3156700;315670;Sabará;Sudeste
31;Minas Gerais; MG;3156809;315680;Sabinópolis;Sudeste
31;Minas Gerais; MG;3156908;315690;Sacramento;Sudeste
31;Minas Gerais; MG;3157005;315700;Salinas;Sudeste
31;Minas Gerais; MG;3157104;315710;Salto da Divisa;Sudeste
31;Minas Gerais; MG;3157203;315720;Santa Bárbara;Sudeste
31;Minas Gerais; MG;3157252;315725;Santa Bárbara do Leste;Sudeste
31;Minas Gerais; MG;3157278;315727;Santa Bárbara do Monte Verde;Sudeste
31;Minas Gerais; MG;3157302;315730;Santa Bárbara do Tugúrio;Sudeste
31;Minas Gerais; MG;3157336;315733;Santa Cruz de Minas;Sudeste
31;Minas Gerais; MG;3157377;315737;Santa Cruz de Salinas;Sudeste
31;Minas Gerais; MG;3157401;315740;Santa Cruz do Escalvado;Sudeste
31;Minas Gerais; MG;3157500;315750;Santa Efigênia de Minas;Sudeste
31;Minas Gerais; MG;3157609;315760;Santa Fé de Minas;Sudeste
31;Minas Gerais; MG;3157658;315765;Santa Helena de Minas;Sudeste
31;Minas Gerais; MG;3157708;315770;Santa Juliana;Sudeste
31;Minas Gerais; MG;3157807;315780;Santa Luzia;Sudeste
31;Minas Gerais; MG;3157906;315790;Santa Margarida;Sudeste
31;Minas Gerais; MG;3158003;315800;Santa Maria de Itabira;Sudeste
31;Minas Gerais; MG;3158102;315810;Santa Maria do Salto;Sudeste
31;Minas Gerais; MG;3158201;315820;Santa Maria do Suaçuí;Sudeste
31;Minas Gerais; MG;3158300;315830;Santana da Vargem;Sudeste
31;Minas Gerais; MG;3158409;315840;Santana de Cataguases;Sudeste
31;Minas Gerais; MG;3158508;315850;Santana de Pirapama;Sudeste
31;Minas Gerais; MG;3158607;315860;Santana do deserto;Sudeste
31;Minas Gerais; MG;3158706;315870;Santana do Garambéu;Sudeste
31;Minas Gerais; MG;3158805;315880;Santana do Jacaré;Sudeste
31;Minas Gerais; MG;3158904;315890;Santana do Manhuaçu;Sudeste
31;Minas Gerais; MG;3158953;315895;Santana do Paraíso;Sudeste
31;Minas Gerais; MG;3159001;315900;Santana do Riacho;Sudeste
31;Minas Gerais; MG;3159100;315910;Santana dos Montes;Sudeste
31;Minas Gerais; MG;3159209;315920;Santa Rita de Caldas;Sudeste
31;Minas Gerais; MG;3159308;315930;Santa Rita de Jacutinga;Sudeste
31;Minas Gerais; MG;3159357;315935;Santa Rita de Minas;Sudeste
31;Minas Gerais; MG;3159407;315940;Santa Rita de Ibitipoca;Sudeste
31;Minas Gerais; MG;3159506;315950;Santa Rita do Itueto;Sudeste
31;Minas Gerais; MG;3159605;315960;Santa Rita do Sapucaí;Sudeste
31;Minas Gerais; MG;3159704;315970;Santa Rosa da Serra;Sudeste
31;Minas Gerais; MG;3159803;315980;Santa Vitória;Sudeste
31;Minas Gerais; MG;3159902;315990;Santo Antônio do Amparo;Sudeste
31;Minas Gerais; MG;3160009;316000;Santo Antônio do Aventureiro;Sudeste
31;Minas Gerais; MG;3160108;316010;Santo Antônio do Grama;Sudeste
31;Minas Gerais; MG;3160207;316020;Santo Antônio do Itambé;Sudeste
31;Minas Gerais; MG;3160306;316030;Santo Antônio do Jacinto;Sudeste
31;Minas Gerais; MG;3160405;316040;Santo Antônio do Monte;Sudeste
31;Minas Gerais; MG;3160454;316045;Santo Antônio do Retiro;Sudeste
31;Minas Gerais; MG;3160504;316050;Santo Antônio do Rio Abaixo;Sudeste
31;Minas Gerais; MG;3160603;316060;Santo Hipólito;Sudeste
31;Minas Gerais; MG;3160702;316070;Santos Dumont;Sudeste
31;Minas Gerais; MG;3160801;316080;São Bento Abade;Sudeste
31;Minas Gerais; MG;3160900;316090;São Brás do Suaçuí;Sudeste
31;Minas Gerais; MG;3160959;316095;São domingos das dores;Sudeste
31;Minas Gerais; MG;3161007;316100;São domingos do Prata;Sudeste
31;Minas Gerais; MG;3161056;316105;São Félix de Minas;Sudeste
31;Minas Gerais; MG;3161106;316110;São Francisco;Sudeste
31;Minas Gerais; MG;3161205;316120;São Francisco de Paula;Sudeste
31;Minas Gerais; MG;3161304;316130;São Francisco de Sales;Sudeste
31;Minas Gerais; MG;3161403;316140;São Francisco do Glória;Sudeste
31;Minas Gerais; MG;3161502;316150;São Geraldo;Sudeste
31;Minas Gerais; MG;3161601;316160;São Geraldo da Piedade;Sudeste
31;Minas Gerais; MG;3161650;316165;São Geraldo do Baixio;Sudeste
31;Minas Gerais; MG;3161700;316170;São Gonçalo do Abaeté;Sudeste
31;Minas Gerais; MG;3161809;316180;São Gonçalo do Pará;Sudeste
31;Minas Gerais; MG;3161908;316190;São Gonçalo do Rio Abaixo;Sudeste
31;Minas Gerais; MG;3162005;316200;São Gonçalo do Sapucaí;Sudeste
31;Minas Gerais; MG;3162104;316210;São Gotardo;Sudeste
31;Minas Gerais; MG;3162203;316220;São João Batista do Glória;Sudeste
31;Minas Gerais; MG;3162252;316225;São João da Lagoa;Sudeste
31;Minas Gerais; MG;3162302;316230;São João da Mata;Sudeste
31;Minas Gerais; MG;3162401;316240;São João da Ponte;Sudeste
31;Minas Gerais; MG;3162450;316245;São João das Missões;Sudeste
31;Minas Gerais; MG;3162500;316250;São João del Rei;Sudeste
31;Minas Gerais; MG;3162559;316255;São João do Manhuaçu;Sudeste
31;Minas Gerais; MG;3162575;316257;São João do Manteninha;Sudeste
31;Minas Gerais; MG;3162609;316260;São João do Oriente;Sudeste
31;Minas Gerais; MG;3162658;316265;São João do Pacuí;Sudeste
31;Minas Gerais; MG;3162708;316270;São João do Paraíso;Sudeste
31;Minas Gerais; MG;3162807;316280;São João Evangelista;Sudeste
31;Minas Gerais; MG;3162906;316290;São João Nepomuceno;Sudeste
31;Minas Gerais; MG;3162922;316292;São Joaquim de Bicas;Sudeste
31;Minas Gerais; MG;3162948;316294;São José da Barra;Sudeste
31;Minas Gerais; MG;3162955;316295;São José da Lapa;Sudeste
31;Minas Gerais; MG;3163003;316300;São José da Safira;Sudeste
31;Minas Gerais; MG;3163102;316310;São José da Varginha;Sudeste
31;Minas Gerais; MG;3163201;316320;São José do Alegre;Sudeste
31;Minas Gerais; MG;3163300;316330;São José do Divino;Sudeste
31;Minas Gerais; MG;3163409;316340;São José do Goiabal;Sudeste
31;Minas Gerais; MG;3163508;316350;São José do Jacuri;Sudeste
31;Minas Gerais; MG;3163607;316360;São José do Mantimento;Sudeste
31;Minas Gerais; MG;3163706;316370;São Lourenço;Sudeste
31;Minas Gerais; MG;3163805;316380;São Miguel do Anta;Sudeste
31;Minas Gerais; MG;3163904;316390;São Pedro da União;Sudeste
31;Minas Gerais; MG;3164001;316400;São Pedro dos Ferros;Sudeste
31;Minas Gerais; MG;3164100;316410;São Pedro do Suaçuí;Sudeste
31;Minas Gerais; MG;3164209;316420;São Romão;Sudeste
31;Minas Gerais; MG;3164308;316430;São Roque de Minas;Sudeste
31;Minas Gerais; MG;3164407;316440;São Sebastião da Bela Vista;Sudeste
31;Minas Gerais; MG;3164431;316443;São Sebastião da Vargem Alegre;Sudeste
31;Minas Gerais; MG;3164472;316447;São Sebastião do Anta;Sudeste
31;Minas Gerais; MG;3164506;316450;São Sebastião do Maranhão;Sudeste
31;Minas Gerais; MG;3164605;316460;São Sebastião do Oeste;Sudeste
31;Minas Gerais; MG;3164704;316470;São Sebastião do Paraíso;Sudeste
31;Minas Gerais; MG;3164803;316480;São Sebastião do Rio Preto;Sudeste
31;Minas Gerais; MG;3164902;316490;São Sebastião do Rio Verde;Sudeste
31;Minas Gerais; MG;3165008;316500;São Tiago;Sudeste
31;Minas Gerais; MG;3165107;316510;São Tomás de Aquino;Sudeste
31;Minas Gerais; MG;3165206;316520;São Thomé das Letras;Sudeste
31;Minas Gerais; MG;3165305;316530;São Vicente de Minas;Sudeste
31;Minas Gerais; MG;3165404;316540;Sapucaí-Mirim;Sudeste
31;Minas Gerais; MG;3165503;316550;Sardoá;Sudeste
31;Minas Gerais; MG;3165537;316553;Sarzedo;Sudeste
31;Minas Gerais; MG;3165552;316555;Setubinha;Sudeste
31;Minas Gerais; MG;3165560;316556;Sem-Peixe;Sudeste
31;Minas Gerais; MG;3165578;316557;Senador Amaral;Sudeste
31;Minas Gerais; MG;3165602;316560;Senador Cortes;Sudeste
31;Minas Gerais; MG;3165701;316570;Senador Firmino;Sudeste
31;Minas Gerais; MG;3165800;316580;Senador José Bento;Sudeste
31;Minas Gerais; MG;3165909;316590;Senador Modestino Gonçalves;Sudeste
31;Minas Gerais; MG;3166006;316600;Senhora de Oliveira;Sudeste
31;Minas Gerais; MG;3166105;316610;Senhora do Porto;Sudeste
31;Minas Gerais; MG;3166204;316620;Senhora dos Remédios;Sudeste
31;Minas Gerais; MG;3166303;316630;Sericita;Sudeste
31;Minas Gerais; MG;3166402;316640;Seritinga;Sudeste
31;Minas Gerais; MG;3166501;316650;Serra Azul de Minas;Sudeste
31;Minas Gerais; MG;3166600;316660;Serra da Saudade;Sudeste
31;Minas Gerais; MG;3166709;316670;Serra dos Aimorés;Sudeste
31;Minas Gerais; MG;3166808;316680;Serra do Salitre;Sudeste
31;Minas Gerais; MG;3166907;316690;Serrania;Sudeste
31;Minas Gerais; MG;3166956;316695;Serranópolis de Minas;Sudeste
31;Minas Gerais; MG;3167004;316700;Serranos;Sudeste
31;Minas Gerais; MG;3167103;316710;Serro;Sudeste
31;Minas Gerais; MG;3167202;316720;Sete Lagoas;Sudeste
31;Minas Gerais; MG;3167301;316730;Silveirânia;Sudeste
31;Minas Gerais; MG;3167400;316740;Silvianópolis;Sudeste
31;Minas Gerais; MG;3167509;316750;Simão Pereira;Sudeste
31;Minas Gerais; MG;3167608;316760;Simonésia;Sudeste
31;Minas Gerais; MG;3167707;316770;Sobrália;Sudeste
31;Minas Gerais; MG;3167806;316780;Soledade de Minas;Sudeste
31;Minas Gerais; MG;3167905;316790;Tabuleiro;Sudeste
31;Minas Gerais; MG;3168002;316800;Taiobeiras;Sudeste
31;Minas Gerais; MG;3168051;316805;Taparuba;Sudeste
31;Minas Gerais; MG;3168101;316810;Tapira;Sudeste
31;Minas Gerais; MG;3168200;316820;Tapiraí;Sudeste
31;Minas Gerais; MG;3168309;316830;Taquaraçu de Minas;Sudeste
31;Minas Gerais; MG;3168408;316840;Tarumirim;Sudeste
31;Minas Gerais; MG;3168507;316850;Teixeiras;Sudeste
31;Minas Gerais; MG;3168606;316860;Teófilo Otoni;Sudeste
31;Minas Gerais; MG;3168705;316870;Timóteo;Sudeste
31;Minas Gerais; MG;3168804;316880;Tiradentes;Sudeste
31;Minas Gerais; MG;3168903;316890;Tiros;Sudeste
31;Minas Gerais; MG;3169000;316900;Tocantins;Sudeste
31;Minas Gerais; MG;3169059;316905;Tocos do Moji;Sudeste
31;Minas Gerais; MG;3169109;316910;Toledo;Sudeste
31;Minas Gerais; MG;3169208;316920;Tombos;Sudeste
31;Minas Gerais; MG;3169307;316930;Três Corações;Sudeste
31;Minas Gerais; MG;3169356;316935;Três Marias;Sudeste
31;Minas Gerais; MG;3169406;316940;Três Pontas;Sudeste
31;Minas Gerais; MG;3169505;316950;Tumiritinga;Sudeste
31;Minas Gerais; MG;3169604;316960;Tupaciguara;Sudeste
31;Minas Gerais; MG;3169703;316970;Turmalina;Sudeste
31;Minas Gerais; MG;3169802;316980;Turvolândia;Sudeste
31;Minas Gerais; MG;3169901;316990;Ubá;Sudeste
31;Minas Gerais; MG;3170008;317000;Ubaí;Sudeste
31;Minas Gerais; MG;3170057;317005;Ubaporanga;Sudeste
31;Minas Gerais; MG;3170107;317010;Uberaba;Sudeste
31;Minas Gerais; MG;3170206;317020;Uberlândia;Sudeste
31;Minas Gerais; MG;3170305;317030;Umburatiba;Sudeste
31;Minas Gerais; MG;3170404;317040;Unaí;Sudeste
31;Minas Gerais; MG;3170438;317043;União de Minas;Sudeste
31;Minas Gerais; MG;3170479;317047;Uruana de Minas;Sudeste
31;Minas Gerais; MG;3170503;317050;Urucânia;Sudeste
31;Minas Gerais; MG;3170529;317052;Urucuia;Sudeste
31;Minas Gerais; MG;3170578;317057;Vargem Alegre;Sudeste
31;Minas Gerais; MG;3170602;317060;Vargem Bonita;Sudeste
31;Minas Gerais; MG;3170651;317065;Vargem Grande do Rio Pardo;Sudeste
31;Minas Gerais; MG;3170701;317070;Varginha;Sudeste
31;Minas Gerais; MG;3170750;317075;Varjão de Minas;Sudeste
31;Minas Gerais; MG;3170800;317080;Várzea da Palma;Sudeste
31;Minas Gerais; MG;3170909;317090;Varzelândia;Sudeste
31;Minas Gerais; MG;3171006;317100;Vazante;Sudeste
31;Minas Gerais; MG;3171030;317103;Verdelândia;Sudeste
31;Minas Gerais; MG;3171071;317107;Veredinha;Sudeste
31;Minas Gerais; MG;3171105;317110;Veríssimo;Sudeste
31;Minas Gerais; MG;3171154;317115;Vermelho Novo;Sudeste
31;Minas Gerais; MG;3171204;317120;Vespasiano;Sudeste
31;Minas Gerais; MG;3171303;317130;Viçosa;Sudeste
31;Minas Gerais; MG;3171402;317140;Vieiras;Sudeste
31;Minas Gerais; MG;3171501;317150;Mathias Lobato;Sudeste
31;Minas Gerais; MG;3171600;317160;Virgem da Lapa;Sudeste
31;Minas Gerais; MG;3171709;317170;Virgínia;Sudeste
31;Minas Gerais; MG;3171808;317180;Virginópolis;Sudeste
31;Minas Gerais; MG;3171907;317190;Virgolândia;Sudeste
31;Minas Gerais; MG;3172004;317200;Visconde do Rio Branco;Sudeste
31;Minas Gerais; MG;3172103;317210;Volta Grande;Sudeste
31;Minas Gerais; MG;3172202;317220;Wenceslau Braz;Sudeste
32;Espírito Santo; ES;3200102;320010;Afonso Cláudio;Sudeste
32;Espírito Santo; ES;3200136;320013;Águia Branca;Sudeste
32;Espírito Santo; ES;3200169;320016;Água doce do Norte;Sudeste
32;Espírito Santo; ES;3200201;320020;Alegre;Sudeste
32;Espírito Santo; ES;3200300;320030;Alfredo Chaves;Sudeste
32;Espírito Santo; ES;3200359;320035;Alto Rio Novo;Sudeste
32;Espírito Santo; ES;3200409;320040;Anchieta;Sudeste
32;Espírito Santo; ES;3200508;320050;Apiacá;Sudeste
32;Espírito Santo; ES;3200607;320060;Aracruz;Sudeste
32;Espírito Santo; ES;3200706;320070;Atilio Vivacqua;Sudeste
32;Espírito Santo; ES;3200805;320080;Baixo Guandu;Sudeste
32;Espírito Santo; ES;3200904;320090;Barra de São Francisco;Sudeste
32;Espírito Santo; ES;3201001;320100;Boa Esperança;Sudeste
32;Espírito Santo; ES;3201100;320110;Bom Jesus do Norte;Sudeste
32;Espírito Santo; ES;3201159;320115;Brejetuba;Sudeste
32;Espírito Santo; ES;3201209;320120;Cachoeiro de Itapemirim;Sudeste
32;Espírito Santo; ES;3201308;320130;Cariacica;Sudeste
32;Espírito Santo; ES;3201407;320140;Castelo;Sudeste
32;Espírito Santo; ES;3201506;320150;Colatina;Sudeste
32;Espírito Santo; ES;3201605;320160;Conceição da Barra;Sudeste
32;Espírito Santo; ES;3201704;320170;Conceição do Castelo;Sudeste
32;Espírito Santo; ES;3201803;320180;Divino de São Lourenço;Sudeste
32;Espírito Santo; ES;3201902;320190;domingos Martins;Sudeste
32;Espírito Santo; ES;3202009;320200;dores do Rio Preto;Sudeste
32;Espírito Santo; ES;3202108;320210;Ecoporanga;Sudeste
32;Espírito Santo; ES;3202207;320220;Fundão;Sudeste
32;Espírito Santo; ES;3202256;320225;Governador Lindenberg;Sudeste
32;Espírito Santo; ES;3202306;320230;Guaçuí;Sudeste
32;Espírito Santo; ES;3202405;320240;Guarapari;Sudeste
32;Espírito Santo; ES;3202454;320245;Ibatiba;Sudeste
32;Espírito Santo; ES;3202504;320250;Ibiraçu;Sudeste
32;Espírito Santo; ES;3202553;320255;Ibitirama;Sudeste
32;Espírito Santo; ES;3202603;320260;Iconha;Sudeste
32;Espírito Santo; ES;3202652;320265;Irupi;Sudeste
32;Espírito Santo; ES;3202702;320270;Itaguaçu;Sudeste
32;Espírito Santo; ES;3202801;320280;Itapemirim;Sudeste
32;Espírito Santo; ES;3202900;320290;Itarana;Sudeste
32;Espírito Santo; ES;3203007;320300;Iúna;Sudeste
32;Espírito Santo; ES;3203056;320305;Jaguaré;Sudeste
32;Espírito Santo; ES;3203106;320310;Jerônimo Monteiro;Sudeste
32;Espírito Santo; ES;3203130;320313;João Neiva;Sudeste
32;Espírito Santo; ES;3203163;320316;Laranja da Terra;Sudeste
32;Espírito Santo; ES;3203205;320320;Linhares;Sudeste
32;Espírito Santo; ES;3203304;320330;Mantenópolis;Sudeste
32;Espírito Santo; ES;3203320;320332;Marataízes;Sudeste
32;Espírito Santo; ES;3203346;320334;Marechal Floriano;Sudeste
32;Espírito Santo; ES;3203353;320335;Marilândia;Sudeste
32;Espírito Santo; ES;3203403;320340;Mimoso do Sul;Sudeste
32;Espírito Santo; ES;3203502;320350;Montanha;Sudeste
32;Espírito Santo; ES;3203601;320360;Mucurici;Sudeste
32;Espírito Santo; ES;3203700;320370;Muniz Freire;Sudeste
32;Espírito Santo; ES;3203809;320380;Muqui;Sudeste
32;Espírito Santo; ES;3203908;320390;Nova Venécia;Sudeste
32;Espírito Santo; ES;3204005;320400;Pancas;Sudeste
32;Espírito Santo; ES;3204054;320405;Pedro Canário;Sudeste
32;Espírito Santo; ES;3204104;320410;Pinheiros;Sudeste
32;Espírito Santo; ES;3204203;320420;Piúma;Sudeste
32;Espírito Santo; ES;3204252;320425;Ponto Belo;Sudeste
32;Espírito Santo; ES;3204302;320430;Presidente Kennedy;Sudeste
32;Espírito Santo; ES;3204351;320435;Rio Bananal;Sudeste
32;Espírito Santo; ES;3204401;320440;Rio Novo do Sul;Sudeste
32;Espírito Santo; ES;3204500;320450;Santa Leopoldina;Sudeste
32;Espírito Santo; ES;3204559;320455;Santa Maria de Jetibá;Sudeste
32;Espírito Santo; ES;3204609;320460;Santa Teresa;Sudeste
32;Espírito Santo; ES;3204658;320465;São domingos do Norte;Sudeste
32;Espírito Santo; ES;3204708;320470;São Gabriel da Palha;Sudeste
32;Espírito Santo; ES;3204807;320480;São José do Calçado;Sudeste
32;Espírito Santo; ES;3204906;320490;São Mateus;Sudeste
32;Espírito Santo; ES;3204955;320495;São Roque do Canaã;Sudeste
32;Espírito Santo; ES;3205002;320500;Serra;Sudeste
32;Espírito Santo; ES;3205010;320501;Sooretama;Sudeste
32;Espírito Santo; ES;3205036;320503;Vargem Alta;Sudeste
32;Espírito Santo; ES;3205069;320506;Venda Nova do Imigrante;Sudeste
32;Espírito Santo; ES;3205101;320510;Viana;Sudeste
32;Espírito Santo; ES;3205150;320515;Vila Pavão;Sudeste
32;Espírito Santo; ES;3205176;320517;Vila Valério;Sudeste
32;Espírito Santo; ES;3205200;320520;Vila Velha;Sudeste
32;Espírito Santo; ES;3205309;320530;Vitória;Sudeste
33;Rio de Janeiro; RJ;3300100;330010;Angra dos Reis;Sudeste
33;Rio de Janeiro; RJ;3300159;330015;Aperibé;Sudeste
33;Rio de Janeiro; RJ;3300209;330020;Araruama;Sudeste
33;Rio de Janeiro; RJ;3300225;330022;Areal;Sudeste
33;Rio de Janeiro; RJ;3300233;330023;Armação dos Búzios;Sudeste
33;Rio de Janeiro; RJ;3300258;330025;Arraial do Cabo;Sudeste
33;Rio de Janeiro; RJ;3300308;330030;Barra do Piraí;Sudeste
33;Rio de Janeiro; RJ;3300407;330040;Barra Mansa;Sudeste
33;Rio de Janeiro; RJ;3300456;330045;Belford Roxo;Sudeste
33;Rio de Janeiro; RJ;3300506;330050;Bom Jardim;Sudeste
33;Rio de Janeiro; RJ;3300605;330060;Bom Jesus do Itabapoana;Sudeste
33;Rio de Janeiro; RJ;3300704;330070;Cabo Frio;Sudeste
33;Rio de Janeiro; RJ;3300803;330080;Cachoeiras de Macacu;Sudeste
33;Rio de Janeiro; RJ;3300902;330090;Cambuci;Sudeste
33;Rio de Janeiro; RJ;3300936;330093;Carapebus;Sudeste
33;Rio de Janeiro; RJ;3300951;330095;Comendador Levy Gasparian;Sudeste
33;Rio de Janeiro; RJ;3301009;330100;Campos dos Goytacazes;Sudeste
33;Rio de Janeiro; RJ;3301108;330110;Cantagalo;Sudeste
33;Rio de Janeiro; RJ;3301157;330115;Cardoso Moreira;Sudeste
33;Rio de Janeiro; RJ;3301207;330120;Carmo;Sudeste
33;Rio de Janeiro; RJ;3301306;330130;Casimiro de Abreu;Sudeste
33;Rio de Janeiro; RJ;3301405;330140;Conceição de Macabu;Sudeste
33;Rio de Janeiro; RJ;3301504;330150;Cordeiro;Sudeste
33;Rio de Janeiro; RJ;3301603;330160;Duas Barras;Sudeste
33;Rio de Janeiro; RJ;3301702;330170;Duque de Caxias;Sudeste
33;Rio de Janeiro; RJ;3301801;330180;Engenheiro Paulo de Frontin;Sudeste
33;Rio de Janeiro; RJ;3301850;330185;Guapimirim;Sudeste
33;Rio de Janeiro; RJ;3301876;330187;Iguaba Grande;Sudeste
33;Rio de Janeiro; RJ;3301900;330190;Itaboraí;Sudeste
33;Rio de Janeiro; RJ;3302007;330200;Itaguaí;Sudeste
33;Rio de Janeiro; RJ;3302056;330205;Italva;Sudeste
33;Rio de Janeiro; RJ;3302106;330210;Itaocara;Sudeste
33;Rio de Janeiro; RJ;3302205;330220;Itaperuna;Sudeste
33;Rio de Janeiro; RJ;3302254;330225;Itatiaia;Sudeste
33;Rio de Janeiro; RJ;3302270;330227;Japeri;Sudeste
33;Rio de Janeiro; RJ;3302304;330230;Laje do Muriaé;Sudeste
33;Rio de Janeiro; RJ;3302403;330240;Macaé;Sudeste
33;Rio de Janeiro; RJ;3302452;330245;Macuco;Sudeste
33;Rio de Janeiro; RJ;3302502;330250;Magé;Sudeste
33;Rio de Janeiro; RJ;3302601;330260;Mangaratiba;Sudeste
33;Rio de Janeiro; RJ;3302700;330270;Maricá;Sudeste
33;Rio de Janeiro; RJ;3302809;330280;Mendes;Sudeste
33;Rio de Janeiro; RJ;3302858;330285;Mesquita;Sudeste
33;Rio de Janeiro; RJ;3302908;330290;Miguel Pereira;Sudeste
33;Rio de Janeiro; RJ;3303005;330300;Miracema;Sudeste
33;Rio de Janeiro; RJ;3303104;330310;Natividade;Sudeste
33;Rio de Janeiro; RJ;3303203;330320;Nilópolis;Sudeste
33;Rio de Janeiro; RJ;3303302;330330;Niterói;Sudeste
33;Rio de Janeiro; RJ;3303401;330340;Nova Friburgo;Sudeste
33;Rio de Janeiro; RJ;3303500;330350;Nova Iguaçu;Sudeste
33;Rio de Janeiro; RJ;3303609;330360;Paracambi;Sudeste
33;Rio de Janeiro; RJ;3303708;330370;Paraíba do Sul;Sudeste
33;Rio de Janeiro; RJ;3303807;330380;Paraty;Sudeste
33;Rio de Janeiro; RJ;3303856;330385;Paty do Alferes;Sudeste
33;Rio de Janeiro; RJ;3303906;330390;Petrópolis;Sudeste
33;Rio de Janeiro; RJ;3303955;330395;Pinheiral;Sudeste
33;Rio de Janeiro; RJ;3304003;330400;Piraí;Sudeste
33;Rio de Janeiro; RJ;3304102;330410;Porciúncula;Sudeste
33;Rio de Janeiro; RJ;3304110;330411;Porto Real;Sudeste
33;Rio de Janeiro; RJ;3304128;330412;Quatis;Sudeste
33;Rio de Janeiro; RJ;3304144;330414;Queimados;Sudeste
33;Rio de Janeiro; RJ;3304151;330415;Quissamã;Sudeste
33;Rio de Janeiro; RJ;3304201;330420;Resende;Sudeste
33;Rio de Janeiro; RJ;3304300;330430;Rio Bonito;Sudeste
33;Rio de Janeiro; RJ;3304409;330440;Rio Claro;Sudeste
33;Rio de Janeiro; RJ;3304508;330450;Rio das Flores;Sudeste
33;Rio de Janeiro; RJ;3304524;330452;Rio das Ostras;Sudeste
33;Rio de Janeiro; RJ;3304557;330455;Rio de Janeiro;Sudeste
33;Rio de Janeiro; RJ;3304607;330460;Santa Maria Madalena;Sudeste
33;Rio de Janeiro; RJ;3304706;330470;Santo Antônio de Pádua;Sudeste
33;Rio de Janeiro; RJ;3304755;330475;São Francisco de Itabapoana;Sudeste
33;Rio de Janeiro; RJ;3304805;330480;São Fidélis;Sudeste
33;Rio de Janeiro; RJ;3304904;330490;São Gonçalo;Sudeste
33;Rio de Janeiro; RJ;3305000;330500;São João da Barra;Sudeste
33;Rio de Janeiro; RJ;3305109;330510;São João de Meriti;Sudeste
33;Rio de Janeiro; RJ;3305133;330513;São José de Ubá;Sudeste
33;Rio de Janeiro; RJ;3305158;330515;São José do Vale do Rio Preto;Sudeste
33;Rio de Janeiro; RJ;3305208;330520;São Pedro da Aldeia;Sudeste
33;Rio de Janeiro; RJ;3305307;330530;São Sebastião do Alto;Sudeste
33;Rio de Janeiro; RJ;3305406;330540;Sapucaia;Sudeste
33;Rio de Janeiro; RJ;3305505;330550;Saquarema;Sudeste
33;Rio de Janeiro; RJ;3305554;330555;Seropédica;Sudeste
33;Rio de Janeiro; RJ;3305604;330560;Silva Jardim;Sudeste
33;Rio de Janeiro; RJ;3305703;330570;Sumidouro;Sudeste
33;Rio de Janeiro; RJ;3305752;330575;Tanguá;Sudeste
33;Rio de Janeiro; RJ;3305802;330580;Teresópolis;Sudeste
33;Rio de Janeiro; RJ;3305901;330590;Trajano de Moraes;Sudeste
33;Rio de Janeiro; RJ;3306008;330600;Três Rios;Sudeste
33;Rio de Janeiro; RJ;3306107;330610;Valença;Sudeste
33;Rio de Janeiro; RJ;3306156;330615;Varre-Sai;Sudeste
33;Rio de Janeiro; RJ;3306206;330620;Vassouras;Sudeste
33;Rio de Janeiro; RJ;3306305;330630;Volta Redonda;Sudeste
35;São Paulo; SP;3500105;350010;Adamantina;Sudeste
35;São Paulo; SP;3500204;350020;Adolfo;Sudeste
35;São Paulo; SP;3500303;350030;Aguaí;Sudeste
35;São Paulo; SP;3500402;350040;Águas da Prata;Sudeste
35;São Paulo; SP;3500501;350050;Águas de Lindóia;Sudeste
35;São Paulo; SP;3500550;350055;Águas de Santa Bárbara;Sudeste
35;São Paulo; SP;3500600;350060;Águas de São Pedro;Sudeste
35;São Paulo; SP;3500709;350070;Agudos;Sudeste
35;São Paulo; SP;3500758;350075;Alambari;Sudeste
35;São Paulo; SP;3500808;350080;Alfredo Marcondes;Sudeste
35;São Paulo; SP;3500907;350090;Altair;Sudeste
35;São Paulo; SP;3501004;350100;Altinópolis;Sudeste
35;São Paulo; SP;3501103;350110;Alto Alegre;Sudeste
35;São Paulo; SP;3501152;350115;Alumínio;Sudeste
35;São Paulo; SP;3501202;350120;Álvares Florence;Sudeste
35;São Paulo; SP;3501301;350130;Álvares Machado;Sudeste
35;São Paulo; SP;3501400;350140;Álvaro de Carvalho;Sudeste
35;São Paulo; SP;3501509;350150;Alvinlândia;Sudeste
35;São Paulo; SP;3501608;350160;Americana;Sudeste
35;São Paulo; SP;3501707;350170;Américo Brasiliense;Sudeste
35;São Paulo; SP;3501806;350180;Américo de Campos;Sudeste
35;São Paulo; SP;3501905;350190;Amparo;Sudeste
35;São Paulo; SP;3502002;350200;Analândia;Sudeste
35;São Paulo; SP;3502101;350210;Andradina;Sudeste
35;São Paulo; SP;3502200;350220;Angatuba;Sudeste
35;São Paulo; SP;3502309;350230;Anhembi;Sudeste
35;São Paulo; SP;3502408;350240;Anhumas;Sudeste
35;São Paulo; SP;3502507;350250;Aparecida;Sudeste
35;São Paulo; SP;3502606;350260;Aparecida D'oeste;Sudeste
35;São Paulo; SP;3502705;350270;Apiaí;Sudeste
35;São Paulo; SP;3502754;350275;Araçariguama;Sudeste
35;São Paulo; SP;3502804;350280;Araçatuba;Sudeste
35;São Paulo; SP;3502903;350290;Araçoiaba da Serra;Sudeste
35;São Paulo; SP;3503000;350300;Aramina;Sudeste
35;São Paulo; SP;3503109;350310;Arandu;Sudeste
35;São Paulo; SP;3503158;350315;Arapeí;Sudeste
35;São Paulo; SP;3503208;350320;Araraquara;Sudeste
35;São Paulo; SP;3503307;350330;Araras;Sudeste
35;São Paulo; SP;3503356;350335;Arco-Íris;Sudeste
35;São Paulo; SP;3503406;350340;Arealva;Sudeste
35;São Paulo; SP;3503505;350350;Areias;Sudeste
35;São Paulo; SP;3503604;350360;Areiópolis;Sudeste
35;São Paulo; SP;3503703;350370;Ariranha;Sudeste
35;São Paulo; SP;3503802;350380;Artur Nogueira;Sudeste
35;São Paulo; SP;3503901;350390;Arujá;Sudeste
35;São Paulo; SP;3503950;350395;Aspásia;Sudeste
35;São Paulo; SP;3504008;350400;Assis;Sudeste
35;São Paulo; SP;3504107;350410;Atibaia;Sudeste
35;São Paulo; SP;3504206;350420;Auriflama;Sudeste
35;São Paulo; SP;3504305;350430;Avaí;Sudeste
35;São Paulo; SP;3504404;350440;Avanhandava;Sudeste
35;São Paulo; SP;3504503;350450;Avaré;Sudeste
35;São Paulo; SP;3504602;350460;Bady Bassitt;Sudeste
35;São Paulo; SP;3504701;350470;Balbinos;Sudeste
35;São Paulo; SP;3504800;350480;Bálsamo;Sudeste
35;São Paulo; SP;3504909;350490;Bananal;Sudeste
35;São Paulo; SP;3505005;350500;Barão de Antonina;Sudeste
35;São Paulo; SP;3505104;350510;Barbosa;Sudeste
35;São Paulo; SP;3505203;350520;Bariri;Sudeste
35;São Paulo; SP;3505302;350530;Barra Bonita;Sudeste
35;São Paulo; SP;3505351;350535;Barra do Chapéu;Sudeste
35;São Paulo; SP;3505401;350540;Barra do Turvo;Sudeste
35;São Paulo; SP;3505500;350550;Barretos;Sudeste
35;São Paulo; SP;3505609;350560;Barrinha;Sudeste
35;São Paulo; SP;3505708;350570;Barueri;Sudeste
35;São Paulo; SP;3505807;350580;Bastos;Sudeste
35;São Paulo; SP;3505906;350590;Batatais;Sudeste
35;São Paulo; SP;3506003;350600;Bauru;Sudeste
35;São Paulo; SP;3506102;350610;Bebedouro;Sudeste
35;São Paulo; SP;3506201;350620;Bento de Abreu;Sudeste
35;São Paulo; SP;3506300;350630;Bernardino de Campos;Sudeste
35;São Paulo; SP;3506359;350635;Bertioga;Sudeste
35;São Paulo; SP;3506409;350640;Bilac;Sudeste
35;São Paulo; SP;3506508;350650;Birigui;Sudeste
35;São Paulo; SP;3506607;350660;Biritiba-Mirim;Sudeste
35;São Paulo; SP;3506706;350670;Boa Esperança do Sul;Sudeste
35;São Paulo; SP;3506805;350680;Bocaina;Sudeste
35;São Paulo; SP;3506904;350690;Bofete;Sudeste
35;São Paulo; SP;3507001;350700;Boituva;Sudeste
35;São Paulo; SP;3507100;350710;Bom Jesus dos Perdões;Sudeste
35;São Paulo; SP;3507159;350715;Bom Sucesso de Itararé;Sudeste
35;São Paulo; SP;3507209;350720;Borá;Sudeste
35;São Paulo; SP;3507308;350730;Boracéia;Sudeste
35;São Paulo; SP;3507407;350740;Borborema;Sudeste
35;São Paulo; SP;3507456;350745;Borebi;Sudeste
35;São Paulo; SP;3507506;350750;Botucatu;Sudeste
35;São Paulo; SP;3507605;350760;Bragança Paulista;Sudeste
35;São Paulo; SP;3507704;350770;Braúna;Sudeste
35;São Paulo; SP;3507753;350775;Brejo Alegre;Sudeste
35;São Paulo; SP;3507803;350780;Brodowski;Sudeste
35;São Paulo; SP;3507902;350790;Brotas;Sudeste
35;São Paulo; SP;3508009;350800;Buri;Sudeste
35;São Paulo; SP;3508108;350810;Buritama;Sudeste
35;São Paulo; SP;3508207;350820;Buritizal;Sudeste
35;São Paulo; SP;3508306;350830;Cabrália Paulista;Sudeste
35;São Paulo; SP;3508405;350840;Cabreúva;Sudeste
35;São Paulo; SP;3508504;350850;Caçapava;Sudeste
35;São Paulo; SP;3508603;350860;Cachoeira Paulista;Sudeste
35;São Paulo; SP;3508702;350870;Caconde;Sudeste
35;São Paulo; SP;3508801;350880;Cafelândia;Sudeste
35;São Paulo; SP;3508900;350890;Caiabu;Sudeste
35;São Paulo; SP;3509007;350900;Caieiras;Sudeste
35;São Paulo; SP;3509106;350910;Caiuá;Sudeste
35;São Paulo; SP;3509205;350920;Cajamar;Sudeste
35;São Paulo; SP;3509254;350925;Cajati;Sudeste
35;São Paulo; SP;3509304;350930;Cajobi;Sudeste
35;São Paulo; SP;3509403;350940;Cajuru;Sudeste
35;São Paulo; SP;3509452;350945;Campina do Monte Alegre;Sudeste
35;São Paulo; SP;3509502;350950;Campinas;Sudeste
35;São Paulo; SP;3509601;350960;Campo Limpo Paulista;Sudeste
35;São Paulo; SP;3509700;350970;Campos do Jordão;Sudeste
35;São Paulo; SP;3509809;350980;Campos Novos Paulista;Sudeste
35;São Paulo; SP;3509908;350990;Cananéia;Sudeste
35;São Paulo; SP;3509957;350995;Canas;Sudeste
35;São Paulo; SP;3510005;351000;Cândido Mota;Sudeste
35;São Paulo; SP;3510104;351010;Cândido Rodrigues;Sudeste
35;São Paulo; SP;3510153;351015;Canitar;Sudeste
35;São Paulo; SP;3510203;351020;Capão Bonito;Sudeste
35;São Paulo; SP;3510302;351030;Capela do Alto;Sudeste
35;São Paulo; SP;3510401;351040;Capivari;Sudeste
35;São Paulo; SP;3510500;351050;Caraguatatuba;Sudeste
35;São Paulo; SP;3510609;351060;Carapicuíba;Sudeste
35;São Paulo; SP;3510708;351070;Cardoso;Sudeste
35;São Paulo; SP;3510807;351080;Casa Branca;Sudeste
35;São Paulo; SP;3510906;351090;Cássia dos Coqueiros;Sudeste
35;São Paulo; SP;3511003;351100;Castilho;Sudeste
35;São Paulo; SP;3511102;351110;Catanduva;Sudeste
35;São Paulo; SP;3511201;351120;Catiguá;Sudeste
35;São Paulo; SP;3511300;351130;Cedral;Sudeste
35;São Paulo; SP;3511409;351140;Cerqueira César;Sudeste
35;São Paulo; SP;3511508;351150;Cerquilho;Sudeste
35;São Paulo; SP;3511607;351160;Cesário Lange;Sudeste
35;São Paulo; SP;3511706;351170;Charqueada;Sudeste
35;São Paulo; SP;3511904;351190;Clementina;Sudeste
35;São Paulo; SP;3512001;351200;Colina;Sudeste
35;São Paulo; SP;3512100;351210;Colômbia;Sudeste
35;São Paulo; SP;3512209;351220;Conchal;Sudeste
35;São Paulo; SP;3512308;351230;Conchas;Sudeste
35;São Paulo; SP;3512407;351240;Cordeirópolis;Sudeste
35;São Paulo; SP;3512506;351250;Coroados;Sudeste
35;São Paulo; SP;3512605;351260;Coronel Macedo;Sudeste
35;São Paulo; SP;3512704;351270;Corumbataí;Sudeste
35;São Paulo; SP;3512803;351280;Cosmópolis;Sudeste
35;São Paulo; SP;3512902;351290;Cosmorama;Sudeste
35;São Paulo; SP;3513009;351300;Cotia;Sudeste
35;São Paulo; SP;3513108;351310;Cravinhos;Sudeste
35;São Paulo; SP;3513207;351320;Cristais Paulista;Sudeste
35;São Paulo; SP;3513306;351330;Cruzália;Sudeste
35;São Paulo; SP;3513405;351340;Cruzeiro;Sudeste
35;São Paulo; SP;3513504;351350;Cubatão;Sudeste
35;São Paulo; SP;3513603;351360;Cunha;Sudeste
35;São Paulo; SP;3513702;351370;descalvado;Sudeste
35;São Paulo; SP;3513801;351380;Diadema;Sudeste
35;São Paulo; SP;3513850;351385;Dirce Reis;Sudeste
35;São Paulo; SP;3513900;351390;Divinolândia;Sudeste
35;São Paulo; SP;3514007;351400;dobrada;Sudeste
35;São Paulo; SP;3514106;351410;dois Córregos;Sudeste
35;São Paulo; SP;3514205;351420;dolcinópolis;Sudeste
35;São Paulo; SP;3514304;351430;dourado;Sudeste
35;São Paulo; SP;3514403;351440;Dracena;Sudeste
35;São Paulo; SP;3514502;351450;Duartina;Sudeste
35;São Paulo; SP;3514601;351460;Dumont;Sudeste
35;São Paulo; SP;3514700;351470;Echaporã;Sudeste
35;São Paulo; SP;3514809;351480;Eldorado;Sudeste
35;São Paulo; SP;3514908;351490;Elias Fausto;Sudeste
35;São Paulo; SP;3514924;351492;Elisiário;Sudeste
35;São Paulo; SP;3514957;351495;Embaúba;Sudeste
35;São Paulo; SP;3515004;351500;Embu das Artes;Sudeste
35;São Paulo; SP;3515103;351510;Embu-Guaçu;Sudeste
35;São Paulo; SP;3515129;351512;Emilianópolis;Sudeste
35;São Paulo; SP;3515152;351515;Engenheiro Coelho;Sudeste
35;São Paulo; SP;3515186;351518;Espírito Santo do Pinhal;Sudeste
35;São Paulo; SP;3515194;351519;Espírito Santo do Turvo;Sudeste
35;São Paulo; SP;3515202;351520;Estrela D'oeste;Sudeste
35;São Paulo; SP;3515301;351530;Estrela do Norte;Sudeste
35;São Paulo; SP;3515350;351535;Euclides da Cunha Paulista;Sudeste
35;São Paulo; SP;3515400;351540;Fartura;Sudeste
35;São Paulo; SP;3515509;351550;Fernandópolis;Sudeste
35;São Paulo; SP;3515608;351560;Fernando Prestes;Sudeste
35;São Paulo; SP;3515657;351565;Fernão;Sudeste
35;São Paulo; SP;3515707;351570;Ferraz de Vasconcelos;Sudeste
35;São Paulo; SP;3515806;351580;Flora Rica;Sudeste
35;São Paulo; SP;3515905;351590;Floreal;Sudeste
35;São Paulo; SP;3516002;351600;Flórida Paulista;Sudeste
35;São Paulo; SP;3516101;351610;Florínia;Sudeste
35;São Paulo; SP;3516200;351620;Franca;Sudeste
35;São Paulo; SP;3516309;351630;Francisco Morato;Sudeste
35;São Paulo; SP;3516408;351640;Franco da Rocha;Sudeste
35;São Paulo; SP;3516507;351650;Gabriel Monteiro;Sudeste
35;São Paulo; SP;3516606;351660;Gália;Sudeste
35;São Paulo; SP;3516705;351670;Garça;Sudeste
35;São Paulo; SP;3516804;351680;Gastão Vidigal;Sudeste
35;São Paulo; SP;3516853;351685;Gavião Peixoto;Sudeste
35;São Paulo; SP;3516903;351690;General Salgado;Sudeste
35;São Paulo; SP;3517000;351700;Getulina;Sudeste
35;São Paulo; SP;3517109;351710;Glicério;Sudeste
35;São Paulo; SP;3517208;351720;Guaiçara;Sudeste
35;São Paulo; SP;3517307;351730;Guaimbê;Sudeste
35;São Paulo; SP;3517406;351740;Guaíra;Sudeste
35;São Paulo; SP;3517505;351750;Guapiaçu;Sudeste
35;São Paulo; SP;3517604;351760;Guapiara;Sudeste
35;São Paulo; SP;3517703;351770;Guará;Sudeste
35;São Paulo; SP;3517802;351780;Guaraçaí;Sudeste
35;São Paulo; SP;3517901;351790;Guaraci;Sudeste
35;São Paulo; SP;3518008;351800;Guarani D'oeste;Sudeste
35;São Paulo; SP;3518107;351810;Guarantã;Sudeste
35;São Paulo; SP;3518206;351820;Guararapes;Sudeste
35;São Paulo; SP;3518305;351830;Guararema;Sudeste
35;São Paulo; SP;3518404;351840;Guaratinguetá;Sudeste
35;São Paulo; SP;3518503;351850;Guareí;Sudeste
35;São Paulo; SP;3518602;351860;Guariba;Sudeste
35;São Paulo; SP;3518701;351870;Guarujá;Sudeste
35;São Paulo; SP;3518800;351880;Guarulhos;Sudeste
35;São Paulo; SP;3518859;351885;Guatapará;Sudeste
35;São Paulo; SP;3518909;351890;Guzolândia;Sudeste
35;São Paulo; SP;3519006;351900;Herculândia;Sudeste
35;São Paulo; SP;3519055;351905;Holambra;Sudeste
35;São Paulo; SP;3519071;351907;Hortolândia;Sudeste
35;São Paulo; SP;3519105;351910;Iacanga;Sudeste
35;São Paulo; SP;3519204;351920;Iacri;Sudeste
35;São Paulo; SP;3519253;351925;Iaras;Sudeste
35;São Paulo; SP;3519303;351930;Ibaté;Sudeste
35;São Paulo; SP;3519402;351940;Ibirá;Sudeste
35;São Paulo; SP;3519501;351950;Ibirarema;Sudeste
35;São Paulo; SP;3519600;351960;Ibitinga;Sudeste
35;São Paulo; SP;3519709;351970;Ibiúna;Sudeste
35;São Paulo; SP;3519808;351980;Icém;Sudeste
35;São Paulo; SP;3519907;351990;Iepê;Sudeste
35;São Paulo; SP;3520004;352000;Igaraçu do Tietê;Sudeste
35;São Paulo; SP;3520103;352010;Igarapava;Sudeste
35;São Paulo; SP;3520202;352020;Igaratá;Sudeste
35;São Paulo; SP;3520301;352030;Iguape;Sudeste
35;São Paulo; SP;3520400;352040;Ilhabela;Sudeste
35;São Paulo; SP;3520426;352042;Ilha Comprida;Sudeste
35;São Paulo; SP;3520442;352044;Ilha Solteira;Sudeste
35;São Paulo; SP;3520509;352050;Indaiatuba;Sudeste
35;São Paulo; SP;3520608;352060;Indiana;Sudeste
35;São Paulo; SP;3520707;352070;Indiaporã;Sudeste
35;São Paulo; SP;3520806;352080;Inúbia Paulista;Sudeste
35;São Paulo; SP;3520905;352090;Ipaussu;Sudeste
35;São Paulo; SP;3521002;352100;Iperó;Sudeste
35;São Paulo; SP;3521101;352110;Ipeúna;Sudeste
35;São Paulo; SP;3521150;352115;Ipiguá;Sudeste
35;São Paulo; SP;3521200;352120;Iporanga;Sudeste
35;São Paulo; SP;3521309;352130;Ipuã;Sudeste
35;São Paulo; SP;3521408;352140;Iracemápolis;Sudeste
35;São Paulo; SP;3521507;352150;Irapuã;Sudeste
35;São Paulo; SP;3521606;352160;Irapuru;Sudeste
35;São Paulo; SP;3521705;352170;Itaberá;Sudeste
35;São Paulo; SP;3521804;352180;Itaí;Sudeste
35;São Paulo; SP;3521903;352190;Itajobi;Sudeste
35;São Paulo; SP;3522000;352200;Itaju;Sudeste
35;São Paulo; SP;3522109;352210;Itanhaém;Sudeste
35;São Paulo; SP;3522158;352215;Itaóca;Sudeste
35;São Paulo; SP;3522208;352220;Itapecerica da Serra;Sudeste
35;São Paulo; SP;3522307;352230;Itapetininga;Sudeste
35;São Paulo; SP;3522406;352240;Itapeva;Sudeste
35;São Paulo; SP;3522505;352250;Itapevi;Sudeste
35;São Paulo; SP;3522604;352260;Itapira;Sudeste
35;São Paulo; SP;3522653;352265;Itapirapuã Paulista;Sudeste
35;São Paulo; SP;3522703;352270;Itápolis;Sudeste
35;São Paulo; SP;3522802;352280;Itaporanga;Sudeste
35;São Paulo; SP;3522901;352290;Itapuí;Sudeste
35;São Paulo; SP;3523008;352300;Itapura;Sudeste
35;São Paulo; SP;3523107;352310;Itaquaquecetuba;Sudeste
35;São Paulo; SP;3523206;352320;Itararé;Sudeste
35;São Paulo; SP;3523305;352330;Itariri;Sudeste
35;São Paulo; SP;3523404;352340;Itatiba;Sudeste
35;São Paulo; SP;3523503;352350;Itatinga;Sudeste
35;São Paulo; SP;3523602;352360;Itirapina;Sudeste
35;São Paulo; SP;3523701;352370;Itirapuã;Sudeste
35;São Paulo; SP;3523800;352380;Itobi;Sudeste
35;São Paulo; SP;3523909;352390;Itu;Sudeste
35;São Paulo; SP;3524006;352400;Itupeva;Sudeste
35;São Paulo; SP;3524105;352410;Ituverava;Sudeste
35;São Paulo; SP;3524204;352420;Jaborandi;Sudeste
35;São Paulo; SP;3524303;352430;Jaboticabal;Sudeste
35;São Paulo; SP;3524402;352440;Jacareí;Sudeste
35;São Paulo; SP;3524501;352450;Jaci;Sudeste
35;São Paulo; SP;3524600;352460;Jacupiranga;Sudeste
35;São Paulo; SP;3524709;352470;Jaguariúna;Sudeste
35;São Paulo; SP;3524808;352480;Jales;Sudeste
35;São Paulo; SP;3524907;352490;Jambeiro;Sudeste
35;São Paulo; SP;3525003;352500;Jandira;Sudeste
35;São Paulo; SP;3525102;352510;Jardinópolis;Sudeste
35;São Paulo; SP;3525201;352520;Jarinu;Sudeste
35;São Paulo; SP;3525300;352530;Jaú;Sudeste
35;São Paulo; SP;3525409;352540;Jeriquara;Sudeste
35;São Paulo; SP;3525508;352550;Joanópolis;Sudeste
35;São Paulo; SP;3525607;352560;João Ramalho;Sudeste
35;São Paulo; SP;3525706;352570;José Bonifácio;Sudeste
35;São Paulo; SP;3525805;352580;Júlio Mesquita;Sudeste
35;São Paulo; SP;3525854;352585;Jumirim;Sudeste
35;São Paulo; SP;3525904;352590;Jundiaí;Sudeste
35;São Paulo; SP;3526001;352600;Junqueirópolis;Sudeste
35;São Paulo; SP;3526100;352610;Juquiá;Sudeste
35;São Paulo; SP;3526209;352620;Juquitiba;Sudeste
35;São Paulo; SP;3526308;352630;Lagoinha;Sudeste
35;São Paulo; SP;3526407;352640;Laranjal Paulista;Sudeste
35;São Paulo; SP;3526506;352650;Lavínia;Sudeste
35;São Paulo; SP;3526605;352660;Lavrinhas;Sudeste
35;São Paulo; SP;3526704;352670;Leme;Sudeste
35;São Paulo; SP;3526803;352680;Lençóis Paulista;Sudeste
35;São Paulo; SP;3526902;352690;Limeira;Sudeste
35;São Paulo; SP;3527009;352700;Lindóia;Sudeste
35;São Paulo; SP;3527108;352710;Lins;Sudeste
35;São Paulo; SP;3527207;352720;Lorena;Sudeste
35;São Paulo; SP;3527256;352725;Lourdes;Sudeste
35;São Paulo; SP;3527306;352730;Louveira;Sudeste
35;São Paulo; SP;3527405;352740;Lucélia;Sudeste
35;São Paulo; SP;3527504;352750;Lucianópolis;Sudeste
35;São Paulo; SP;3527603;352760;Luís Antônio;Sudeste
35;São Paulo; SP;3527702;352770;Luiziânia;Sudeste
35;São Paulo; SP;3527801;352780;Lupércio;Sudeste
35;São Paulo; SP;3527900;352790;Lutécia;Sudeste
35;São Paulo; SP;3528007;352800;Macatuba;Sudeste
35;São Paulo; SP;3528106;352810;Macaubal;Sudeste
35;São Paulo; SP;3528205;352820;Macedônia;Sudeste
35;São Paulo; SP;3528304;352830;Magda;Sudeste
35;São Paulo; SP;3528403;352840;Mairinque;Sudeste
35;São Paulo; SP;3528502;352850;Mairiporã;Sudeste
35;São Paulo; SP;3528601;352860;Manduri;Sudeste
35;São Paulo; SP;3528700;352870;Marabá Paulista;Sudeste
35;São Paulo; SP;3528809;352880;Maracaí;Sudeste
35;São Paulo; SP;3528858;352885;Marapoama;Sudeste
35;São Paulo; SP;3528908;352890;Mariápolis;Sudeste
35;São Paulo; SP;3529005;352900;Marília;Sudeste
35;São Paulo; SP;3529104;352910;Marinópolis;Sudeste
35;São Paulo; SP;3529203;352920;Martinópolis;Sudeste
35;São Paulo; SP;3529302;352930;Matão;Sudeste
35;São Paulo; SP;3529401;352940;Mauá;Sudeste
35;São Paulo; SP;3529500;352950;Mendonça;Sudeste
35;São Paulo; SP;3529609;352960;Meridiano;Sudeste
35;São Paulo; SP;3529658;352965;Mesópolis;Sudeste
35;São Paulo; SP;3529708;352970;Miguelópolis;Sudeste
35;São Paulo; SP;3529807;352980;Mineiros do Tietê;Sudeste
35;São Paulo; SP;3529906;352990;Miracatu;Sudeste
35;São Paulo; SP;3530003;353000;Mira Estrela;Sudeste
35;São Paulo; SP;3530102;353010;Mirandópolis;Sudeste
35;São Paulo; SP;3530201;353020;Mirante do Paranapanema;Sudeste
35;São Paulo; SP;3530300;353030;Mirassol;Sudeste
35;São Paulo; SP;3530409;353040;Mirassolândia;Sudeste
35;São Paulo; SP;3530508;353050;Mococa;Sudeste
35;São Paulo; SP;3530607;353060;Mogi das Cruzes;Sudeste
35;São Paulo; SP;3530706;353070;Mogi Guaçu;Sudeste
35;São Paulo; SP;3530805;353080;Mogi Mirim;Sudeste
35;São Paulo; SP;3530904;353090;Mombuca;Sudeste
35;São Paulo; SP;3531001;353100;Monções;Sudeste
35;São Paulo; SP;3531100;353110;Mongaguá;Sudeste
35;São Paulo; SP;3531209;353120;Monte Alegre do Sul;Sudeste
35;São Paulo; SP;3531308;353130;Monte Alto;Sudeste
35;São Paulo; SP;3531407;353140;Monte Aprazível;Sudeste
35;São Paulo; SP;3531506;353150;Monte Azul Paulista;Sudeste
35;São Paulo; SP;3531605;353160;Monte Castelo;Sudeste
35;São Paulo; SP;3531704;353170;Monteiro Lobato;Sudeste
35;São Paulo; SP;3531803;353180;Monte Mor;Sudeste
35;São Paulo; SP;3531902;353190;Morro Agudo;Sudeste
35;São Paulo; SP;3532009;353200;Morungaba;Sudeste
35;São Paulo; SP;3532058;353205;Motuca;Sudeste
35;São Paulo; SP;3532108;353210;Murutinga do Sul;Sudeste
35;São Paulo; SP;3532157;353215;Nantes;Sudeste
35;São Paulo; SP;3532207;353220;Narandiba;Sudeste
35;São Paulo; SP;3532306;353230;Natividade da Serra;Sudeste
35;São Paulo; SP;3532405;353240;Nazaré Paulista;Sudeste
35;São Paulo; SP;3532504;353250;Neves Paulista;Sudeste
35;São Paulo; SP;3532603;353260;Nhandeara;Sudeste
35;São Paulo; SP;3532702;353270;Nipoã;Sudeste
35;São Paulo; SP;3532801;353280;Nova Aliança;Sudeste
35;São Paulo; SP;3532827;353282;Nova Campina;Sudeste
35;São Paulo; SP;3532843;353284;Nova Canaã Paulista;Sudeste
35;São Paulo; SP;3532868;353286;Nova Castilho;Sudeste
35;São Paulo; SP;3532900;353290;Nova Europa;Sudeste
35;São Paulo; SP;3533007;353300;Nova Granada;Sudeste
35;São Paulo; SP;3533106;353310;Nova Guataporanga;Sudeste
35;São Paulo; SP;3533205;353320;Nova Independência;Sudeste
35;São Paulo; SP;3533254;353325;Novais;Sudeste
35;São Paulo; SP;3533304;353330;Nova Luzitânia;Sudeste
35;São Paulo; SP;3533403;353340;Nova Odessa;Sudeste
35;São Paulo; SP;3533502;353350;Novo Horizonte;Sudeste
35;São Paulo; SP;3533601;353360;Nuporanga;Sudeste
35;São Paulo; SP;3533700;353370;Ocauçu;Sudeste
35;São Paulo; SP;3533809;353380;Óleo;Sudeste
35;São Paulo; SP;3533908;353390;Olímpia;Sudeste
35;São Paulo; SP;3534005;353400;Onda Verde;Sudeste
35;São Paulo; SP;3534104;353410;Oriente;Sudeste
35;São Paulo; SP;3534203;353420;Orindiúva;Sudeste
35;São Paulo; SP;3534302;353430;Orlândia;Sudeste
35;São Paulo; SP;3534401;353440;Osasco;Sudeste
35;São Paulo; SP;3534500;353450;Oscar Bressane;Sudeste
35;São Paulo; SP;3534609;353460;Osvaldo Cruz;Sudeste
35;São Paulo; SP;3534708;353470;Ourinhos;Sudeste
35;São Paulo; SP;3534757;353475;Ouroeste;Sudeste
35;São Paulo; SP;3534807;353480;Ouro Verde;Sudeste
35;São Paulo; SP;3534906;353490;Pacaembu;Sudeste
35;São Paulo; SP;3535002;353500;Palestina;Sudeste
35;São Paulo; SP;3535101;353510;Palmares Paulista;Sudeste
35;São Paulo; SP;3535200;353520;Palmeira D'oeste;Sudeste
35;São Paulo; SP;3535309;353530;Palmital;Sudeste
35;São Paulo; SP;3535408;353540;Panorama;Sudeste
35;São Paulo; SP;3535507;353550;Paraguaçu Paulista;Sudeste
35;São Paulo; SP;3535606;353560;Paraibuna;Sudeste
35;São Paulo; SP;3535705;353570;Paraíso;Sudeste
35;São Paulo; SP;3535804;353580;Paranapanema;Sudeste
35;São Paulo; SP;3535903;353590;Paranapuã;Sudeste
35;São Paulo; SP;3536000;353600;Parapuã;Sudeste
35;São Paulo; SP;3536109;353610;Pardinho;Sudeste
35;São Paulo; SP;3536208;353620;Pariquera-Açu;Sudeste
35;São Paulo; SP;3536257;353625;Parisi;Sudeste
35;São Paulo; SP;3536307;353630;Patrocínio Paulista;Sudeste
35;São Paulo; SP;3536406;353640;Paulicéia;Sudeste
35;São Paulo; SP;3536505;353650;Paulínia;Sudeste
35;São Paulo; SP;3536570;353657;Paulistânia;Sudeste
35;São Paulo; SP;3536604;353660;Paulo de Faria;Sudeste
35;São Paulo; SP;3536703;353670;Pederneiras;Sudeste
35;São Paulo; SP;3536802;353680;Pedra Bela;Sudeste
35;São Paulo; SP;3536901;353690;Pedranópolis;Sudeste
35;São Paulo; SP;3537008;353700;Pedregulho;Sudeste
35;São Paulo; SP;3537107;353710;Pedreira;Sudeste
35;São Paulo; SP;3537156;353715;Pedrinhas Paulista;Sudeste
35;São Paulo; SP;3537206;353720;Pedro de Toledo;Sudeste
35;São Paulo; SP;3537305;353730;Penápolis;Sudeste
35;São Paulo; SP;3537404;353740;Pereira Barreto;Sudeste
35;São Paulo; SP;3537503;353750;Pereiras;Sudeste
35;São Paulo; SP;3537602;353760;Peruíbe;Sudeste
35;São Paulo; SP;3537701;353770;Piacatu;Sudeste
35;São Paulo; SP;3537800;353780;Piedade;Sudeste
35;São Paulo; SP;3537909;353790;Pilar do Sul;Sudeste
35;São Paulo; SP;3538006;353800;Pindamonhangaba;Sudeste
35;São Paulo; SP;3538105;353810;Pindorama;Sudeste
35;São Paulo; SP;3538204;353820;Pinhalzinho;Sudeste
35;São Paulo; SP;3538303;353830;Piquerobi;Sudeste
35;São Paulo; SP;3538501;353850;Piquete;Sudeste
35;São Paulo; SP;3538600;353860;Piracaia;Sudeste
35;São Paulo; SP;3538709;353870;Piracicaba;Sudeste
35;São Paulo; SP;3538808;353880;Piraju;Sudeste
35;São Paulo; SP;3538907;353890;Pirajuí;Sudeste
35;São Paulo; SP;3539004;353900;Pirangi;Sudeste
35;São Paulo; SP;3539103;353910;Pirapora do Bom Jesus;Sudeste
35;São Paulo; SP;3539202;353920;Pirapozinho;Sudeste
35;São Paulo; SP;3539301;353930;Pirassununga;Sudeste
35;São Paulo; SP;3539400;353940;Piratininga;Sudeste
35;São Paulo; SP;3539509;353950;Pitangueiras;Sudeste
35;São Paulo; SP;3539608;353960;Planalto;Sudeste
35;São Paulo; SP;3539707;353970;Platina;Sudeste
35;São Paulo; SP;3539806;353980;Poá;Sudeste
35;São Paulo; SP;3539905;353990;Poloni;Sudeste
35;São Paulo; SP;3540002;354000;Pompéia;Sudeste
35;São Paulo; SP;3540101;354010;Pongaí;Sudeste
35;São Paulo; SP;3540200;354020;Pontal;Sudeste
35;São Paulo; SP;3540259;354025;Pontalinda;Sudeste
35;São Paulo; SP;3540309;354030;Pontes Gestal;Sudeste
35;São Paulo; SP;3540408;354040;Populina;Sudeste
35;São Paulo; SP;3540507;354050;Porangaba;Sudeste
35;São Paulo; SP;3540606;354060;Porto Feliz;Sudeste
35;São Paulo; SP;3540705;354070;Porto Ferreira;Sudeste
35;São Paulo; SP;3540754;354075;Potim;Sudeste
35;São Paulo; SP;3540804;354080;Potirendaba;Sudeste
35;São Paulo; SP;3540853;354085;Pracinha;Sudeste
35;São Paulo; SP;3540903;354090;Pradópolis;Sudeste
35;São Paulo; SP;3541000;354100;Praia Grande;Sudeste
35;São Paulo; SP;3541059;354105;Pratânia;Sudeste
35;São Paulo; SP;3541109;354110;Presidente Alves;Sudeste
35;São Paulo; SP;3541208;354120;Presidente Bernardes;Sudeste
35;São Paulo; SP;3541307;354130;Presidente Epitácio;Sudeste
35;São Paulo; SP;3541406;354140;Presidente Prudente;Sudeste
35;São Paulo; SP;3541505;354150;Presidente Venceslau;Sudeste
35;São Paulo; SP;3541604;354160;Promissão;Sudeste
35;São Paulo; SP;3541653;354165;Quadra;Sudeste
35;São Paulo; SP;3541703;354170;Quatá;Sudeste
35;São Paulo; SP;3541802;354180;Queiroz;Sudeste
35;São Paulo; SP;3541901;354190;Queluz;Sudeste
35;São Paulo; SP;3542008;354200;Quintana;Sudeste
35;São Paulo; SP;3542107;354210;Rafard;Sudeste
35;São Paulo; SP;3542206;354220;Rancharia;Sudeste
35;São Paulo; SP;3542305;354230;Redenção da Serra;Sudeste
35;São Paulo; SP;3542404;354240;Regente Feijó;Sudeste
35;São Paulo; SP;3542503;354250;Reginópolis;Sudeste
35;São Paulo; SP;3542602;354260;Registro;Sudeste
35;São Paulo; SP;3542701;354270;Restinga;Sudeste
35;São Paulo; SP;3542800;354280;Ribeira;Sudeste
35;São Paulo; SP;3542909;354290;Ribeirão Bonito;Sudeste
35;São Paulo; SP;3543006;354300;Ribeirão Branco;Sudeste
35;São Paulo; SP;3543105;354310;Ribeirão Corrente;Sudeste
35;São Paulo; SP;3543204;354320;Ribeirão do Sul;Sudeste
35;São Paulo; SP;3543238;354323;Ribeirão dos Índios;Sudeste
35;São Paulo; SP;3543253;354325;Ribeirão Grande;Sudeste
35;São Paulo; SP;3543303;354330;Ribeirão Pires;Sudeste
35;São Paulo; SP;3543402;354340;Ribeirão Preto;Sudeste
35;São Paulo; SP;3543501;354350;Riversul;Sudeste
35;São Paulo; SP;3543600;354360;Rifaina;Sudeste
35;São Paulo; SP;3543709;354370;Rincão;Sudeste
35;São Paulo; SP;3543808;354380;Rinópolis;Sudeste
35;São Paulo; SP;3543907;354390;Rio Claro;Sudeste
35;São Paulo; SP;3544004;354400;Rio das Pedras;Sudeste
35;São Paulo; SP;3544103;354410;Rio Grande da Serra;Sudeste
35;São Paulo; SP;3544202;354420;Riolândia;Sudeste
35;São Paulo; SP;3544251;354425;Rosana;Sudeste
35;São Paulo; SP;3544301;354430;Roseira;Sudeste
35;São Paulo; SP;3544400;354440;Rubiácea;Sudeste
35;São Paulo; SP;3544509;354450;Rubinéia;Sudeste
35;São Paulo; SP;3544608;354460;Sabino;Sudeste
35;São Paulo; SP;3544707;354470;Sagres;Sudeste
35;São Paulo; SP;3544806;354480;Sales;Sudeste
35;São Paulo; SP;3544905;354490;Sales Oliveira;Sudeste
35;São Paulo; SP;3545001;354500;Salesópolis;Sudeste
35;São Paulo; SP;3545100;354510;Salmourão;Sudeste
35;São Paulo; SP;3545159;354515;Saltinho;Sudeste
35;São Paulo; SP;3545209;354520;Salto;Sudeste
35;São Paulo; SP;3545308;354530;Salto de Pirapora;Sudeste
35;São Paulo; SP;3545407;354540;Salto Grande;Sudeste
35;São Paulo; SP;3545506;354550;Sandovalina;Sudeste
35;São Paulo; SP;3545605;354560;Santa Adélia;Sudeste
35;São Paulo; SP;3545704;354570;Santa Albertina;Sudeste
35;São Paulo; SP;3545803;354580;Santa Bárbara D'oeste;Sudeste
35;São Paulo; SP;3546009;354600;Santa Branca;Sudeste
35;São Paulo; SP;3546108;354610;Santa Clara D'oeste;Sudeste
35;São Paulo; SP;3546207;354620;Santa Cruz da Conceição;Sudeste
35;São Paulo; SP;3546256;354625;Santa Cruz da Esperança;Sudeste
35;São Paulo; SP;3546306;354630;Santa Cruz das Palmeiras;Sudeste
35;São Paulo; SP;3546405;354640;Santa Cruz do Rio Pardo;Sudeste
35;São Paulo; SP;3546504;354650;Santa Ernestina;Sudeste
35;São Paulo; SP;3546603;354660;Santa Fé do Sul;Sudeste
35;São Paulo; SP;3546702;354670;Santa Gertrudes;Sudeste
35;São Paulo; SP;3546801;354680;Santa Isabel;Sudeste
35;São Paulo; SP;3546900;354690;Santa Lúcia;Sudeste
35;São Paulo; SP;3547007;354700;Santa Maria da Serra;Sudeste
35;São Paulo; SP;3547106;354710;Santa Mercedes;Sudeste
35;São Paulo; SP;3547205;354720;Santana da Ponte Pensa;Sudeste
35;São Paulo; SP;3547304;354730;Santana de Parnaíba;Sudeste
35;São Paulo; SP;3547403;354740;Santa Rita D'oeste;Sudeste
35;São Paulo; SP;3547502;354750;Santa Rita do Passa Quatro;Sudeste
35;São Paulo; SP;3547601;354760;Santa Rosa de Viterbo;Sudeste
35;São Paulo; SP;3547650;354765;Santa Salete;Sudeste
35;São Paulo; SP;3547700;354770;Santo Anastácio;Sudeste
35;São Paulo; SP;3547809;354780;Santo André;Sudeste
35;São Paulo; SP;3547908;354790;Santo Antônio da Alegria;Sudeste
35;São Paulo; SP;3548005;354800;Santo Antônio de Posse;Sudeste
35;São Paulo; SP;3548054;354805;Santo Antônio do Aracanguá;Sudeste
35;São Paulo; SP;3548104;354810;Santo Antônio do Jardim;Sudeste
35;São Paulo; SP;3548203;354820;Santo Antônio do Pinhal;Sudeste
35;São Paulo; SP;3548302;354830;Santo Expedito;Sudeste
35;São Paulo; SP;3548401;354840;Santópolis do Aguapeí;Sudeste
35;São Paulo; SP;3548500;354850;Santos;Sudeste
35;São Paulo; SP;3548609;354860;São Bento do Sapucaí;Sudeste
35;São Paulo; SP;3548708;354870;São Bernardo do Campo;Sudeste
35;São Paulo; SP;3548807;354880;São Caetano do Sul;Sudeste
35;São Paulo; SP;3548906;354890;São Carlos;Sudeste
35;São Paulo; SP;3549003;354900;São Francisco;Sudeste
35;São Paulo; SP;3549102;354910;São João da Boa Vista;Sudeste
35;São Paulo; SP;3549201;354920;São João das Duas Pontes;Sudeste
35;São Paulo; SP;3549250;354925;São João de Iracema;Sudeste
35;São Paulo; SP;3549300;354930;São João do Pau D'alho;Sudeste
35;São Paulo; SP;3549409;354940;São Joaquim da Barra;Sudeste
35;São Paulo; SP;3549508;354950;São José da Bela Vista;Sudeste
35;São Paulo; SP;3549607;354960;São José do Barreiro;Sudeste
35;São Paulo; SP;3549706;354970;São José do Rio Pardo;Sudeste
35;São Paulo; SP;3549805;354980;São José do Rio Preto;Sudeste
35;São Paulo; SP;3549904;354990;São José dos Campos;Sudeste
35;São Paulo; SP;3549953;354995;São Lourenço da Serra;Sudeste
35;São Paulo; SP;3550001;355000;São Luís do Paraitinga;Sudeste
35;São Paulo; SP;3550100;355010;São Manuel;Sudeste
35;São Paulo; SP;3550209;355020;São Miguel Arcanjo;Sudeste
35;São Paulo; SP;3550308;355030;São Paulo;Sudeste
35;São Paulo; SP;3550407;355040;São Pedro;Sudeste
35;São Paulo; SP;3550506;355050;São Pedro do Turvo;Sudeste
35;São Paulo; SP;3550605;355060;São Roque;Sudeste
35;São Paulo; SP;3550704;355070;São Sebastião;Sudeste
35;São Paulo; SP;3550803;355080;São Sebastião da Grama;Sudeste
35;São Paulo; SP;3550902;355090;São Simão;Sudeste
35;São Paulo; SP;3551009;355100;São Vicente;Sudeste
35;São Paulo; SP;3551108;355110;Sarapuí;Sudeste
35;São Paulo; SP;3551207;355120;Sarutaiá;Sudeste
35;São Paulo; SP;3551306;355130;Sebastianópolis do Sul;Sudeste
35;São Paulo; SP;3551405;355140;Serra Azul;Sudeste
35;São Paulo; SP;3551504;355150;Serrana;Sudeste
35;São Paulo; SP;3551603;355160;Serra Negra;Sudeste
35;São Paulo; SP;3551702;355170;Sertãozinho;Sudeste
35;São Paulo; SP;3551801;355180;Sete Barras;Sudeste
35;São Paulo; SP;3551900;355190;Severínia;Sudeste
35;São Paulo; SP;3552007;355200;Silveiras;Sudeste
35;São Paulo; SP;3552106;355210;Socorro;Sudeste
35;São Paulo; SP;3552205;355220;Sorocaba;Sudeste
35;São Paulo; SP;3552304;355230;Sud Mennucci;Sudeste
35;São Paulo; SP;3552403;355240;Sumaré;Sudeste
35;São Paulo; SP;3552502;355250;Suzano;Sudeste
35;São Paulo; SP;3552551;355255;Suzanápolis;Sudeste
35;São Paulo; SP;3552601;355260;Tabapuã;Sudeste
35;São Paulo; SP;3552700;355270;Tabatinga;Sudeste
35;São Paulo; SP;3552809;355280;Taboão da Serra;Sudeste
35;São Paulo; SP;3552908;355290;Taciba;Sudeste
35;São Paulo; SP;3553005;355300;Taguaí;Sudeste
35;São Paulo; SP;3553104;355310;Taiaçu;Sudeste
35;São Paulo; SP;3553203;355320;Taiúva;Sudeste
35;São Paulo; SP;3553302;355330;Tambaú;Sudeste
35;São Paulo; SP;3553401;355340;Tanabi;Sudeste
35;São Paulo; SP;3553500;355350;Tapiraí;Sudeste
35;São Paulo; SP;3553609;355360;Tapiratiba;Sudeste
35;São Paulo; SP;3553658;355365;Taquaral;Sudeste
35;São Paulo; SP;3553708;355370;Taquaritinga;Sudeste
35;São Paulo; SP;3553807;355380;Taquarituba;Sudeste
35;São Paulo; SP;3553856;355385;Taquarivaí;Sudeste
35;São Paulo; SP;3553906;355390;Tarabai;Sudeste
35;São Paulo; SP;3553955;355395;Tarumã;Sudeste
35;São Paulo; SP;3554003;355400;Tatuí;Sudeste
35;São Paulo; SP;3554102;355410;Taubaté;Sudeste
35;São Paulo; SP;3554201;355420;Tejupá;Sudeste
35;São Paulo; SP;3554300;355430;Teodoro Sampaio;Sudeste
35;São Paulo; SP;3554409;355440;Terra Roxa;Sudeste
35;São Paulo; SP;3554508;355450;Tietê;Sudeste
35;São Paulo; SP;3554607;355460;Timburi;Sudeste
35;São Paulo; SP;3554656;355465;Torre de Pedra;Sudeste
35;São Paulo; SP;3554706;355470;Torrinha;Sudeste
35;São Paulo; SP;3554755;355475;Trabiju;Sudeste
35;São Paulo; SP;3554805;355480;Tremembé;Sudeste
35;São Paulo; SP;3554904;355490;Três Fronteiras;Sudeste
35;São Paulo; SP;3554953;355495;Tuiuti;Sudeste
35;São Paulo; SP;3555000;355500;Tupã;Sudeste
35;São Paulo; SP;3555109;355510;Tupi Paulista;Sudeste
35;São Paulo; SP;3555208;355520;Turiúba;Sudeste
35;São Paulo; SP;3555307;355530;Turmalina;Sudeste
35;São Paulo; SP;3555356;355535;Ubarana;Sudeste
35;São Paulo; SP;3555406;355540;Ubatuba;Sudeste
35;São Paulo; SP;3555505;355550;Ubirajara;Sudeste
35;São Paulo; SP;3555604;355560;Uchoa;Sudeste
35;São Paulo; SP;3555703;355570;União Paulista;Sudeste
35;São Paulo; SP;3555802;355580;Urânia;Sudeste
35;São Paulo; SP;3555901;355590;Uru;Sudeste
35;São Paulo; SP;3556008;355600;Urupês;Sudeste
35;São Paulo; SP;3556107;355610;Valentim Gentil;Sudeste
35;São Paulo; SP;3556206;355620;Valinhos;Sudeste
35;São Paulo; SP;3556305;355630;Valparaíso;Sudeste
35;São Paulo; SP;3556354;355635;Vargem;Sudeste
35;São Paulo; SP;3556404;355640;Vargem Grande do Sul;Sudeste
35;São Paulo; SP;3556453;355645;Vargem Grande Paulista;Sudeste
35;São Paulo; SP;3556503;355650;Várzea Paulista;Sudeste
35;São Paulo; SP;3556602;355660;Vera Cruz;Sudeste
35;São Paulo; SP;3556701;355670;Vinhedo;Sudeste
35;São Paulo; SP;3556800;355680;Viradouro;Sudeste
35;São Paulo; SP;3556909;355690;Vista Alegre do Alto;Sudeste
35;São Paulo; SP;3556958;355695;Vitória Brasil;Sudeste
35;São Paulo; SP;3557006;355700;Votorantim;Sudeste
35;São Paulo; SP;3557105;355710;Votuporanga;Sudeste
35;São Paulo; SP;3557154;355715;Zacarias;Sudeste
35;São Paulo; SP;3557204;355720;Chavantes;Sudeste
35;São Paulo; SP;3557303;355730;Estiva Gerbi;Sudeste
41;Paraná; PR;4100103;410010;Abatiá;Sul
41;Paraná; PR;4100202;410020;Adrianópolis;Sul
41;Paraná; PR;4100301;410030;Agudos do Sul;Sul
41;Paraná; PR;4100400;410040;Almirante Tamandaré;Sul
41;Paraná; PR;4100459;410045;Altamira do Paraná;Sul
41;Paraná; PR;4100509;410050;Altônia;Sul
41;Paraná; PR;4100608;410060;Alto Paraná;Sul
41;Paraná; PR;4100707;410070;Alto Piquiri;Sul
41;Paraná; PR;4100806;410080;Alvorada do Sul;Sul
41;Paraná; PR;4100905;410090;Amaporã;Sul
41;Paraná; PR;4101002;410100;Ampére;Sul
41;Paraná; PR;4101051;410105;Anahy;Sul
41;Paraná; PR;4101101;410110;Andirá;Sul
41;Paraná; PR;4101150;410115;Ângulo;Sul
41;Paraná; PR;4101200;410120;Antonina;Sul
41;Paraná; PR;4101309;410130;Antônio Olinto;Sul
41;Paraná; PR;4101408;410140;Apucarana;Sul
41;Paraná; PR;4101507;410150;Arapongas;Sul
41;Paraná; PR;4101606;410160;Arapoti;Sul
41;Paraná; PR;4101655;410165;Arapuã;Sul
41;Paraná; PR;4101705;410170;Araruna;Sul
41;Paraná; PR;4101804;410180;Araucária;Sul
41;Paraná; PR;4101853;410185;Ariranha do Ivaí;Sul
41;Paraná; PR;4101903;410190;Assaí;Sul
41;Paraná; PR;4102000;410200;Assis Chateaubriand;Sul
41;Paraná; PR;4102109;410210;Astorga;Sul
41;Paraná; PR;4102208;410220;Atalaia;Sul
41;Paraná; PR;4102307;410230;Balsa Nova;Sul
41;Paraná; PR;4102406;410240;Bandeirantes;Sul
41;Paraná; PR;4102505;410250;Barbosa Ferraz;Sul
41;Paraná; PR;4102604;410260;Barracão;Sul
41;Paraná; PR;4102703;410270;Barra do Jacaré;Sul
41;Paraná; PR;4102752;410275;Bela Vista da Caroba;Sul
41;Paraná; PR;4102802;410280;Bela Vista do Paraíso;Sul
41;Paraná; PR;4102901;410290;Bituruna;Sul
41;Paraná; PR;4103008;410300;Boa Esperança;Sul
41;Paraná; PR;4103024;410302;Boa Esperança do Iguaçu;Sul
41;Paraná; PR;4103040;410304;Boa Ventura de São Roque;Sul
41;Paraná; PR;4103057;410305;Boa Vista da Aparecida;Sul
41;Paraná; PR;4103107;410310;Bocaiúva do Sul;Sul
41;Paraná; PR;4103156;410315;Bom Jesus do Sul;Sul
41;Paraná; PR;4103206;410320;Bom Sucesso;Sul
41;Paraná; PR;4103222;410322;Bom Sucesso do Sul;Sul
41;Paraná; PR;4103305;410330;Borrazópolis;Sul
41;Paraná; PR;4103354;410335;Braganey;Sul
41;Paraná; PR;4103370;410337;Brasilândia do Sul;Sul
41;Paraná; PR;4103404;410340;Cafeara;Sul
41;Paraná; PR;4103453;410345;Cafelândia;Sul
41;Paraná; PR;4103479;410347;Cafezal do Sul;Sul
41;Paraná; PR;4103503;410350;Califórnia;Sul
41;Paraná; PR;4103602;410360;Cambará;Sul
41;Paraná; PR;4103701;410370;Cambé;Sul
41;Paraná; PR;4103800;410380;Cambira;Sul
41;Paraná; PR;4103909;410390;Campina da Lagoa;Sul
41;Paraná; PR;4103958;410395;Campina do Simão;Sul
41;Paraná; PR;4104006;410400;Campina Grande do Sul;Sul
41;Paraná; PR;4104055;410405;Campo Bonito;Sul
41;Paraná; PR;4104105;410410;Campo do Tenente;Sul
41;Paraná; PR;4104204;410420;Campo Largo;Sul
41;Paraná; PR;4104253;410425;Campo Magro;Sul
41;Paraná; PR;4104303;410430;Campo Mourão;Sul
41;Paraná; PR;4104402;410440;Cândido de Abreu;Sul
41;Paraná; PR;4104428;410442;Candói;Sul
41;Paraná; PR;4104451;410445;Cantagalo;Sul
41;Paraná; PR;4104501;410450;Capanema;Sul
41;Paraná; PR;4104600;410460;Capitão Leônidas Marques;Sul
41;Paraná; PR;4104659;410465;Carambeí;Sul
41;Paraná; PR;4104709;410470;Carlópolis;Sul
41;Paraná; PR;4104808;410480;Cascavel;Sul
41;Paraná; PR;4104907;410490;Castro;Sul
41;Paraná; PR;4105003;410500;Catanduvas;Sul
41;Paraná; PR;4105102;410510;Centenário do Sul;Sul
41;Paraná; PR;4105201;410520;Cerro Azul;Sul
41;Paraná; PR;4105300;410530;Céu Azul;Sul
41;Paraná; PR;4105409;410540;Chopinzinho;Sul
41;Paraná; PR;4105508;410550;Cianorte;Sul
41;Paraná; PR;4105607;410560;Cidade Gaúcha;Sul
41;Paraná; PR;4105706;410570;Clevelândia;Sul
41;Paraná; PR;4105805;410580;Colombo;Sul
41;Paraná; PR;4105904;410590;Colorado;Sul
41;Paraná; PR;4106001;410600;Congonhinhas;Sul
41;Paraná; PR;4106100;410610;Conselheiro Mairinck;Sul
41;Paraná; PR;4106209;410620;Contenda;Sul
41;Paraná; PR;4106308;410630;Corbélia;Sul
41;Paraná; PR;4106407;410640;Cornélio Procópio;Sul
41;Paraná; PR;4106456;410645;Coronel domingos Soares;Sul
41;Paraná; PR;4106506;410650;Coronel Vivida;Sul
41;Paraná; PR;4106555;410655;Corumbataí do Sul;Sul
41;Paraná; PR;4106571;410657;Cruzeiro do Iguaçu;Sul
41;Paraná; PR;4106605;410660;Cruzeiro do Oeste;Sul
41;Paraná; PR;4106704;410670;Cruzeiro do Sul;Sul
41;Paraná; PR;4106803;410680;Cruz Machado;Sul
41;Paraná; PR;4106852;410685;Cruzmaltina;Sul
41;Paraná; PR;4106902;410690;Curitiba;Sul
41;Paraná; PR;4107009;410700;Curiúva;Sul
41;Paraná; PR;4107108;410710;Diamante do Norte;Sul
41;Paraná; PR;4107124;410712;Diamante do Sul;Sul
41;Paraná; PR;4107157;410715;Diamante D'oeste;Sul
41;Paraná; PR;4107207;410720;dois Vizinhos;Sul
41;Paraná; PR;4107256;410725;douradina;Sul
41;Paraná; PR;4107306;410730;doutor Camargo;Sul
41;Paraná; PR;4107405;410740;Enéas Marques;Sul
41;Paraná; PR;4107504;410750;Engenheiro Beltrão;Sul
41;Paraná; PR;4107520;410752;Esperança Nova;Sul
41;Paraná; PR;4107538;410753;Entre Rios do Oeste;Sul
41;Paraná; PR;4107546;410754;Espigão Alto do Iguaçu;Sul
41;Paraná; PR;4107553;410755;Farol;Sul
41;Paraná; PR;4107603;410760;Faxinal;Sul
41;Paraná; PR;4107652;410765;Fazenda Rio Grande;Sul
41;Paraná; PR;4107702;410770;Fênix;Sul
41;Paraná; PR;4107736;410773;Fernandes Pinheiro;Sul
41;Paraná; PR;4107751;410775;Figueira;Sul
41;Paraná; PR;4107801;410780;Floraí;Sul
41;Paraná; PR;4107850;410785;Flor da Serra do Sul;Sul
41;Paraná; PR;4107900;410790;Floresta;Sul
41;Paraná; PR;4108007;410800;Florestópolis;Sul
41;Paraná; PR;4108106;410810;Flórida;Sul
41;Paraná; PR;4108205;410820;Formosa do Oeste;Sul
41;Paraná; PR;4108304;410830;Foz do Iguaçu;Sul
41;Paraná; PR;4108320;410832;Francisco Alves;Sul
41;Paraná; PR;4108403;410840;Francisco Beltrão;Sul
41;Paraná; PR;4108452;410845;Foz do Jordão;Sul
41;Paraná; PR;4108502;410850;General Carneiro;Sul
41;Paraná; PR;4108551;410855;Godoy Moreira;Sul
41;Paraná; PR;4108601;410860;Goioerê;Sul
41;Paraná; PR;4108650;410865;Goioxim;Sul
41;Paraná; PR;4108700;410870;Grandes Rios;Sul
41;Paraná; PR;4108809;410880;Guaíra;Sul
41;Paraná; PR;4108908;410890;Guairaçá;Sul
41;Paraná; PR;4108957;410895;Guamiranga;Sul
41;Paraná; PR;4109005;410900;Guapirama;Sul
41;Paraná; PR;4109104;410910;Guaporema;Sul
41;Paraná; PR;4109203;410920;Guaraci;Sul
41;Paraná; PR;4109302;410930;Guaraniaçu;Sul
41;Paraná; PR;4109401;410940;Guarapuava;Sul
41;Paraná; PR;4109500;410950;Guaraqueçaba;Sul
41;Paraná; PR;4109609;410960;Guaratuba;Sul
41;Paraná; PR;4109658;410965;Honório Serpa;Sul
41;Paraná; PR;4109708;410970;Ibaiti;Sul
41;Paraná; PR;4109757;410975;Ibema;Sul
41;Paraná; PR;4109807;410980;Ibiporã;Sul
41;Paraná; PR;4109906;410990;Icaraíma;Sul
41;Paraná; PR;4110003;411000;Iguaraçu;Sul
41;Paraná; PR;4110052;411005;Iguatu;Sul
41;Paraná; PR;4110078;411007;Imbaú;Sul
41;Paraná; PR;4110102;411010;Imbituva;Sul
41;Paraná; PR;4110201;411020;Inácio Martins;Sul
41;Paraná; PR;4110300;411030;Inajá;Sul
41;Paraná; PR;4110409;411040;Indianópolis;Sul
41;Paraná; PR;4110508;411050;Ipiranga;Sul
41;Paraná; PR;4110607;411060;Iporã;Sul
41;Paraná; PR;4110656;411065;Iracema do Oeste;Sul
41;Paraná; PR;4110706;411070;Irati;Sul
41;Paraná; PR;4110805;411080;Iretama;Sul
41;Paraná; PR;4110904;411090;Itaguajé;Sul
41;Paraná; PR;4110953;411095;Itaipulândia;Sul
41;Paraná; PR;4111001;411100;Itambaracá;Sul
41;Paraná; PR;4111100;411110;Itambé;Sul
41;Paraná; PR;4111209;411120;Itapejara D'oeste;Sul
41;Paraná; PR;4111258;411125;Itaperuçu;Sul
41;Paraná; PR;4111308;411130;Itaúna do Sul;Sul
41;Paraná; PR;4111407;411140;Ivaí;Sul
41;Paraná; PR;4111506;411150;Ivaiporã;Sul
41;Paraná; PR;4111555;411155;Ivaté;Sul
41;Paraná; PR;4111605;411160;Ivatuba;Sul
41;Paraná; PR;4111704;411170;Jaboti;Sul
41;Paraná; PR;4111803;411180;Jacarezinho;Sul
41;Paraná; PR;4111902;411190;Jaguapitã;Sul
41;Paraná; PR;4112009;411200;Jaguariaíva;Sul
41;Paraná; PR;4112108;411210;Jandaia do Sul;Sul
41;Paraná; PR;4112207;411220;Janiópolis;Sul
41;Paraná; PR;4112306;411230;Japira;Sul
41;Paraná; PR;4112405;411240;Japurá;Sul
41;Paraná; PR;4112504;411250;Jardim Alegre;Sul
41;Paraná; PR;4112603;411260;Jardim Olinda;Sul
41;Paraná; PR;4112702;411270;Jataizinho;Sul
41;Paraná; PR;4112751;411275;Jesuítas;Sul
41;Paraná; PR;4112801;411280;Joaquim Távora;Sul
41;Paraná; PR;4112900;411290;Jundiaí do Sul;Sul
41;Paraná; PR;4112959;411295;Juranda;Sul
41;Paraná; PR;4113007;411300;Jussara;Sul
41;Paraná; PR;4113106;411310;Kaloré;Sul
41;Paraná; PR;4113205;411320;Lapa;Sul
41;Paraná; PR;4113254;411325;Laranjal;Sul
41;Paraná; PR;4113304;411330;Laranjeiras do Sul;Sul
41;Paraná; PR;4113403;411340;Leópolis;Sul
41;Paraná; PR;4113429;411342;Lidianópolis;Sul
41;Paraná; PR;4113452;411345;Lindoeste;Sul
41;Paraná; PR;4113502;411350;Loanda;Sul
41;Paraná; PR;4113601;411360;Lobato;Sul
41;Paraná; PR;4113700;411370;Londrina;Sul
41;Paraná; PR;4113734;411373;Luiziana;Sul
41;Paraná; PR;4113759;411375;Lunardelli;Sul
41;Paraná; PR;4113809;411380;Lupionópolis;Sul
41;Paraná; PR;4113908;411390;Mallet;Sul
41;Paraná; PR;4114005;411400;Mamborê;Sul
41;Paraná; PR;4114104;411410;Mandaguaçu;Sul
41;Paraná; PR;4114203;411420;Mandaguari;Sul
41;Paraná; PR;4114302;411430;Mandirituba;Sul
41;Paraná; PR;4114351;411435;Manfrinópolis;Sul
41;Paraná; PR;4114401;411440;Mangueirinha;Sul
41;Paraná; PR;4114500;411450;Manoel Ribas;Sul
41;Paraná; PR;4114609;411460;Marechal Cândido Rondon;Sul
41;Paraná; PR;4114708;411470;Maria Helena;Sul
41;Paraná; PR;4114807;411480;Marialva;Sul
41;Paraná; PR;4114906;411490;Marilândia do Sul;Sul
41;Paraná; PR;4115002;411500;Marilena;Sul
41;Paraná; PR;4115101;411510;Mariluz;Sul
41;Paraná; PR;4115200;411520;Maringá;Sul
41;Paraná; PR;4115309;411530;Mariópolis;Sul
41;Paraná; PR;4115358;411535;Maripá;Sul
41;Paraná; PR;4115408;411540;Marmeleiro;Sul
41;Paraná; PR;4115457;411545;Marquinho;Sul
41;Paraná; PR;4115507;411550;Marumbi;Sul
41;Paraná; PR;4115606;411560;Matelândia;Sul
41;Paraná; PR;4115705;411570;Matinhos;Sul
41;Paraná; PR;4115739;411573;Mato Rico;Sul
41;Paraná; PR;4115754;411575;Mauá da Serra;Sul
41;Paraná; PR;4115804;411580;Medianeira;Sul
41;Paraná; PR;4115853;411585;Mercedes;Sul
41;Paraná; PR;4115903;411590;Mirador;Sul
41;Paraná; PR;4116000;411600;Miraselva;Sul
41;Paraná; PR;4116059;411605;Missal;Sul
41;Paraná; PR;4116109;411610;Moreira Sales;Sul
41;Paraná; PR;4116208;411620;Morretes;Sul
41;Paraná; PR;4116307;411630;Munhoz de Melo;Sul
41;Paraná; PR;4116406;411640;Nossa Senhora das Graças;Sul
41;Paraná; PR;4116505;411650;Nova Aliança do Ivaí;Sul
41;Paraná; PR;4116604;411660;Nova América da Colina;Sul
41;Paraná; PR;4116703;411670;Nova Aurora;Sul
41;Paraná; PR;4116802;411680;Nova Cantu;Sul
41;Paraná; PR;4116901;411690;Nova Esperança;Sul
41;Paraná; PR;4116950;411695;Nova Esperança do Sudoeste;Sul
41;Paraná; PR;4117008;411700;Nova Fátima;Sul
41;Paraná; PR;4117057;411705;Nova Laranjeiras;Sul
41;Paraná; PR;4117107;411710;Nova Londrina;Sul
41;Paraná; PR;4117206;411720;Nova Olímpia;Sul
41;Paraná; PR;4117214;411721;Nova Santa Bárbara;Sul
41;Paraná; PR;4117222;411722;Nova Santa Rosa;Sul
41;Paraná; PR;4117255;411725;Nova Prata do Iguaçu;Sul
41;Paraná; PR;4117271;411727;Nova Tebas;Sul
41;Paraná; PR;4117297;411729;Novo Itacolomi;Sul
41;Paraná; PR;4117305;411730;Ortigueira;Sul
41;Paraná; PR;4117404;411740;Ourizona;Sul
41;Paraná; PR;4117453;411745;Ouro Verde do Oeste;Sul
41;Paraná; PR;4117503;411750;Paiçandu;Sul
41;Paraná; PR;4117602;411760;Palmas;Sul
41;Paraná; PR;4117701;411770;Palmeira;Sul
41;Paraná; PR;4117800;411780;Palmital;Sul
41;Paraná; PR;4117909;411790;Palotina;Sul
41;Paraná; PR;4118006;411800;Paraíso do Norte;Sul
41;Paraná; PR;4118105;411810;Paranacity;Sul
41;Paraná; PR;4118204;411820;Paranaguá;Sul
41;Paraná; PR;4118303;411830;Paranapoema;Sul
41;Paraná; PR;4118402;411840;Paranavaí;Sul
41;Paraná; PR;4118451;411845;Pato Bragado;Sul
41;Paraná; PR;4118501;411850;Pato Branco;Sul
41;Paraná; PR;4118600;411860;Paula Freitas;Sul
41;Paraná; PR;4118709;411870;Paulo Frontin;Sul
41;Paraná; PR;4118808;411880;Peabiru;Sul
41;Paraná; PR;4118857;411885;Perobal;Sul
41;Paraná; PR;4118907;411890;Pérola;Sul
41;Paraná; PR;4119004;411900;Pérola D'oeste;Sul
41;Paraná; PR;4119103;411910;Piên;Sul
41;Paraná; PR;4119152;411915;Pinhais;Sul
41;Paraná; PR;4119202;411920;Pinhalão;Sul
41;Paraná; PR;4119251;411925;Pinhal de São Bento;Sul
41;Paraná; PR;4119301;411930;Pinhão;Sul
41;Paraná; PR;4119400;411940;Piraí do Sul;Sul
41;Paraná; PR;4119509;411950;Piraquara;Sul
41;Paraná; PR;4119608;411960;Pitanga;Sul
41;Paraná; PR;4119657;411965;Pitangueiras;Sul
41;Paraná; PR;4119707;411970;Planaltina do Paraná;Sul
41;Paraná; PR;4119806;411980;Planalto;Sul
41;Paraná; PR;4119905;411990;Ponta Grossa;Sul
41;Paraná; PR;4119954;411995;Pontal do Paraná;Sul
41;Paraná; PR;4120002;412000;Porecatu;Sul
41;Paraná; PR;4120101;412010;Porto Amazonas;Sul
41;Paraná; PR;4120150;412015;Porto Barreiro;Sul
41;Paraná; PR;4120200;412020;Porto Rico;Sul
41;Paraná; PR;4120309;412030;Porto Vitória;Sul
41;Paraná; PR;4120333;412033;Prado Ferreira;Sul
41;Paraná; PR;4120358;412035;Pranchita;Sul
41;Paraná; PR;4120408;412040;Presidente Castelo Branco;Sul
41;Paraná; PR;4120507;412050;Primeiro de Maio;Sul
41;Paraná; PR;4120606;412060;Prudentópolis;Sul
41;Paraná; PR;4120655;412065;Quarto Centenário;Sul
41;Paraná; PR;4120705;412070;Quatiguá;Sul
41;Paraná; PR;4120804;412080;Quatro Barras;Sul
41;Paraná; PR;4120853;412085;Quatro Pontes;Sul
41;Paraná; PR;4120903;412090;Quedas do Iguaçu;Sul
41;Paraná; PR;4121000;412100;Querência do Norte;Sul
41;Paraná; PR;4121109;412110;Quinta do Sol;Sul
41;Paraná; PR;4121208;412120;Quitandinha;Sul
41;Paraná; PR;4121257;412125;Ramilândia;Sul
41;Paraná; PR;4121307;412130;Rancho Alegre;Sul
41;Paraná; PR;4121356;412135;Rancho Alegre D'oeste;Sul
41;Paraná; PR;4121406;412140;Realeza;Sul
41;Paraná; PR;4121505;412150;Rebouças;Sul
41;Paraná; PR;4121604;412160;Renascença;Sul
41;Paraná; PR;4121703;412170;Reserva;Sul
41;Paraná; PR;4121752;412175;Reserva do Iguaçu;Sul
41;Paraná; PR;4121802;412180;Ribeirão Claro;Sul
41;Paraná; PR;4121901;412190;Ribeirão do Pinhal;Sul
41;Paraná; PR;4122008;412200;Rio Azul;Sul
41;Paraná; PR;4122107;412210;Rio Bom;Sul
41;Paraná; PR;4122156;412215;Rio Bonito do Iguaçu;Sul
41;Paraná; PR;4122172;412217;Rio Branco do Ivaí;Sul
41;Paraná; PR;4122206;412220;Rio Branco do Sul;Sul
41;Paraná; PR;4122305;412230;Rio Negro;Sul
41;Paraná; PR;4122404;412240;Rolândia;Sul
41;Paraná; PR;4122503;412250;Roncador;Sul
41;Paraná; PR;4122602;412260;Rondon;Sul
41;Paraná; PR;4122651;412265;Rosário do Ivaí;Sul
41;Paraná; PR;4122701;412270;Sabáudia;Sul
41;Paraná; PR;4122800;412280;Salgado Filho;Sul
41;Paraná; PR;4122909;412290;Salto do Itararé;Sul
41;Paraná; PR;4123006;412300;Salto do Lontra;Sul
41;Paraná; PR;4123105;412310;Santa Amélia;Sul
41;Paraná; PR;4123204;412320;Santa Cecília do Pavão;Sul
41;Paraná; PR;4123303;412330;Santa Cruz de Monte Castelo;Sul
41;Paraná; PR;4123402;412340;Santa Fé;Sul
41;Paraná; PR;4123501;412350;Santa Helena;Sul
41;Paraná; PR;4123600;412360;Santa Inês;Sul
41;Paraná; PR;4123709;412370;Santa Isabel do Ivaí;Sul
41;Paraná; PR;4123808;412380;Santa Izabel do Oeste;Sul
41;Paraná; PR;4123824;412382;Santa Lúcia;Sul
41;Paraná; PR;4123857;412385;Santa Maria do Oeste;Sul
41;Paraná; PR;4123907;412390;Santa Mariana;Sul
41;Paraná; PR;4123956;412395;Santa Mônica;Sul
41;Paraná; PR;4124004;412400;Santana do Itararé;Sul
41;Paraná; PR;4124020;412402;Santa Tereza do Oeste;Sul
41;Paraná; PR;4124053;412405;Santa Terezinha de Itaipu;Sul
41;Paraná; PR;4124103;412410;Santo Antônio da Platina;Sul
41;Paraná; PR;4124202;412420;Santo Antônio do Caiuá;Sul
41;Paraná; PR;4124301;412430;Santo Antônio do Paraíso;Sul
41;Paraná; PR;4124400;412440;Santo Antônio do Sudoeste;Sul
41;Paraná; PR;4124509;412450;Santo Inácio;Sul
41;Paraná; PR;4124608;412460;São Carlos do Ivaí;Sul
41;Paraná; PR;4124707;412470;São Jerônimo da Serra;Sul
41;Paraná; PR;4124806;412480;São João;Sul
41;Paraná; PR;4124905;412490;São João do Caiuá;Sul
41;Paraná; PR;4125001;412500;São João do Ivaí;Sul
41;Paraná; PR;4125100;412510;São João do Triunfo;Sul
41;Paraná; PR;4125209;412520;São Jorge D'oeste;Sul
41;Paraná; PR;4125308;412530;São Jorge do Ivaí;Sul
41;Paraná; PR;4125357;412535;São Jorge do Patrocínio;Sul
41;Paraná; PR;4125407;412540;São José da Boa Vista;Sul
41;Paraná; PR;4125456;412545;São José das Palmeiras;Sul
41;Paraná; PR;4125506;412550;São José dos Pinhais;Sul
41;Paraná; PR;4125555;412555;São Manoel do Paraná;Sul
41;Paraná; PR;4125605;412560;São Mateus do Sul;Sul
41;Paraná; PR;4125704;412570;São Miguel do Iguaçu;Sul
41;Paraná; PR;4125753;412575;São Pedro do Iguaçu;Sul
41;Paraná; PR;4125803;412580;São Pedro do Ivaí;Sul
41;Paraná; PR;4125902;412590;São Pedro do Paraná;Sul
41;Paraná; PR;4126009;412600;São Sebastião da Amoreira;Sul
41;Paraná; PR;4126108;412610;São Tomé;Sul
41;Paraná; PR;4126207;412620;Sapopema;Sul
41;Paraná; PR;4126256;412625;Sarandi;Sul
41;Paraná; PR;4126272;412627;Saudade do Iguaçu;Sul
41;Paraná; PR;4126306;412630;Sengés;Sul
41;Paraná; PR;4126355;412635;Serranópolis do Iguaçu;Sul
41;Paraná; PR;4126405;412640;Sertaneja;Sul
41;Paraná; PR;4126504;412650;Sertanópolis;Sul
41;Paraná; PR;4126603;412660;Siqueira Campos;Sul
41;Paraná; PR;4126652;412665;Sulina;Sul
41;Paraná; PR;4126678;412667;Tamarana;Sul
41;Paraná; PR;4126702;412670;Tamboara;Sul
41;Paraná; PR;4126801;412680;Tapejara;Sul
41;Paraná; PR;4126900;412690;Tapira;Sul
41;Paraná; PR;4127007;412700;Teixeira Soares;Sul
41;Paraná; PR;4127106;412710;Telêmaco Borba;Sul
41;Paraná; PR;4127205;412720;Terra Boa;Sul
41;Paraná; PR;4127304;412730;Terra Rica;Sul
41;Paraná; PR;4127403;412740;Terra Roxa;Sul
41;Paraná; PR;4127502;412750;Tibagi;Sul
41;Paraná; PR;4127601;412760;Tijucas do Sul;Sul
41;Paraná; PR;4127700;412770;Toledo;Sul
41;Paraná; PR;4127809;412780;Tomazina;Sul
41;Paraná; PR;4127858;412785;Três Barras do Paraná;Sul
41;Paraná; PR;4127882;412788;Tunas do Paraná;Sul
41;Paraná; PR;4127908;412790;Tuneiras do Oeste;Sul
41;Paraná; PR;4127957;412795;Tupãssi;Sul
41;Paraná; PR;4127965;412796;Turvo;Sul
41;Paraná; PR;4128005;412800;Ubiratã;Sul
41;Paraná; PR;4128104;412810;Umuarama;Sul
41;Paraná; PR;4128203;412820;União da Vitória;Sul
41;Paraná; PR;4128302;412830;Uniflor;Sul
41;Paraná; PR;4128401;412840;Uraí;Sul
41;Paraná; PR;4128500;412850;Wenceslau Braz;Sul
41;Paraná; PR;4128534;412853;Ventania;Sul
41;Paraná; PR;4128559;412855;Vera Cruz do Oeste;Sul
41;Paraná; PR;4128609;412860;Verê;Sul
41;Paraná; PR;4128625;412862;Alto Paraíso;Sul
41;Paraná; PR;4128633;412863;doutor Ulysses;Sul
41;Paraná; PR;4128658;412865;Virmond;Sul
41;Paraná; PR;4128708;412870;Vitorino;Sul
41;Paraná; PR;4128807;412880;Xambrê;Sul
42;Santa Catarina; SC;4200051;420005;Abdon Batista;Sul
42;Santa Catarina; SC;4200101;420010;Abelardo Luz;Sul
42;Santa Catarina; SC;4200200;420020;Agrolândia;Sul
42;Santa Catarina; SC;4200309;420030;Agronômica;Sul
42;Santa Catarina; SC;4200408;420040;Água doce;Sul
42;Santa Catarina; SC;4200507;420050;Águas de Chapecó;Sul
42;Santa Catarina; SC;4200556;420055;Águas Frias;Sul
42;Santa Catarina; SC;4200606;420060;Águas Mornas;Sul
42;Santa Catarina; SC;4200705;420070;Alfredo Wagner;Sul
42;Santa Catarina; SC;4200754;420075;Alto Bela Vista;Sul
42;Santa Catarina; SC;4200804;420080;Anchieta;Sul
42;Santa Catarina; SC;4200903;420090;Angelina;Sul
42;Santa Catarina; SC;4201000;420100;Anita Garibaldi;Sul
42;Santa Catarina; SC;4201109;420110;Anitápolis;Sul
42;Santa Catarina; SC;4201208;420120;Antônio Carlos;Sul
42;Santa Catarina; SC;4201257;420125;Apiúna;Sul
42;Santa Catarina; SC;4201273;420127;Arabutã;Sul
42;Santa Catarina; SC;4201307;420130;Araquari;Sul
42;Santa Catarina; SC;4201406;420140;Araranguá;Sul
42;Santa Catarina; SC;4201505;420150;Armazém;Sul
42;Santa Catarina; SC;4201604;420160;Arroio Trinta;Sul
42;Santa Catarina; SC;4201653;420165;Arvoredo;Sul
42;Santa Catarina; SC;4201703;420170;Ascurra;Sul
42;Santa Catarina; SC;4201802;420180;Atalanta;Sul
42;Santa Catarina; SC;4201901;420190;Aurora;Sul
42;Santa Catarina; SC;4201950;420195;Balneário Arroio do Silva;Sul
42;Santa Catarina; SC;4202008;420200;Balneário Camboriú;Sul
42;Santa Catarina; SC;4202057;420205;Balneário Barra do Sul;Sul
42;Santa Catarina; SC;4202073;420207;Balneário Gaivota;Sul
42;Santa Catarina; SC;4202081;420208;Bandeirante;Sul
42;Santa Catarina; SC;4202099;420209;Barra Bonita;Sul
42;Santa Catarina; SC;4202107;420210;Barra Velha;Sul
42;Santa Catarina; SC;4202131;420213;Bela Vista do Toldo;Sul
42;Santa Catarina; SC;4202156;420215;Belmonte;Sul
42;Santa Catarina; SC;4202206;420220;Benedito Novo;Sul
42;Santa Catarina; SC;4202305;420230;Biguaçu;Sul
42;Santa Catarina; SC;4202404;420240;Blumenau;Sul
42;Santa Catarina; SC;4202438;420243;Bocaina do Sul;Sul
42;Santa Catarina; SC;4202453;420245;Bombinhas;Sul
42;Santa Catarina; SC;4202503;420250;Bom Jardim da Serra;Sul
42;Santa Catarina; SC;4202537;420253;Bom Jesus;Sul
42;Santa Catarina; SC;4202578;420257;Bom Jesus do Oeste;Sul
42;Santa Catarina; SC;4202602;420260;Bom Retiro;Sul
42;Santa Catarina; SC;4202701;420270;Botuverá;Sul
42;Santa Catarina; SC;4202800;420280;Braço do Norte;Sul
42;Santa Catarina; SC;4202859;420285;Braço do Trombudo;Sul
42;Santa Catarina; SC;4202875;420287;Brunópolis;Sul
42;Santa Catarina; SC;4202909;420290;Brusque;Sul
42;Santa Catarina; SC;4203006;420300;Caçador;Sul
42;Santa Catarina; SC;4203105;420310;Caibi;Sul
42;Santa Catarina; SC;4203154;420315;Calmon;Sul
42;Santa Catarina; SC;4203204;420320;Camboriú;Sul
42;Santa Catarina; SC;4203253;420325;Capão Alto;Sul
42;Santa Catarina; SC;4203303;420330;Campo Alegre;Sul
42;Santa Catarina; SC;4203402;420340;Campo Belo do Sul;Sul
42;Santa Catarina; SC;4203501;420350;Campo Erê;Sul
42;Santa Catarina; SC;4203600;420360;Campos Novos;Sul
42;Santa Catarina; SC;4203709;420370;Canelinha;Sul
42;Santa Catarina; SC;4203808;420380;Canoinhas;Sul
42;Santa Catarina; SC;4203907;420390;Capinzal;Sul
42;Santa Catarina; SC;4203956;420395;Capivari de Baixo;Sul
42;Santa Catarina; SC;4204004;420400;Catanduvas;Sul
42;Santa Catarina; SC;4204103;420410;Caxambu do Sul;Sul
42;Santa Catarina; SC;4204152;420415;Celso Ramos;Sul
42;Santa Catarina; SC;4204178;420417;Cerro Negro;Sul
42;Santa Catarina; SC;4204194;420419;Chapadão do Lageado;Sul
42;Santa Catarina; SC;4204202;420420;Chapecó;Sul
42;Santa Catarina; SC;4204251;420425;Cocal do Sul;Sul
42;Santa Catarina; SC;4204301;420430;Concórdia;Sul
42;Santa Catarina; SC;4204350;420435;Cordilheira Alta;Sul
42;Santa Catarina; SC;4204400;420440;Coronel Freitas;Sul
42;Santa Catarina; SC;4204459;420445;Coronel Martins;Sul
42;Santa Catarina; SC;4204509;420450;Corupá;Sul
42;Santa Catarina; SC;4204558;420455;Correia Pinto;Sul
42;Santa Catarina; SC;4204608;420460;Criciúma;Sul
42;Santa Catarina; SC;4204707;420470;Cunha Porã;Sul
42;Santa Catarina; SC;4204756;420475;Cunhataí;Sul
42;Santa Catarina; SC;4204806;420480;Curitibanos;Sul
42;Santa Catarina; SC;4204905;420490;descanso;Sul
42;Santa Catarina; SC;4205001;420500;Dionísio Cerqueira;Sul
42;Santa Catarina; SC;4205100;420510;dona Emma;Sul
42;Santa Catarina; SC;4205159;420515;doutor Pedrinho;Sul
42;Santa Catarina; SC;4205175;420517;Entre Rios;Sul
42;Santa Catarina; SC;4205191;420519;Ermo;Sul
42;Santa Catarina; SC;4205209;420520;Erval Velho;Sul
42;Santa Catarina; SC;4205308;420530;Faxinal dos Guedes;Sul
42;Santa Catarina; SC;4205357;420535;Flor do Sertão;Sul
42;Santa Catarina; SC;4205407;420540;Florianópolis;Sul
42;Santa Catarina; SC;4205431;420543;Formosa do Sul;Sul
42;Santa Catarina; SC;4205456;420545;Forquilhinha;Sul
42;Santa Catarina; SC;4205506;420550;Fraiburgo;Sul
42;Santa Catarina; SC;4205555;420555;Frei Rogério;Sul
42;Santa Catarina; SC;4205605;420560;Galvão;Sul
42;Santa Catarina; SC;4205704;420570;Garopaba;Sul
42;Santa Catarina; SC;4205803;420580;Garuva;Sul
42;Santa Catarina; SC;4205902;420590;Gaspar;Sul
42;Santa Catarina; SC;4206009;420600;Governador Celso Ramos;Sul
42;Santa Catarina; SC;4206108;420610;Grão Pará;Sul
42;Santa Catarina; SC;4206207;420620;Gravatal;Sul
42;Santa Catarina; SC;4206306;420630;Guabiruba;Sul
42;Santa Catarina; SC;4206405;420640;Guaraciaba;Sul
42;Santa Catarina; SC;4206504;420650;Guaramirim;Sul
42;Santa Catarina; SC;4206603;420660;Guarujá do Sul;Sul
42;Santa Catarina; SC;4206652;420665;Guatambú;Sul
42;Santa Catarina; SC;4206702;420670;Herval D'oeste;Sul
42;Santa Catarina; SC;4206751;420675;Ibiam;Sul
42;Santa Catarina; SC;4206801;420680;Ibicaré;Sul
42;Santa Catarina; SC;4206900;420690;Ibirama;Sul
42;Santa Catarina; SC;4207007;420700;Içara;Sul
42;Santa Catarina; SC;4207106;420710;Ilhota;Sul
42;Santa Catarina; SC;4207205;420720;Imaruí;Sul
42;Santa Catarina; SC;4207304;420730;Imbituba;Sul
42;Santa Catarina; SC;4207403;420740;Imbuia;Sul
42;Santa Catarina; SC;4207502;420750;Indaial;Sul
42;Santa Catarina; SC;4207577;420757;Iomerê;Sul
42;Santa Catarina; SC;4207601;420760;Ipira;Sul
42;Santa Catarina; SC;4207650;420765;Iporã do Oeste;Sul
42;Santa Catarina; SC;4207684;420768;Ipuaçu;Sul
42;Santa Catarina; SC;4207700;420770;Ipumirim;Sul
42;Santa Catarina; SC;4207759;420775;Iraceminha;Sul
42;Santa Catarina; SC;4207809;420780;Irani;Sul
42;Santa Catarina; SC;4207858;420785;Irati;Sul
42;Santa Catarina; SC;4207908;420790;Irineópolis;Sul
42;Santa Catarina; SC;4208005;420800;Itá;Sul
42;Santa Catarina; SC;4208104;420810;Itaiópolis;Sul
42;Santa Catarina; SC;4208203;420820;Itajaí;Sul
42;Santa Catarina; SC;4208302;420830;Itapema;Sul
42;Santa Catarina; SC;4208401;420840;Itapiranga;Sul
42;Santa Catarina; SC;4208450;420845;Itapoá;Sul
42;Santa Catarina; SC;4208500;420850;Ituporanga;Sul
42;Santa Catarina; SC;4208609;420860;Jaborá;Sul
42;Santa Catarina; SC;4208708;420870;Jacinto Machado;Sul
42;Santa Catarina; SC;4208807;420880;Jaguaruna;Sul
42;Santa Catarina; SC;4208906;420890;Jaraguá do Sul;Sul
42;Santa Catarina; SC;4208955;420895;Jardinópolis;Sul
42;Santa Catarina; SC;4209003;420900;Joaçaba;Sul
42;Santa Catarina; SC;4209102;420910;Joinville;Sul
42;Santa Catarina; SC;4209151;420915;José Boiteux;Sul
42;Santa Catarina; SC;4209177;420917;Jupiá;Sul
42;Santa Catarina; SC;4209201;420920;Lacerdópolis;Sul
42;Santa Catarina; SC;4209300;420930;Lages;Sul
42;Santa Catarina; SC;4209409;420940;Laguna;Sul
42;Santa Catarina; SC;4209458;420945;Lajeado Grande;Sul
42;Santa Catarina; SC;4209508;420950;Laurentino;Sul
42;Santa Catarina; SC;4209607;420960;Lauro Muller;Sul
42;Santa Catarina; SC;4209706;420970;Lebon Régis;Sul
42;Santa Catarina; SC;4209805;420980;Leoberto Leal;Sul
42;Santa Catarina; SC;4209854;420985;Lindóia do Sul;Sul
42;Santa Catarina; SC;4209904;420990;Lontras;Sul
42;Santa Catarina; SC;4210001;421000;Luiz Alves;Sul
42;Santa Catarina; SC;4210035;421003;Luzerna;Sul
42;Santa Catarina; SC;4210050;421005;Macieira;Sul
42;Santa Catarina; SC;4210100;421010;Mafra;Sul
42;Santa Catarina; SC;4210209;421020;Major Gercino;Sul
42;Santa Catarina; SC;4210308;421030;Major Vieira;Sul
42;Santa Catarina; SC;4210407;421040;Maracajá;Sul
42;Santa Catarina; SC;4210506;421050;Maravilha;Sul
42;Santa Catarina; SC;4210555;421055;Marema;Sul
42;Santa Catarina; SC;4210605;421060;Massaranduba;Sul
42;Santa Catarina; SC;4210704;421070;Matos Costa;Sul
42;Santa Catarina; SC;4210803;421080;Meleiro;Sul
42;Santa Catarina; SC;4210852;421085;Mirim doce;Sul
42;Santa Catarina; SC;4210902;421090;Modelo;Sul
42;Santa Catarina; SC;4211009;421100;Mondaí;Sul
42;Santa Catarina; SC;4211058;421105;Monte Carlo;Sul
42;Santa Catarina; SC;4211108;421110;Monte Castelo;Sul
42;Santa Catarina; SC;4211207;421120;Morro da Fumaça;Sul
42;Santa Catarina; SC;4211256;421125;Morro Grande;Sul
42;Santa Catarina; SC;4211306;421130;Navegantes;Sul
42;Santa Catarina; SC;4211405;421140;Nova Erechim;Sul
42;Santa Catarina; SC;4211454;421145;Nova Itaberaba;Sul
42;Santa Catarina; SC;4211504;421150;Nova Trento;Sul
42;Santa Catarina; SC;4211603;421160;Nova Veneza;Sul
42;Santa Catarina; SC;4211652;421165;Novo Horizonte;Sul
42;Santa Catarina; SC;4211702;421170;Orleans;Sul
42;Santa Catarina; SC;4211751;421175;Otacílio Costa;Sul
42;Santa Catarina; SC;4211801;421180;Ouro;Sul
42;Santa Catarina; SC;4211850;421185;Ouro Verde;Sul
42;Santa Catarina; SC;4211876;421187;Paial;Sul
42;Santa Catarina; SC;4211892;421189;Painel;Sul
42;Santa Catarina; SC;4211900;421190;Palhoça;Sul
42;Santa Catarina; SC;4212007;421200;Palma Sola;Sul
42;Santa Catarina; SC;4212056;421205;Palmeira;Sul
42;Santa Catarina; SC;4212106;421210;Palmitos;Sul
42;Santa Catarina; SC;4212205;421220;Papanduva;Sul
42;Santa Catarina; SC;4212239;421223;Paraíso;Sul
42;Santa Catarina; SC;4212254;421225;Passo de Torres;Sul
42;Santa Catarina; SC;4212270;421227;Passos Maia;Sul
42;Santa Catarina; SC;4212304;421230;Paulo Lopes;Sul
42;Santa Catarina; SC;4212403;421240;Pedras Grandes;Sul
42;Santa Catarina; SC;4212502;421250;Penha;Sul
42;Santa Catarina; SC;4212601;421260;Peritiba;Sul
42;Santa Catarina; SC;4212650;421265;Pescaria Brava;Sul
42;Santa Catarina; SC;4212700;421270;Petrolândia;Sul
42;Santa Catarina; SC;4212809;421280;Balneário Piçarras;Sul
42;Santa Catarina; SC;4212908;421290;Pinhalzinho;Sul
42;Santa Catarina; SC;4213005;421300;Pinheiro Preto;Sul
42;Santa Catarina; SC;4213104;421310;Piratuba;Sul
42;Santa Catarina; SC;4213153;421315;Planalto Alegre;Sul
42;Santa Catarina; SC;4213203;421320;Pomerode;Sul
42;Santa Catarina; SC;4213302;421330;Ponte Alta;Sul
42;Santa Catarina; SC;4213351;421335;Ponte Alta do Norte;Sul
42;Santa Catarina; SC;4213401;421340;Ponte Serrada;Sul
42;Santa Catarina; SC;4213500;421350;Porto Belo;Sul
42;Santa Catarina; SC;4213609;421360;Porto União;Sul
42;Santa Catarina; SC;4213708;421370;Pouso Redondo;Sul
42;Santa Catarina; SC;4213807;421380;Praia Grande;Sul
42;Santa Catarina; SC;4213906;421390;Presidente Castello Branco;Sul
42;Santa Catarina; SC;4214003;421400;Presidente Getúlio;Sul
42;Santa Catarina; SC;4214102;421410;Presidente Nereu;Sul
42;Santa Catarina; SC;4214151;421415;Princesa;Sul
42;Santa Catarina; SC;4214201;421420;Quilombo;Sul
42;Santa Catarina; SC;4214300;421430;Rancho Queimado;Sul
42;Santa Catarina; SC;4214409;421440;Rio das Antas;Sul
42;Santa Catarina; SC;4214508;421450;Rio do Campo;Sul
42;Santa Catarina; SC;4214607;421460;Rio do Oeste;Sul
42;Santa Catarina; SC;4214706;421470;Rio dos Cedros;Sul
42;Santa Catarina; SC;4214805;421480;Rio do Sul;Sul
42;Santa Catarina; SC;4214904;421490;Rio Fortuna;Sul
42;Santa Catarina; SC;4215000;421500;Rio Negrinho;Sul
42;Santa Catarina; SC;4215059;421505;Rio Rufino;Sul
42;Santa Catarina; SC;4215075;421507;Riqueza;Sul
42;Santa Catarina; SC;4215109;421510;Rodeio;Sul
42;Santa Catarina; SC;4215208;421520;Romelândia;Sul
42;Santa Catarina; SC;4215307;421530;Salete;Sul
42;Santa Catarina; SC;4215356;421535;Saltinho;Sul
42;Santa Catarina; SC;4215406;421540;Salto Veloso;Sul
42;Santa Catarina; SC;4215455;421545;Sangão;Sul
42;Santa Catarina; SC;4215505;421550;Santa Cecília;Sul
42;Santa Catarina; SC;4215554;421555;Santa Helena;Sul
42;Santa Catarina; SC;4215604;421560;Santa Rosa de Lima;Sul
42;Santa Catarina; SC;4215653;421565;Santa Rosa do Sul;Sul
42;Santa Catarina; SC;4215679;421567;Santa Terezinha;Sul
42;Santa Catarina; SC;4215687;421568;Santa Terezinha do Progresso;Sul
42;Santa Catarina; SC;4215695;421569;Santiago do Sul;Sul
42;Santa Catarina; SC;4215703;421570;Santo Amaro da Imperatriz;Sul
42;Santa Catarina; SC;4215752;421575;São Bernardino;Sul
42;Santa Catarina; SC;4215802;421580;São Bento do Sul;Sul
42;Santa Catarina; SC;4215901;421590;São Bonifácio;Sul
42;Santa Catarina; SC;4216008;421600;São Carlos;Sul
42;Santa Catarina; SC;4216057;421605;São Cristovão do Sul;Sul
42;Santa Catarina; SC;4216107;421610;São domingos;Sul
42;Santa Catarina; SC;4216206;421620;São Francisco do Sul;Sul
42;Santa Catarina; SC;4216255;421625;São João do Oeste;Sul
42;Santa Catarina; SC;4216305;421630;São João Batista;Sul
42;Santa Catarina; SC;4216354;421635;São João do Itaperiú;Sul
42;Santa Catarina; SC;4216404;421640;São João do Sul;Sul
42;Santa Catarina; SC;4216503;421650;São Joaquim;Sul
42;Santa Catarina; SC;4216602;421660;São José;Sul
42;Santa Catarina; SC;4216701;421670;São José do Cedro;Sul
42;Santa Catarina; SC;4216800;421680;São José do Cerrito;Sul
42;Santa Catarina; SC;4216909;421690;São Lourenço do Oeste;Sul
42;Santa Catarina; SC;4217006;421700;São Ludgero;Sul
42;Santa Catarina; SC;4217105;421710;São Martinho;Sul
42;Santa Catarina; SC;4217154;421715;São Miguel da Boa Vista;Sul
42;Santa Catarina; SC;4217204;421720;São Miguel do Oeste;Sul
42;Santa Catarina; SC;4217253;421725;São Pedro de Alcântara;Sul
42;Santa Catarina; SC;4217303;421730;Saudades;Sul
42;Santa Catarina; SC;4217402;421740;Schroeder;Sul
42;Santa Catarina; SC;4217501;421750;Seara;Sul
42;Santa Catarina; SC;4217550;421755;Serra Alta;Sul
42;Santa Catarina; SC;4217600;421760;Siderópolis;Sul
42;Santa Catarina; SC;4217709;421770;Sombrio;Sul
42;Santa Catarina; SC;4217758;421775;Sul Brasil;Sul
42;Santa Catarina; SC;4217808;421780;Taió;Sul
42;Santa Catarina; SC;4217907;421790;Tangará;Sul
42;Santa Catarina; SC;4217956;421795;Tigrinhos;Sul
42;Santa Catarina; SC;4218004;421800;Tijucas;Sul
42;Santa Catarina; SC;4218103;421810;Timbé do Sul;Sul
42;Santa Catarina; SC;4218202;421820;Timbó;Sul
42;Santa Catarina; SC;4218251;421825;Timbó Grande;Sul
42;Santa Catarina; SC;4218301;421830;Três Barras;Sul
42;Santa Catarina; SC;4218350;421835;Treviso;Sul
42;Santa Catarina; SC;4218400;421840;Treze de Maio;Sul
42;Santa Catarina; SC;4218509;421850;Treze Tílias;Sul
42;Santa Catarina; SC;4218608;421860;Trombudo Central;Sul
42;Santa Catarina; SC;4218707;421870;Tubarão;Sul
42;Santa Catarina; SC;4218756;421875;Tunápolis;Sul
42;Santa Catarina; SC;4218806;421880;Turvo;Sul
42;Santa Catarina; SC;4218855;421885;União do Oeste;Sul
42;Santa Catarina; SC;4218905;421890;Urubici;Sul
42;Santa Catarina; SC;4218954;421895;Urupema;Sul
42;Santa Catarina; SC;4219002;421900;Urussanga;Sul
42;Santa Catarina; SC;4219101;421910;Vargeão;Sul
42;Santa Catarina; SC;4219150;421915;Vargem;Sul
42;Santa Catarina; SC;4219176;421917;Vargem Bonita;Sul
42;Santa Catarina; SC;4219200;421920;Vidal Ramos;Sul
42;Santa Catarina; SC;4219309;421930;Videira;Sul
42;Santa Catarina; SC;4219358;421935;Vitor Meireles;Sul
42;Santa Catarina; SC;4219408;421940;Witmarsum;Sul
42;Santa Catarina; SC;4219507;421950;Xanxerê;Sul
42;Santa Catarina; SC;4219606;421960;Xavantina;Sul
42;Santa Catarina; SC;4219705;421970;Xaxim;Sul
42;Santa Catarina; SC;4219853;421985;Zortéa;Sul
42;Santa Catarina; SC;4220000;422000;Balneário Rincão;Sul
43;Rio Grande do Sul; RS;4300034;430003;Aceguá;Sul
43;Rio Grande do Sul; RS;4300059;430005;Água Santa;Sul
43;Rio Grande do Sul; RS;4300109;430010;Agudo;Sul
43;Rio Grande do Sul; RS;4300208;430020;Ajuricaba;Sul
43;Rio Grande do Sul; RS;4300307;430030;Alecrim;Sul
43;Rio Grande do Sul; RS;4300406;430040;Alegrete;Sul
43;Rio Grande do Sul; RS;4300455;430045;Alegria;Sul
43;Rio Grande do Sul; RS;4300471;430047;Almirante Tamandaré do Sul;Sul
43;Rio Grande do Sul; RS;4300505;430050;Alpestre;Sul
43;Rio Grande do Sul; RS;4300554;430055;Alto Alegre;Sul
43;Rio Grande do Sul; RS;4300570;430057;Alto Feliz;Sul
43;Rio Grande do Sul; RS;4300604;430060;Alvorada;Sul
43;Rio Grande do Sul; RS;4300638;430063;Amaral Ferrador;Sul
43;Rio Grande do Sul; RS;4300646;430064;Ametista do Sul;Sul
43;Rio Grande do Sul; RS;4300661;430066;André da Rocha;Sul
43;Rio Grande do Sul; RS;4300703;430070;Anta Gorda;Sul
43;Rio Grande do Sul; RS;4300802;430080;Antônio Prado;Sul
43;Rio Grande do Sul; RS;4300851;430085;Arambaré;Sul
43;Rio Grande do Sul; RS;4300877;430087;Araricá;Sul
43;Rio Grande do Sul; RS;4300901;430090;Aratiba;Sul
43;Rio Grande do Sul; RS;4301008;430100;Arroio do Meio;Sul
43;Rio Grande do Sul; RS;4301057;430105;Arroio do Sal;Sul
43;Rio Grande do Sul; RS;4301073;430107;Arroio do Padre;Sul
43;Rio Grande do Sul; RS;4301107;430110;Arroio dos Ratos;Sul
43;Rio Grande do Sul; RS;4301206;430120;Arroio do Tigre;Sul
43;Rio Grande do Sul; RS;4301305;430130;Arroio Grande;Sul
43;Rio Grande do Sul; RS;4301404;430140;Arvorezinha;Sul
43;Rio Grande do Sul; RS;4301503;430150;Augusto Pestana;Sul
43;Rio Grande do Sul; RS;4301552;430155;Áurea;Sul
43;Rio Grande do Sul; RS;4301602;430160;Bagé;Sul
43;Rio Grande do Sul; RS;4301636;430163;Balneário Pinhal;Sul
43;Rio Grande do Sul; RS;4301651;430165;Barão;Sul
43;Rio Grande do Sul; RS;4301701;430170;Barão de Cotegipe;Sul
43;Rio Grande do Sul; RS;4301750;430175;Barão do Triunfo;Sul
43;Rio Grande do Sul; RS;4301800;430180;Barracão;Sul
43;Rio Grande do Sul; RS;4301859;430185;Barra do Guarita;Sul
43;Rio Grande do Sul; RS;4301875;430187;Barra do Quaraí;Sul
43;Rio Grande do Sul; RS;4301909;430190;Barra do Ribeiro;Sul
43;Rio Grande do Sul; RS;4301925;430192;Barra do Rio Azul;Sul
43;Rio Grande do Sul; RS;4301958;430195;Barra Funda;Sul
43;Rio Grande do Sul; RS;4302006;430200;Barros Cassal;Sul
43;Rio Grande do Sul; RS;4302055;430205;Benjamin Constant do Sul;Sul
43;Rio Grande do Sul; RS;4302105;430210;Bento Gonçalves;Sul
43;Rio Grande do Sul; RS;4302154;430215;Boa Vista das Missões;Sul
43;Rio Grande do Sul; RS;4302204;430220;Boa Vista do Buricá;Sul
43;Rio Grande do Sul; RS;4302220;430222;Boa Vista do Cadeado;Sul
43;Rio Grande do Sul; RS;4302238;430223;Boa Vista do Incra;Sul
43;Rio Grande do Sul; RS;4302253;430225;Boa Vista do Sul;Sul
43;Rio Grande do Sul; RS;4302303;430230;Bom Jesus;Sul
43;Rio Grande do Sul; RS;4302352;430235;Bom Princípio;Sul
43;Rio Grande do Sul; RS;4302378;430237;Bom Progresso;Sul
43;Rio Grande do Sul; RS;4302402;430240;Bom Retiro do Sul;Sul
43;Rio Grande do Sul; RS;4302451;430245;Boqueirão do Leão;Sul
43;Rio Grande do Sul; RS;4302501;430250;Bossoroca;Sul
43;Rio Grande do Sul; RS;4302584;430258;Bozano;Sul
43;Rio Grande do Sul; RS;4302600;430260;Braga;Sul
43;Rio Grande do Sul; RS;4302659;430265;Brochier;Sul
43;Rio Grande do Sul; RS;4302709;430270;Butiá;Sul
43;Rio Grande do Sul; RS;4302808;430280;Caçapava do Sul;Sul
43;Rio Grande do Sul; RS;4302907;430290;Cacequi;Sul
43;Rio Grande do Sul; RS;4303004;430300;Cachoeira do Sul;Sul
43;Rio Grande do Sul; RS;4303103;430310;Cachoeirinha;Sul
43;Rio Grande do Sul; RS;4303202;430320;Cacique doble;Sul
43;Rio Grande do Sul; RS;4303301;430330;Caibaté;Sul
43;Rio Grande do Sul; RS;4303400;430340;Caiçara;Sul
43;Rio Grande do Sul; RS;4303509;430350;Camaquã;Sul
43;Rio Grande do Sul; RS;4303558;430355;Camargo;Sul
43;Rio Grande do Sul; RS;4303608;430360;Cambará do Sul;Sul
43;Rio Grande do Sul; RS;4303673;430367;Campestre da Serra;Sul
43;Rio Grande do Sul; RS;4303707;430370;Campina das Missões;Sul
43;Rio Grande do Sul; RS;4303806;430380;Campinas do Sul;Sul
43;Rio Grande do Sul; RS;4303905;430390;Campo Bom;Sul
43;Rio Grande do Sul; RS;4304002;430400;Campo Novo;Sul
43;Rio Grande do Sul; RS;4304101;430410;Campos Borges;Sul
43;Rio Grande do Sul; RS;4304200;430420;Candelária;Sul
43;Rio Grande do Sul; RS;4304309;430430;Cândido Godói;Sul
43;Rio Grande do Sul; RS;4304358;430435;Candiota;Sul
43;Rio Grande do Sul; RS;4304408;430440;Canela;Sul
43;Rio Grande do Sul; RS;4304507;430450;Canguçu;Sul
43;Rio Grande do Sul; RS;4304606;430460;Canoas;Sul
43;Rio Grande do Sul; RS;4304614;430461;Canudos do Vale;Sul
43;Rio Grande do Sul; RS;4304622;430462;Capão Bonito do Sul;Sul
43;Rio Grande do Sul; RS;4304630;430463;Capão da Canoa;Sul
43;Rio Grande do Sul; RS;4304655;430465;Capão do Cipó;Sul
43;Rio Grande do Sul; RS;4304663;430466;Capão do Leão;Sul
43;Rio Grande do Sul; RS;4304671;430467;Capivari do Sul;Sul
43;Rio Grande do Sul; RS;4304689;430468;Capela de Santana;Sul
43;Rio Grande do Sul; RS;4304697;430469;Capitão;Sul
43;Rio Grande do Sul; RS;4304705;430470;Carazinho;Sul
43;Rio Grande do Sul; RS;4304713;430471;Caraá;Sul
43;Rio Grande do Sul; RS;4304804;430480;Carlos Barbosa;Sul
43;Rio Grande do Sul; RS;4304853;430485;Carlos Gomes;Sul
43;Rio Grande do Sul; RS;4304903;430490;Casca;Sul
43;Rio Grande do Sul; RS;4304952;430495;Caseiros;Sul
43;Rio Grande do Sul; RS;4305009;430500;Catuípe;Sul
43;Rio Grande do Sul; RS;4305108;430510;Caxias do Sul;Sul
43;Rio Grande do Sul; RS;4305116;430511;Centenário;Sul
43;Rio Grande do Sul; RS;4305124;430512;Cerrito;Sul
43;Rio Grande do Sul; RS;4305132;430513;Cerro Branco;Sul
43;Rio Grande do Sul; RS;4305157;430515;Cerro Grande;Sul
43;Rio Grande do Sul; RS;4305173;430517;Cerro Grande do Sul;Sul
43;Rio Grande do Sul; RS;4305207;430520;Cerro Largo;Sul
43;Rio Grande do Sul; RS;4305306;430530;Chapada;Sul
43;Rio Grande do Sul; RS;4305355;430535;Charqueadas;Sul
43;Rio Grande do Sul; RS;4305371;430537;Charrua;Sul
43;Rio Grande do Sul; RS;4305405;430540;Chiapetta;Sul
43;Rio Grande do Sul; RS;4305439;430543;Chuí;Sul
43;Rio Grande do Sul; RS;4305447;430544;Chuvisca;Sul
43;Rio Grande do Sul; RS;4305454;430545;Cidreira;Sul
43;Rio Grande do Sul; RS;4305504;430550;Ciríaco;Sul
43;Rio Grande do Sul; RS;4305587;430558;Colinas;Sul
43;Rio Grande do Sul; RS;4305603;430560;Colorado;Sul
43;Rio Grande do Sul; RS;4305702;430570;Condor;Sul
43;Rio Grande do Sul; RS;4305801;430580;Constantina;Sul
43;Rio Grande do Sul; RS;4305835;430583;Coqueiro Baixo;Sul
43;Rio Grande do Sul; RS;4305850;430585;Coqueiros do Sul;Sul
43;Rio Grande do Sul; RS;4305871;430587;Coronel Barros;Sul
43;Rio Grande do Sul; RS;4305900;430590;Coronel Bicaco;Sul
43;Rio Grande do Sul; RS;4305934;430593;Coronel Pilar;Sul
43;Rio Grande do Sul; RS;4305959;430595;Cotiporã;Sul
43;Rio Grande do Sul; RS;4305975;430597;Coxilha;Sul
43;Rio Grande do Sul; RS;4306007;430600;Crissiumal;Sul
43;Rio Grande do Sul; RS;4306056;430605;Cristal;Sul
43;Rio Grande do Sul; RS;4306072;430607;Cristal do Sul;Sul
43;Rio Grande do Sul; RS;4306106;430610;Cruz Alta;Sul
43;Rio Grande do Sul; RS;4306130;430613;Cruzaltense;Sul
43;Rio Grande do Sul; RS;4306205;430620;Cruzeiro do Sul;Sul
43;Rio Grande do Sul; RS;4306304;430630;david Canabarro;Sul
43;Rio Grande do Sul; RS;4306320;430632;derrubadas;Sul
43;Rio Grande do Sul; RS;4306353;430635;dezesseis de Novembro;Sul
43;Rio Grande do Sul; RS;4306379;430637;Dilermando de Aguiar;Sul
43;Rio Grande do Sul; RS;4306403;430640;dois Irmãos;Sul
43;Rio Grande do Sul; RS;4306429;430642;dois Irmãos das Missões;Sul
43;Rio Grande do Sul; RS;4306452;430645;dois Lajeados;Sul
43;Rio Grande do Sul; RS;4306502;430650;dom Feliciano;Sul
43;Rio Grande do Sul; RS;4306551;430655;dom Pedro de Alcântara;Sul
43;Rio Grande do Sul; RS;4306601;430660;dom Pedrito;Sul
43;Rio Grande do Sul; RS;4306700;430670;dona Francisca;Sul
43;Rio Grande do Sul; RS;4306734;430673;doutor Maurício Cardoso;Sul
43;Rio Grande do Sul; RS;4306759;430675;doutor Ricardo;Sul
43;Rio Grande do Sul; RS;4306767;430676;Eldorado do Sul;Sul
43;Rio Grande do Sul; RS;4306809;430680;Encantado;Sul
43;Rio Grande do Sul; RS;4306908;430690;Encruzilhada do Sul;Sul
43;Rio Grande do Sul; RS;4306924;430692;Engenho Velho;Sul
43;Rio Grande do Sul; RS;4306932;430693;Entre-Ijuís;Sul
43;Rio Grande do Sul; RS;4306957;430695;Entre Rios do Sul;Sul
43;Rio Grande do Sul; RS;4306973;430697;Erebango;Sul
43;Rio Grande do Sul; RS;4307005;430700;Erechim;Sul
43;Rio Grande do Sul; RS;4307054;430705;Ernestina;Sul
43;Rio Grande do Sul; RS;4307104;430710;Herval;Sul
43;Rio Grande do Sul; RS;4307203;430720;Erval Grande;Sul
43;Rio Grande do Sul; RS;4307302;430730;Erval Seco;Sul
43;Rio Grande do Sul; RS;4307401;430740;Esmeralda;Sul
43;Rio Grande do Sul; RS;4307450;430745;Esperança do Sul;Sul
43;Rio Grande do Sul; RS;4307500;430750;Espumoso;Sul
43;Rio Grande do Sul; RS;4307559;430755;Estação;Sul
43;Rio Grande do Sul; RS;4307609;430760;Estância Velha;Sul
43;Rio Grande do Sul; RS;4307708;430770;Esteio;Sul
43;Rio Grande do Sul; RS;4307807;430780;Estrela;Sul
43;Rio Grande do Sul; RS;4307815;430781;Estrela Velha;Sul
43;Rio Grande do Sul; RS;4307831;430783;Eugênio de Castro;Sul
43;Rio Grande do Sul; RS;4307864;430786;Fagundes Varela;Sul
43;Rio Grande do Sul; RS;4307906;430790;Farroupilha;Sul
43;Rio Grande do Sul; RS;4308003;430800;Faxinal do Soturno;Sul
43;Rio Grande do Sul; RS;4308052;430805;Faxinalzinho;Sul
43;Rio Grande do Sul; RS;4308078;430807;Fazenda Vilanova;Sul
43;Rio Grande do Sul; RS;4308102;430810;Feliz;Sul
43;Rio Grande do Sul; RS;4308201;430820;Flores da Cunha;Sul
43;Rio Grande do Sul; RS;4308250;430825;Floriano Peixoto;Sul
43;Rio Grande do Sul; RS;4308300;430830;Fontoura Xavier;Sul
43;Rio Grande do Sul; RS;4308409;430840;Formigueiro;Sul
43;Rio Grande do Sul; RS;4308433;430843;Forquetinha;Sul
43;Rio Grande do Sul; RS;4308458;430845;Fortaleza dos Valos;Sul
43;Rio Grande do Sul; RS;4308508;430850;Frederico Westphalen;Sul
43;Rio Grande do Sul; RS;4308607;430860;Garibaldi;Sul
43;Rio Grande do Sul; RS;4308656;430865;Garruchos;Sul
43;Rio Grande do Sul; RS;4308706;430870;Gaurama;Sul
43;Rio Grande do Sul; RS;4308805;430880;General Câmara;Sul
43;Rio Grande do Sul; RS;4308854;430885;Gentil;Sul
43;Rio Grande do Sul; RS;4308904;430890;Getúlio Vargas;Sul
43;Rio Grande do Sul; RS;4309001;430900;Giruá;Sul
43;Rio Grande do Sul; RS;4309050;430905;Glorinha;Sul
43;Rio Grande do Sul; RS;4309100;430910;Gramado;Sul
43;Rio Grande do Sul; RS;4309126;430912;Gramado dos Loureiros;Sul
43;Rio Grande do Sul; RS;4309159;430915;Gramado Xavier;Sul
43;Rio Grande do Sul; RS;4309209;430920;Gravataí;Sul
43;Rio Grande do Sul; RS;4309258;430925;Guabiju;Sul
43;Rio Grande do Sul; RS;4309308;430930;Guaíba;Sul
43;Rio Grande do Sul; RS;4309407;430940;Guaporé;Sul
43;Rio Grande do Sul; RS;4309506;430950;Guarani das Missões;Sul
43;Rio Grande do Sul; RS;4309555;430955;Harmonia;Sul
43;Rio Grande do Sul; RS;4309571;430957;Herveiras;Sul
43;Rio Grande do Sul; RS;4309605;430960;Horizontina;Sul
43;Rio Grande do Sul; RS;4309654;430965;Hulha Negra;Sul
43;Rio Grande do Sul; RS;4309704;430970;Humaitá;Sul
43;Rio Grande do Sul; RS;4309753;430975;Ibarama;Sul
43;Rio Grande do Sul; RS;4309803;430980;Ibiaçá;Sul
43;Rio Grande do Sul; RS;4309902;430990;Ibiraiaras;Sul
43;Rio Grande do Sul; RS;4309951;430995;Ibirapuitã;Sul
43;Rio Grande do Sul; RS;4310009;431000;Ibirubá;Sul
43;Rio Grande do Sul; RS;4310108;431010;Igrejinha;Sul
43;Rio Grande do Sul; RS;4310207;431020;Ijuí;Sul
43;Rio Grande do Sul; RS;4310306;431030;Ilópolis;Sul
43;Rio Grande do Sul; RS;4310330;431033;Imbé;Sul
43;Rio Grande do Sul; RS;4310363;431036;Imigrante;Sul
43;Rio Grande do Sul; RS;4310405;431040;Independência;Sul
43;Rio Grande do Sul; RS;4310413;431041;Inhacorá;Sul
43;Rio Grande do Sul; RS;4310439;431043;Ipê;Sul
43;Rio Grande do Sul; RS;4310462;431046;Ipiranga do Sul;Sul
43;Rio Grande do Sul; RS;4310504;431050;Iraí;Sul
43;Rio Grande do Sul; RS;4310538;431053;Itaara;Sul
43;Rio Grande do Sul; RS;4310553;431055;Itacurubi;Sul
43;Rio Grande do Sul; RS;4310579;431057;Itapuca;Sul
43;Rio Grande do Sul; RS;4310603;431060;Itaqui;Sul
43;Rio Grande do Sul; RS;4310652;431065;Itati;Sul
43;Rio Grande do Sul; RS;4310702;431070;Itatiba do Sul;Sul
43;Rio Grande do Sul; RS;4310751;431075;Ivorá;Sul
43;Rio Grande do Sul; RS;4310801;431080;Ivoti;Sul
43;Rio Grande do Sul; RS;4310850;431085;Jaboticaba;Sul
43;Rio Grande do Sul; RS;4310876;431087;Jacuizinho;Sul
43;Rio Grande do Sul; RS;4310900;431090;Jacutinga;Sul
43;Rio Grande do Sul; RS;4311007;431100;Jaguarão;Sul
43;Rio Grande do Sul; RS;4311106;431110;Jaguari;Sul
43;Rio Grande do Sul; RS;4311122;431112;Jaquirana;Sul
43;Rio Grande do Sul; RS;4311130;431113;Jari;Sul
43;Rio Grande do Sul; RS;4311155;431115;Jóia;Sul
43;Rio Grande do Sul; RS;4311205;431120;Júlio de Castilhos;Sul
43;Rio Grande do Sul; RS;4311239;431123;Lagoa Bonita do Sul;Sul
43;Rio Grande do Sul; RS;4311254;431125;Lagoão;Sul
43;Rio Grande do Sul; RS;4311270;431127;Lagoa dos Três Cantos;Sul
43;Rio Grande do Sul; RS;4311304;431130;Lagoa Vermelha;Sul
43;Rio Grande do Sul; RS;4311403;431140;Lajeado;Sul
43;Rio Grande do Sul; RS;4311429;431142;Lajeado do Bugre;Sul
43;Rio Grande do Sul; RS;4311502;431150;Lavras do Sul;Sul
43;Rio Grande do Sul; RS;4311601;431160;Liberato Salzano;Sul
43;Rio Grande do Sul; RS;4311627;431162;Lindolfo Collor;Sul
43;Rio Grande do Sul; RS;4311643;431164;Linha Nova;Sul
43;Rio Grande do Sul; RS;4311700;431170;Machadinho;Sul
43;Rio Grande do Sul; RS;4311718;431171;Maçambará;Sul
43;Rio Grande do Sul; RS;4311734;431173;Mampituba;Sul
43;Rio Grande do Sul; RS;4311759;431175;Manoel Viana;Sul
43;Rio Grande do Sul; RS;4311775;431177;Maquiné;Sul
43;Rio Grande do Sul; RS;4311791;431179;Maratá;Sul
43;Rio Grande do Sul; RS;4311809;431180;Marau;Sul
43;Rio Grande do Sul; RS;4311908;431190;Marcelino Ramos;Sul
43;Rio Grande do Sul; RS;4311981;431198;Mariana Pimentel;Sul
43;Rio Grande do Sul; RS;4312005;431200;Mariano Moro;Sul
43;Rio Grande do Sul; RS;4312054;431205;Marques de Souza;Sul
43;Rio Grande do Sul; RS;4312104;431210;Mata;Sul
43;Rio Grande do Sul; RS;4312138;431213;Mato Castelhano;Sul
43;Rio Grande do Sul; RS;4312153;431215;Mato Leitão;Sul
43;Rio Grande do Sul; RS;4312179;431217;Mato Queimado;Sul
43;Rio Grande do Sul; RS;4312203;431220;Maximiliano de Almeida;Sul
43;Rio Grande do Sul; RS;4312252;431225;Minas do Leão;Sul
43;Rio Grande do Sul; RS;4312302;431230;Miraguaí;Sul
43;Rio Grande do Sul; RS;4312351;431235;Montauri;Sul
43;Rio Grande do Sul; RS;4312377;431237;Monte Alegre dos Campos;Sul
43;Rio Grande do Sul; RS;4312385;431238;Monte Belo do Sul;Sul
43;Rio Grande do Sul; RS;4312401;431240;Montenegro;Sul
43;Rio Grande do Sul; RS;4312427;431242;Mormaço;Sul
43;Rio Grande do Sul; RS;4312443;431244;Morrinhos do Sul;Sul
43;Rio Grande do Sul; RS;4312450;431245;Morro Redondo;Sul
43;Rio Grande do Sul; RS;4312476;431247;Morro Reuter;Sul
43;Rio Grande do Sul; RS;4312500;431250;Mostardas;Sul
43;Rio Grande do Sul; RS;4312609;431260;Muçum;Sul
43;Rio Grande do Sul; RS;4312617;431261;Muitos Capões;Sul
43;Rio Grande do Sul; RS;4312625;431262;Muliterno;Sul
43;Rio Grande do Sul; RS;4312658;431265;Não-Me-Toque;Sul
43;Rio Grande do Sul; RS;4312674;431267;Nicolau Vergueiro;Sul
43;Rio Grande do Sul; RS;4312708;431270;Nonoai;Sul
43;Rio Grande do Sul; RS;4312757;431275;Nova Alvorada;Sul
43;Rio Grande do Sul; RS;4312807;431280;Nova Araçá;Sul
43;Rio Grande do Sul; RS;4312906;431290;Nova Bassano;Sul
43;Rio Grande do Sul; RS;4312955;431295;Nova Boa Vista;Sul
43;Rio Grande do Sul; RS;4313003;431300;Nova Bréscia;Sul
43;Rio Grande do Sul; RS;4313011;431301;Nova Candelária;Sul
43;Rio Grande do Sul; RS;4313037;431303;Nova Esperança do Sul;Sul
43;Rio Grande do Sul; RS;4313060;431306;Nova Hartz;Sul
43;Rio Grande do Sul; RS;4313086;431308;Nova Pádua;Sul
43;Rio Grande do Sul; RS;4313102;431310;Nova Palma;Sul
43;Rio Grande do Sul; RS;4313201;431320;Nova Petrópolis;Sul
43;Rio Grande do Sul; RS;4313300;431330;Nova Prata;Sul
43;Rio Grande do Sul; RS;4313334;431333;Nova Ramada;Sul
43;Rio Grande do Sul; RS;4313359;431335;Nova Roma do Sul;Sul
43;Rio Grande do Sul; RS;4313375;431337;Nova Santa Rita;Sul
43;Rio Grande do Sul; RS;4313391;431339;Novo Cabrais;Sul
43;Rio Grande do Sul; RS;4313409;431340;Novo Hamburgo;Sul
43;Rio Grande do Sul; RS;4313425;431342;Novo Machado;Sul
43;Rio Grande do Sul; RS;4313441;431344;Novo Tiradentes;Sul
43;Rio Grande do Sul; RS;4313466;431346;Novo Xingu;Sul
43;Rio Grande do Sul; RS;4313490;431349;Novo Barreiro;Sul
43;Rio Grande do Sul; RS;4313508;431350;Osório;Sul
43;Rio Grande do Sul; RS;4313607;431360;Paim Filho;Sul
43;Rio Grande do Sul; RS;4313656;431365;Palmares do Sul;Sul
43;Rio Grande do Sul; RS;4313706;431370;Palmeira das Missões;Sul
43;Rio Grande do Sul; RS;4313805;431380;Palmitinho;Sul
43;Rio Grande do Sul; RS;4313904;431390;Panambi;Sul
43;Rio Grande do Sul; RS;4313953;431395;Pantano Grande;Sul
43;Rio Grande do Sul; RS;4314001;431400;Paraí;Sul
43;Rio Grande do Sul; RS;4314027;431402;Paraíso do Sul;Sul
43;Rio Grande do Sul; RS;4314035;431403;Pareci Novo;Sul
43;Rio Grande do Sul; RS;4314050;431405;Parobé;Sul
43;Rio Grande do Sul; RS;4314068;431406;Passa Sete;Sul
43;Rio Grande do Sul; RS;4314076;431407;Passo do Sobrado;Sul
43;Rio Grande do Sul; RS;4314100;431410;Passo Fundo;Sul
43;Rio Grande do Sul; RS;4314134;431413;Paulo Bento;Sul
43;Rio Grande do Sul; RS;4314159;431415;Paverama;Sul
43;Rio Grande do Sul; RS;4314175;431417;Pedras Altas;Sul
43;Rio Grande do Sul; RS;4314209;431420;Pedro Osório;Sul
43;Rio Grande do Sul; RS;4314308;431430;Pejuçara;Sul
43;Rio Grande do Sul; RS;4314407;431440;Pelotas;Sul
43;Rio Grande do Sul; RS;4314423;431442;Picada Café;Sul
43;Rio Grande do Sul; RS;4314456;431445;Pinhal;Sul
43;Rio Grande do Sul; RS;4314464;431446;Pinhal da Serra;Sul
43;Rio Grande do Sul; RS;4314472;431447;Pinhal Grande;Sul
43;Rio Grande do Sul; RS;4314498;431449;Pinheirinho do Vale;Sul
43;Rio Grande do Sul; RS;4314506;431450;Pinheiro Machado;Sul
43;Rio Grande do Sul; RS;4314548;431454;Pinto Bandeira;Sul
43;Rio Grande do Sul; RS;4314555;431455;Pirapó;Sul
43;Rio Grande do Sul; RS;4314605;431460;Piratini;Sul
43;Rio Grande do Sul; RS;4314704;431470;Planalto;Sul
43;Rio Grande do Sul; RS;4314753;431475;Poço das Antas;Sul
43;Rio Grande do Sul; RS;4314779;431477;Pontão;Sul
43;Rio Grande do Sul; RS;4314787;431478;Ponte Preta;Sul
43;Rio Grande do Sul; RS;4314803;431480;Portão;Sul
43;Rio Grande do Sul; RS;4314902;431490;Porto Alegre;Sul
43;Rio Grande do Sul; RS;4315008;431500;Porto Lucena;Sul
43;Rio Grande do Sul; RS;4315057;431505;Porto Mauá;Sul
43;Rio Grande do Sul; RS;4315073;431507;Porto Vera Cruz;Sul
43;Rio Grande do Sul; RS;4315107;431510;Porto Xavier;Sul
43;Rio Grande do Sul; RS;4315131;431513;Pouso Novo;Sul
43;Rio Grande do Sul; RS;4315149;431514;Presidente Lucena;Sul
43;Rio Grande do Sul; RS;4315156;431515;Progresso;Sul
43;Rio Grande do Sul; RS;4315172;431517;Protásio Alves;Sul
43;Rio Grande do Sul; RS;4315206;431520;Putinga;Sul
43;Rio Grande do Sul; RS;4315305;431530;Quaraí;Sul
43;Rio Grande do Sul; RS;4315313;431531;Quatro Irmãos;Sul
43;Rio Grande do Sul; RS;4315321;431532;Quevedos;Sul
43;Rio Grande do Sul; RS;4315354;431535;Quinze de Novembro;Sul
43;Rio Grande do Sul; RS;4315404;431540;Redentora;Sul
43;Rio Grande do Sul; RS;4315453;431545;Relvado;Sul
43;Rio Grande do Sul; RS;4315503;431550;Restinga Seca;Sul
43;Rio Grande do Sul; RS;4315552;431555;Rio dos Índios;Sul
43;Rio Grande do Sul; RS;4315602;431560;Rio Grande;Sul
43;Rio Grande do Sul; RS;4315701;431570;Rio Pardo;Sul
43;Rio Grande do Sul; RS;4315750;431575;Riozinho;Sul
43;Rio Grande do Sul; RS;4315800;431580;Roca Sales;Sul
43;Rio Grande do Sul; RS;4315909;431590;Rodeio Bonito;Sul
43;Rio Grande do Sul; RS;4315958;431595;Rolador;Sul
43;Rio Grande do Sul; RS;4316006;431600;Rolante;Sul
43;Rio Grande do Sul; RS;4316105;431610;Ronda Alta;Sul
43;Rio Grande do Sul; RS;4316204;431620;Rondinha;Sul
43;Rio Grande do Sul; RS;4316303;431630;Roque Gonzales;Sul
43;Rio Grande do Sul; RS;4316402;431640;Rosário do Sul;Sul
43;Rio Grande do Sul; RS;4316428;431642;Sagrada Família;Sul
43;Rio Grande do Sul; RS;4316436;431643;Saldanha Marinho;Sul
43;Rio Grande do Sul; RS;4316451;431645;Salto do Jacuí;Sul
43;Rio Grande do Sul; RS;4316477;431647;Salvador das Missões;Sul
43;Rio Grande do Sul; RS;4316501;431650;Salvador do Sul;Sul
43;Rio Grande do Sul; RS;4316600;431660;Sananduva;Sul
43;Rio Grande do Sul; RS;4316709;431670;Santa Bárbara do Sul;Sul
43;Rio Grande do Sul; RS;4316733;431673;Santa Cecília do Sul;Sul
43;Rio Grande do Sul; RS;4316758;431675;Santa Clara do Sul;Sul
43;Rio Grande do Sul; RS;4316808;431680;Santa Cruz do Sul;Sul
43;Rio Grande do Sul; RS;4316907;431690;Santa Maria;Sul
43;Rio Grande do Sul; RS;4316956;431695;Santa Maria do Herval;Sul
43;Rio Grande do Sul; RS;4316972;431697;Santa Margarida do Sul;Sul
43;Rio Grande do Sul; RS;4317004;431700;Santana da Boa Vista;Sul
43;Rio Grande do Sul; RS;4317103;431710;Sant'ana do Livramento;Sul
43;Rio Grande do Sul; RS;4317202;431720;Santa Rosa;Sul
43;Rio Grande do Sul; RS;4317251;431725;Santa Tereza;Sul
43;Rio Grande do Sul; RS;4317301;431730;Santa Vitória do Palmar;Sul
43;Rio Grande do Sul; RS;4317400;431740;Santiago;Sul
43;Rio Grande do Sul; RS;4317509;431750;Santo Ângelo;Sul
43;Rio Grande do Sul; RS;4317558;431755;Santo Antônio do Palma;Sul
43;Rio Grande do Sul; RS;4317608;431760;Santo Antônio da Patrulha;Sul
43;Rio Grande do Sul; RS;4317707;431770;Santo Antônio das Missões;Sul
43;Rio Grande do Sul; RS;4317756;431775;Santo Antônio do Planalto;Sul
43;Rio Grande do Sul; RS;4317806;431780;Santo Augusto;Sul
43;Rio Grande do Sul; RS;4317905;431790;Santo Cristo;Sul
43;Rio Grande do Sul; RS;4317954;431795;Santo Expedito do Sul;Sul
43;Rio Grande do Sul; RS;4318002;431800;São Borja;Sul
43;Rio Grande do Sul; RS;4318051;431805;São domingos do Sul;Sul
43;Rio Grande do Sul; RS;4318101;431810;São Francisco de Assis;Sul
43;Rio Grande do Sul; RS;4318200;431820;São Francisco de Paula;Sul
43;Rio Grande do Sul; RS;4318309;431830;São Gabriel;Sul
43;Rio Grande do Sul; RS;4318408;431840;São Jerônimo;Sul
43;Rio Grande do Sul; RS;4318424;431842;São João da Urtiga;Sul
43;Rio Grande do Sul; RS;4318432;431843;São João do Polêsine;Sul
43;Rio Grande do Sul; RS;4318440;431844;São Jorge;Sul
43;Rio Grande do Sul; RS;4318457;431845;São José das Missões;Sul
43;Rio Grande do Sul; RS;4318465;431846;São José do Herval;Sul
43;Rio Grande do Sul; RS;4318481;431848;São José do Hortêncio;Sul
43;Rio Grande do Sul; RS;4318499;431849;São José do Inhacorá;Sul
43;Rio Grande do Sul; RS;4318507;431850;São José do Norte;Sul
43;Rio Grande do Sul; RS;4318606;431860;São José do Ouro;Sul
43;Rio Grande do Sul; RS;4318614;431861;São José do Sul;Sul
43;Rio Grande do Sul; RS;4318622;431862;São José dos Ausentes;Sul
43;Rio Grande do Sul; RS;4318705;431870;São Leopoldo;Sul
43;Rio Grande do Sul; RS;4318804;431880;São Lourenço do Sul;Sul
43;Rio Grande do Sul; RS;4318903;431890;São Luiz Gonzaga;Sul
43;Rio Grande do Sul; RS;4319000;431900;São Marcos;Sul
43;Rio Grande do Sul; RS;4319109;431910;São Martinho;Sul
43;Rio Grande do Sul; RS;4319125;431912;São Martinho da Serra;Sul
43;Rio Grande do Sul; RS;4319158;431915;São Miguel das Missões;Sul
43;Rio Grande do Sul; RS;4319208;431920;São Nicolau;Sul
43;Rio Grande do Sul; RS;4319307;431930;São Paulo das Missões;Sul
43;Rio Grande do Sul; RS;4319356;431935;São Pedro da Serra;Sul
43;Rio Grande do Sul; RS;4319364;431936;São Pedro das Missões;Sul
43;Rio Grande do Sul; RS;4319372;431937;São Pedro do Butiá;Sul
43;Rio Grande do Sul; RS;4319406;431940;São Pedro do Sul;Sul
43;Rio Grande do Sul; RS;4319505;431950;São Sebastião do Caí;Sul
43;Rio Grande do Sul; RS;4319604;431960;São Sepé;Sul
43;Rio Grande do Sul; RS;4319703;431970;São Valentim;Sul
43;Rio Grande do Sul; RS;4319711;431971;São Valentim do Sul;Sul
43;Rio Grande do Sul; RS;4319737;431973;São Valério do Sul;Sul
43;Rio Grande do Sul; RS;4319752;431975;São Vendelino;Sul
43;Rio Grande do Sul; RS;4319802;431980;São Vicente do Sul;Sul
43;Rio Grande do Sul; RS;4319901;431990;Sapiranga;Sul
43;Rio Grande do Sul; RS;4320008;432000;Sapucaia do Sul;Sul
43;Rio Grande do Sul; RS;4320107;432010;Sarandi;Sul
43;Rio Grande do Sul; RS;4320206;432020;Seberi;Sul
43;Rio Grande do Sul; RS;4320230;432023;Sede Nova;Sul
43;Rio Grande do Sul; RS;4320263;432026;Segredo;Sul
43;Rio Grande do Sul; RS;4320305;432030;Selbach;Sul
43;Rio Grande do Sul; RS;4320321;432032;Senador Salgado Filho;Sul
43;Rio Grande do Sul; RS;4320354;432035;Sentinela do Sul;Sul
43;Rio Grande do Sul; RS;4320404;432040;Serafina Corrêa;Sul
43;Rio Grande do Sul; RS;4320453;432045;Sério;Sul
43;Rio Grande do Sul; RS;4320503;432050;Sertão;Sul
43;Rio Grande do Sul; RS;4320552;432055;Sertão Santana;Sul
43;Rio Grande do Sul; RS;4320578;432057;Sete de Setembro;Sul
43;Rio Grande do Sul; RS;4320602;432060;Severiano de Almeida;Sul
43;Rio Grande do Sul; RS;4320651;432065;Silveira Martins;Sul
43;Rio Grande do Sul; RS;4320677;432067;Sinimbu;Sul
43;Rio Grande do Sul; RS;4320701;432070;Sobradinho;Sul
43;Rio Grande do Sul; RS;4320800;432080;Soledade;Sul
43;Rio Grande do Sul; RS;4320859;432085;Tabaí;Sul
43;Rio Grande do Sul; RS;4320909;432090;Tapejara;Sul
43;Rio Grande do Sul; RS;4321006;432100;Tapera;Sul
43;Rio Grande do Sul; RS;4321105;432110;Tapes;Sul
43;Rio Grande do Sul; RS;4321204;432120;Taquara;Sul
43;Rio Grande do Sul; RS;4321303;432130;Taquari;Sul
43;Rio Grande do Sul; RS;4321329;432132;Taquaruçu do Sul;Sul
43;Rio Grande do Sul; RS;4321352;432135;Tavares;Sul
43;Rio Grande do Sul; RS;4321402;432140;Tenente Portela;Sul
43;Rio Grande do Sul; RS;4321436;432143;Terra de Areia;Sul
43;Rio Grande do Sul; RS;4321451;432145;Teutônia;Sul
43;Rio Grande do Sul; RS;4321469;432146;Tio Hugo;Sul
43;Rio Grande do Sul; RS;4321477;432147;Tiradentes do Sul;Sul
43;Rio Grande do Sul; RS;4321493;432149;Toropi;Sul
43;Rio Grande do Sul; RS;4321501;432150;Torres;Sul
43;Rio Grande do Sul; RS;4321600;432160;Tramandaí;Sul
43;Rio Grande do Sul; RS;4321626;432162;Travesseiro;Sul
43;Rio Grande do Sul; RS;4321634;432163;Três Arroios;Sul
43;Rio Grande do Sul; RS;4321667;432166;Três Cachoeiras;Sul
43;Rio Grande do Sul; RS;4321709;432170;Três Coroas;Sul
43;Rio Grande do Sul; RS;4321808;432180;Três de Maio;Sul
43;Rio Grande do Sul; RS;4321832;432183;Três Forquilhas;Sul
43;Rio Grande do Sul; RS;4321857;432185;Três Palmeiras;Sul
43;Rio Grande do Sul; RS;4321907;432190;Três Passos;Sul
43;Rio Grande do Sul; RS;4321956;432195;Trindade do Sul;Sul
43;Rio Grande do Sul; RS;4322004;432200;Triunfo;Sul
43;Rio Grande do Sul; RS;4322103;432210;Tucunduva;Sul
43;Rio Grande do Sul; RS;4322152;432215;Tunas;Sul
43;Rio Grande do Sul; RS;4322186;432218;Tupanci do Sul;Sul
43;Rio Grande do Sul; RS;4322202;432220;Tupanciretã;Sul
43;Rio Grande do Sul; RS;4322251;432225;Tupandi;Sul
43;Rio Grande do Sul; RS;4322301;432230;Tuparendi;Sul
43;Rio Grande do Sul; RS;4322327;432232;Turuçu;Sul
43;Rio Grande do Sul; RS;4322343;432234;Ubiretama;Sul
43;Rio Grande do Sul; RS;4322350;432235;União da Serra;Sul
43;Rio Grande do Sul; RS;4322376;432237;Unistalda;Sul
43;Rio Grande do Sul; RS;4322400;432240;Uruguaiana;Sul
43;Rio Grande do Sul; RS;4322509;432250;Vacaria;Sul
43;Rio Grande do Sul; RS;4322525;432252;Vale Verde;Sul
43;Rio Grande do Sul; RS;4322533;432253;Vale do Sol;Sul
43;Rio Grande do Sul; RS;4322541;432254;Vale Real;Sul
43;Rio Grande do Sul; RS;4322558;432255;Vanini;Sul
43;Rio Grande do Sul; RS;4322608;432260;Venâncio Aires;Sul
43;Rio Grande do Sul; RS;4322707;432270;Vera Cruz;Sul
43;Rio Grande do Sul; RS;4322806;432280;Veranópolis;Sul
43;Rio Grande do Sul; RS;4322855;432285;Vespasiano Correa;Sul
43;Rio Grande do Sul; RS;4322905;432290;Viadutos;Sul
43;Rio Grande do Sul; RS;4323002;432300;Viamão;Sul
43;Rio Grande do Sul; RS;4323101;432310;Vicente Dutra;Sul
43;Rio Grande do Sul; RS;4323200;432320;Victor Graeff;Sul
43;Rio Grande do Sul; RS;4323309;432330;Vila Flores;Sul
43;Rio Grande do Sul; RS;4323358;432335;Vila Lângaro;Sul
43;Rio Grande do Sul; RS;4323408;432340;Vila Maria;Sul
43;Rio Grande do Sul; RS;4323457;432345;Vila Nova do Sul;Sul
43;Rio Grande do Sul; RS;4323507;432350;Vista Alegre;Sul
43;Rio Grande do Sul; RS;4323606;432360;Vista Alegre do Prata;Sul
43;Rio Grande do Sul; RS;4323705;432370;Vista Gaúcha;Sul
43;Rio Grande do Sul; RS;4323754;432375;Vitória das Missões;Sul
43;Rio Grande do Sul; RS;4323770;432377;Westfalia;Sul
43;Rio Grande do Sul; RS;4323804;432380;Xangri-Lá;Sul
50;Mato Grosso do Sul; MS;5000203;500020;Água Clara;Centro-Oeste
50;Mato Grosso do Sul; MS;5000252;500025;Alcinópolis;Centro-Oeste
50;Mato Grosso do Sul; MS;5000609;500060;Amambai;Centro-Oeste
50;Mato Grosso do Sul; MS;5000708;500070;Anastácio;Centro-Oeste
50;Mato Grosso do Sul; MS;5000807;500080;Anaurilândia;Centro-Oeste
50;Mato Grosso do Sul; MS;5000856;500085;Angélica;Centro-Oeste
50;Mato Grosso do Sul; MS;5000906;500090;Antônio João;Centro-Oeste
50;Mato Grosso do Sul; MS;5001003;500100;Aparecida do Taboado;Centro-Oeste
50;Mato Grosso do Sul; MS;5001102;500110;Aquidauana;Centro-Oeste
50;Mato Grosso do Sul; MS;5001243;500124;Aral Moreira;Centro-Oeste
50;Mato Grosso do Sul; MS;5001508;500150;Bandeirantes;Centro-Oeste
50;Mato Grosso do Sul; MS;5001904;500190;Bataguassu;Centro-Oeste
50;Mato Grosso do Sul; MS;5002001;500200;Batayporã;Centro-Oeste
50;Mato Grosso do Sul; MS;5002100;500210;Bela Vista;Centro-Oeste
50;Mato Grosso do Sul; MS;5002159;500215;Bodoquena;Centro-Oeste
50;Mato Grosso do Sul; MS;5002209;500220;Bonito;Centro-Oeste
50;Mato Grosso do Sul; MS;5002308;500230;Brasilândia;Centro-Oeste
50;Mato Grosso do Sul; MS;5002407;500240;Caarapó;Centro-Oeste
50;Mato Grosso do Sul; MS;5002605;500260;Camapuã;Centro-Oeste
50;Mato Grosso do Sul; MS;5002704;500270;Campo Grande;Centro-Oeste
50;Mato Grosso do Sul; MS;5002803;500280;Caracol;Centro-Oeste
50;Mato Grosso do Sul; MS;5002902;500290;Cassilândia;Centro-Oeste
50;Mato Grosso do Sul; MS;5002951;500295;Chapadão do Sul;Centro-Oeste
50;Mato Grosso do Sul; MS;5003108;500310;Corguinho;Centro-Oeste
50;Mato Grosso do Sul; MS;5003157;500315;Coronel Sapucaia;Centro-Oeste
50;Mato Grosso do Sul; MS;5003207;500320;Corumbá;Centro-Oeste
50;Mato Grosso do Sul; MS;5003256;500325;Costa Rica;Centro-Oeste
50;Mato Grosso do Sul; MS;5003306;500330;Coxim;Centro-Oeste
50;Mato Grosso do Sul; MS;5003454;500345;deodápolis;Centro-Oeste
50;Mato Grosso do Sul; MS;5003488;500348;dois Irmãos do Buriti;Centro-Oeste
50;Mato Grosso do Sul; MS;5003504;500350;douradina;Centro-Oeste
50;Mato Grosso do Sul; MS;5003702;500370;dourados;Centro-Oeste
50;Mato Grosso do Sul; MS;5003751;500375;Eldorado;Centro-Oeste
50;Mato Grosso do Sul; MS;5003801;500380;Fátima do Sul;Centro-Oeste
50;Mato Grosso do Sul; MS;5003900;500390;Figueirão;Centro-Oeste
50;Mato Grosso do Sul; MS;5004007;500400;Glória de dourados;Centro-Oeste
50;Mato Grosso do Sul; MS;5004106;500410;Guia Lopes da Laguna;Centro-Oeste
50;Mato Grosso do Sul; MS;5004304;500430;Iguatemi;Centro-Oeste
50;Mato Grosso do Sul; MS;5004403;500440;Inocência;Centro-Oeste
50;Mato Grosso do Sul; MS;5004502;500450;Itaporã;Centro-Oeste
50;Mato Grosso do Sul; MS;5004601;500460;Itaquiraí;Centro-Oeste
50;Mato Grosso do Sul; MS;5004700;500470;Ivinhema;Centro-Oeste
50;Mato Grosso do Sul; MS;5004809;500480;Japorã;Centro-Oeste
50;Mato Grosso do Sul; MS;5004908;500490;Jaraguari;Centro-Oeste
50;Mato Grosso do Sul; MS;5005004;500500;Jardim;Centro-Oeste
50;Mato Grosso do Sul; MS;5005103;500510;Jateí;Centro-Oeste
50;Mato Grosso do Sul; MS;5005152;500515;Juti;Centro-Oeste
50;Mato Grosso do Sul; MS;5005202;500520;Ladário;Centro-Oeste
50;Mato Grosso do Sul; MS;5005251;500525;Laguna Carapã;Centro-Oeste
50;Mato Grosso do Sul; MS;5005400;500540;Maracaju;Centro-Oeste
50;Mato Grosso do Sul; MS;5005608;500560;Miranda;Centro-Oeste
50;Mato Grosso do Sul; MS;5005681;500568;Mundo Novo;Centro-Oeste
50;Mato Grosso do Sul; MS;5005707;500570;Naviraí;Centro-Oeste
50;Mato Grosso do Sul; MS;5005806;500580;Nioaque;Centro-Oeste
50;Mato Grosso do Sul; MS;5006002;500600;Nova Alvorada do Sul;Centro-Oeste
50;Mato Grosso do Sul; MS;5006200;500620;Nova Andradina;Centro-Oeste
50;Mato Grosso do Sul; MS;5006259;500625;Novo Horizonte do Sul;Centro-Oeste
50;Mato Grosso do Sul; MS;5006275;500627;Paraíso das Águas;Centro-Oeste
50;Mato Grosso do Sul; MS;5006309;500630;Paranaíba;Centro-Oeste
50;Mato Grosso do Sul; MS;5006358;500635;Paranhos;Centro-Oeste
50;Mato Grosso do Sul; MS;5006408;500640;Pedro Gomes;Centro-Oeste
50;Mato Grosso do Sul; MS;5006606;500660;Ponta Porã;Centro-Oeste
50;Mato Grosso do Sul; MS;5006903;500690;Porto Murtinho;Centro-Oeste
50;Mato Grosso do Sul; MS;5007109;500710;Ribas do Rio Pardo;Centro-Oeste
50;Mato Grosso do Sul; MS;5007208;500720;Rio Brilhante;Centro-Oeste
50;Mato Grosso do Sul; MS;5007307;500730;Rio Negro;Centro-Oeste
50;Mato Grosso do Sul; MS;5007406;500740;Rio Verde de Mato Grosso;Centro-Oeste
50;Mato Grosso do Sul; MS;5007505;500750;Rochedo;Centro-Oeste
50;Mato Grosso do Sul; MS;5007554;500755;Santa Rita do Pardo;Centro-Oeste
50;Mato Grosso do Sul; MS;5007695;500769;São Gabriel do Oeste;Centro-Oeste
50;Mato Grosso do Sul; MS;5007703;500770;Sete Quedas;Centro-Oeste
50;Mato Grosso do Sul; MS;5007802;500780;Selvíria;Centro-Oeste
50;Mato Grosso do Sul; MS;5007901;500790;Sidrolândia;Centro-Oeste
50;Mato Grosso do Sul; MS;5007935;500793;Sonora;Centro-Oeste
50;Mato Grosso do Sul; MS;5007950;500795;Tacuru;Centro-Oeste
50;Mato Grosso do Sul; MS;5007976;500797;Taquarussu;Centro-Oeste
50;Mato Grosso do Sul; MS;5008008;500800;Terenos;Centro-Oeste
50;Mato Grosso do Sul; MS;5008305;500830;Três Lagoas;Centro-Oeste
50;Mato Grosso do Sul; MS;5008404;500840;Vicentina;Centro-Oeste
51;Mato Grosso; MT;5100102;510010;Acorizal;Centro-Oeste
51;Mato Grosso; MT;5100201;510020;Água Boa;Centro-Oeste
51;Mato Grosso; MT;5100250;510025;Alta Floresta;Centro-Oeste
51;Mato Grosso; MT;5100300;510030;Alto Araguaia;Centro-Oeste
51;Mato Grosso; MT;5100359;510035;Alto Boa Vista;Centro-Oeste
51;Mato Grosso; MT;5100409;510040;Alto Garças;Centro-Oeste
51;Mato Grosso; MT;5100508;510050;Alto Paraguai;Centro-Oeste
51;Mato Grosso; MT;5100607;510060;Alto Taquari;Centro-Oeste
51;Mato Grosso; MT;5100805;510080;Apiacás;Centro-Oeste
51;Mato Grosso; MT;5101001;510100;Araguaiana;Centro-Oeste
51;Mato Grosso; MT;5101209;510120;Araguainha;Centro-Oeste
51;Mato Grosso; MT;5101258;510125;Araputanga;Centro-Oeste
51;Mato Grosso; MT;5101308;510130;Arenápolis;Centro-Oeste
51;Mato Grosso; MT;5101407;510140;Aripuanã;Centro-Oeste
51;Mato Grosso; MT;5101605;510160;Barão de Melgaço;Centro-Oeste
51;Mato Grosso; MT;5101704;510170;Barra do Bugres;Centro-Oeste
51;Mato Grosso; MT;5101803;510180;Barra do Garças;Centro-Oeste
51;Mato Grosso; MT;5101852;510185;Bom Jesus do Araguaia;Centro-Oeste
51;Mato Grosso; MT;5101902;510190;Brasnorte;Centro-Oeste
51;Mato Grosso; MT;5102504;510250;Cáceres;Centro-Oeste
51;Mato Grosso; MT;5102603;510260;Campinápolis;Centro-Oeste
51;Mato Grosso; MT;5102637;510263;Campo Novo do Parecis;Centro-Oeste
51;Mato Grosso; MT;5102678;510267;Campo Verde;Centro-Oeste
51;Mato Grosso; MT;5102686;510268;Campos de Júlio;Centro-Oeste
51;Mato Grosso; MT;5102694;510269;Canabrava do Norte;Centro-Oeste
51;Mato Grosso; MT;5102702;510270;Canarana;Centro-Oeste
51;Mato Grosso; MT;5102793;510279;Carlinda;Centro-Oeste
51;Mato Grosso; MT;5102850;510285;Castanheira;Centro-Oeste
51;Mato Grosso; MT;5103007;510300;Chapada dos Guimarães;Centro-Oeste
51;Mato Grosso; MT;5103056;510305;Cláudia;Centro-Oeste
51;Mato Grosso; MT;5103106;510310;Cocalinho;Centro-Oeste
51;Mato Grosso; MT;5103205;510320;Colíder;Centro-Oeste
51;Mato Grosso; MT;5103254;510325;Colniza;Centro-Oeste
51;Mato Grosso; MT;5103304;510330;Comodoro;Centro-Oeste
51;Mato Grosso; MT;5103353;510335;Confresa;Centro-Oeste
51;Mato Grosso; MT;5103361;510336;Conquista D'oeste;Centro-Oeste
51;Mato Grosso; MT;5103379;510337;Cotriguaçu;Centro-Oeste
51;Mato Grosso; MT;5103403;510340;Cuiabá;Centro-Oeste
51;Mato Grosso; MT;5103437;510343;Curvelândia;Centro-Oeste
51;Mato Grosso; MT;5103452;510345;denise;Centro-Oeste
51;Mato Grosso; MT;5103502;510350;Diamantino;Centro-Oeste
51;Mato Grosso; MT;5103601;510360;dom Aquino;Centro-Oeste
51;Mato Grosso; MT;5103700;510370;Feliz Natal;Centro-Oeste
51;Mato Grosso; MT;5103809;510380;Figueirópolis D'oeste;Centro-Oeste
51;Mato Grosso; MT;5103858;510385;Gaúcha do Norte;Centro-Oeste
51;Mato Grosso; MT;5103908;510390;General Carneiro;Centro-Oeste
51;Mato Grosso; MT;5103957;510395;Glória D'oeste;Centro-Oeste
51;Mato Grosso; MT;5104104;510410;Guarantã do Norte;Centro-Oeste
51;Mato Grosso; MT;5104203;510420;Guiratinga;Centro-Oeste
51;Mato Grosso; MT;5104500;510450;Indiavaí;Centro-Oeste
51;Mato Grosso; MT;5104526;510452;Ipiranga do Norte;Centro-Oeste
51;Mato Grosso; MT;5104542;510454;Itanhangá;Centro-Oeste
51;Mato Grosso; MT;5104559;510455;Itaúba;Centro-Oeste
51;Mato Grosso; MT;5104609;510460;Itiquira;Centro-Oeste
51;Mato Grosso; MT;5104807;510480;Jaciara;Centro-Oeste
51;Mato Grosso; MT;5104906;510490;Jangada;Centro-Oeste
51;Mato Grosso; MT;5105002;510500;Jauru;Centro-Oeste
51;Mato Grosso; MT;5105101;510510;Juara;Centro-Oeste
51;Mato Grosso; MT;5105150;510515;Juína;Centro-Oeste
51;Mato Grosso; MT;5105176;510517;Juruena;Centro-Oeste
51;Mato Grosso; MT;5105200;510520;Juscimeira;Centro-Oeste
51;Mato Grosso; MT;5105234;510523;Lambari D'oeste;Centro-Oeste
51;Mato Grosso; MT;5105259;510525;Lucas do Rio Verde;Centro-Oeste
51;Mato Grosso; MT;5105309;510530;Luciara;Centro-Oeste
51;Mato Grosso; MT;5105507;510550;Vila Bela da Santíssima Trindade;Centro-Oeste
51;Mato Grosso; MT;5105580;510558;Marcelândia;Centro-Oeste
51;Mato Grosso; MT;5105606;510560;Matupá;Centro-Oeste
51;Mato Grosso; MT;5105622;510562;Mirassol D'oeste;Centro-Oeste
51;Mato Grosso; MT;5105903;510590;Nobres;Centro-Oeste
51;Mato Grosso; MT;5106000;510600;Nortelândia;Centro-Oeste
51;Mato Grosso; MT;5106109;510610;Nossa Senhora do Livramento;Centro-Oeste
51;Mato Grosso; MT;5106158;510615;Nova Bandeirantes;Centro-Oeste
51;Mato Grosso; MT;5106174;510617;Nova Nazaré;Centro-Oeste
51;Mato Grosso; MT;5106182;510618;Nova Lacerda;Centro-Oeste
51;Mato Grosso; MT;5106190;510619;Nova Santa Helena;Centro-Oeste
51;Mato Grosso; MT;5106208;510620;Nova Brasilândia;Centro-Oeste
51;Mato Grosso; MT;5106216;510621;Nova Canaã do Norte;Centro-Oeste
51;Mato Grosso; MT;5106224;510622;Nova Mutum;Centro-Oeste
51;Mato Grosso; MT;5106232;510623;Nova Olímpia;Centro-Oeste
51;Mato Grosso; MT;5106240;510624;Nova Ubiratã;Centro-Oeste
51;Mato Grosso; MT;5106257;510625;Nova Xavantina;Centro-Oeste
51;Mato Grosso; MT;5106265;510626;Novo Mundo;Centro-Oeste
51;Mato Grosso; MT;5106273;510627;Novo Horizonte do Norte;Centro-Oeste
51;Mato Grosso; MT;5106281;510628;Novo São Joaquim;Centro-Oeste
51;Mato Grosso; MT;5106299;510629;Paranaíta;Centro-Oeste
51;Mato Grosso; MT;5106307;510630;Paranatinga;Centro-Oeste
51;Mato Grosso; MT;5106315;510631;Novo Santo Antônio;Centro-Oeste
51;Mato Grosso; MT;5106372;510637;Pedra Preta;Centro-Oeste
51;Mato Grosso; MT;5106422;510642;Peixoto de Azevedo;Centro-Oeste
51;Mato Grosso; MT;5106455;510645;Planalto da Serra;Centro-Oeste
51;Mato Grosso; MT;5106505;510650;Poconé;Centro-Oeste
51;Mato Grosso; MT;5106653;510665;Pontal do Araguaia;Centro-Oeste
51;Mato Grosso; MT;5106703;510670;Ponte Branca;Centro-Oeste
51;Mato Grosso; MT;5106752;510675;Pontes E Lacerda;Centro-Oeste
51;Mato Grosso; MT;5106778;510677;Porto Alegre do Norte;Centro-Oeste
51;Mato Grosso; MT;5106802;510680;Porto dos Gaúchos;Centro-Oeste
51;Mato Grosso; MT;5106828;510682;Porto Esperidião;Centro-Oeste
51;Mato Grosso; MT;5106851;510685;Porto Estrela;Centro-Oeste
51;Mato Grosso; MT;5107008;510700;Poxoréu;Centro-Oeste
51;Mato Grosso; MT;5107040;510704;Primavera do Leste;Centro-Oeste
51;Mato Grosso; MT;5107065;510706;Querência;Centro-Oeste
51;Mato Grosso; MT;5107107;510710;São José dos Quatro Marcos;Centro-Oeste
51;Mato Grosso; MT;5107156;510715;Reserva do Cabaçal;Centro-Oeste
51;Mato Grosso; MT;5107180;510718;Ribeirão Cascalheira;Centro-Oeste
51;Mato Grosso; MT;5107198;510719;Ribeirãozinho;Centro-Oeste
51;Mato Grosso; MT;5107206;510720;Rio Branco;Centro-Oeste
51;Mato Grosso; MT;5107248;510724;Santa Carmem;Centro-Oeste
51;Mato Grosso; MT;5107263;510726;Santo Afonso;Centro-Oeste
51;Mato Grosso; MT;5107297;510729;São José do Povo;Centro-Oeste
51;Mato Grosso; MT;5107305;510730;São José do Rio Claro;Centro-Oeste
51;Mato Grosso; MT;5107354;510735;São José do Xingu;Centro-Oeste
51;Mato Grosso; MT;5107404;510740;São Pedro da Cipa;Centro-Oeste
51;Mato Grosso; MT;5107578;510757;Rondolândia;Centro-Oeste
51;Mato Grosso; MT;5107602;510760;Rondonópolis;Centro-Oeste
51;Mato Grosso; MT;5107701;510770;Rosário Oeste;Centro-Oeste
51;Mato Grosso; MT;5107743;510774;Santa Cruz do Xingu;Centro-Oeste
51;Mato Grosso; MT;5107750;510775;Salto do Céu;Centro-Oeste
51;Mato Grosso; MT;5107768;510776;Santa Rita do Trivelato;Centro-Oeste
51;Mato Grosso; MT;5107776;510777;Santa Terezinha;Centro-Oeste
51;Mato Grosso; MT;5107792;510779;Santo Antônio do Leste;Centro-Oeste
51;Mato Grosso; MT;5107800;510780;Santo Antônio do Leverger;Centro-Oeste
51;Mato Grosso; MT;5107859;510785;São Félix do Araguaia;Centro-Oeste
51;Mato Grosso; MT;5107875;510787;Sapezal;Centro-Oeste
51;Mato Grosso; MT;5107883;510788;Serra Nova dourada;Centro-Oeste
51;Mato Grosso; MT;5107909;510790;Sinop;Centro-Oeste
51;Mato Grosso; MT;5107925;510792;Sorriso;Centro-Oeste
51;Mato Grosso; MT;5107941;510794;Tabaporã;Centro-Oeste
51;Mato Grosso; MT;5107958;510795;Tangará da Serra;Centro-Oeste
51;Mato Grosso; MT;5108006;510800;Tapurah;Centro-Oeste
51;Mato Grosso; MT;5108055;510805;Terra Nova do Norte;Centro-Oeste
51;Mato Grosso; MT;5108105;510810;Tesouro;Centro-Oeste
51;Mato Grosso; MT;5108204;510820;Torixoréu;Centro-Oeste
51;Mato Grosso; MT;5108303;510830;União do Sul;Centro-Oeste
51;Mato Grosso; MT;5108352;510835;Vale de São domingos;Centro-Oeste
51;Mato Grosso; MT;5108402;510840;Várzea Grande;Centro-Oeste
51;Mato Grosso; MT;5108501;510850;Vera;Centro-Oeste
51;Mato Grosso; MT;5108600;510860;Vila Rica;Centro-Oeste
51;Mato Grosso; MT;5108808;510880;Nova Guarita;Centro-Oeste
51;Mato Grosso; MT;5108857;510885;Nova Marilândia;Centro-Oeste
51;Mato Grosso; MT;5108907;510890;Nova Maringá;Centro-Oeste
51;Mato Grosso; MT;5108956;510895;Nova Monte Verde;Centro-Oeste
52;Goiás; GO;5200050;520005;Abadia de Goiás;Centro-Oeste
52;Goiás; GO;5200100;520010;Abadiânia;Centro-Oeste
52;Goiás; GO;5200134;520013;Acreúna;Centro-Oeste
52;Goiás; GO;5200159;520015;Adelândia;Centro-Oeste
52;Goiás; GO;5200175;520017;Água Fria de Goiás;Centro-Oeste
52;Goiás; GO;5200209;520020;Água Limpa;Centro-Oeste
52;Goiás; GO;5200258;520025;Águas Lindas de Goiás;Centro-Oeste
52;Goiás; GO;5200308;520030;Alexânia;Centro-Oeste
52;Goiás; GO;5200506;520050;Aloândia;Centro-Oeste
52;Goiás; GO;5200555;520055;Alto Horizonte;Centro-Oeste
52;Goiás; GO;5200605;520060;Alto Paraíso de Goiás;Centro-Oeste
52;Goiás; GO;5200803;520080;Alvorada do Norte;Centro-Oeste
52;Goiás; GO;5200829;520082;Amaralina;Centro-Oeste
52;Goiás; GO;5200852;520085;Americano do Brasil;Centro-Oeste
52;Goiás; GO;5200902;520090;Amorinópolis;Centro-Oeste
52;Goiás; GO;5201108;520110;Anápolis;Centro-Oeste
52;Goiás; GO;5201207;520120;Anhanguera;Centro-Oeste
52;Goiás; GO;5201306;520130;Anicuns;Centro-Oeste
52;Goiás; GO;5201405;520140;Aparecida de Goiânia;Centro-Oeste
52;Goiás; GO;5201454;520145;Aparecida do Rio doce;Centro-Oeste
52;Goiás; GO;5201504;520150;Aporé;Centro-Oeste
52;Goiás; GO;5201603;520160;Araçu;Centro-Oeste
52;Goiás; GO;5201702;520170;Aragarças;Centro-Oeste
52;Goiás; GO;5201801;520180;Aragoiânia;Centro-Oeste
52;Goiás; GO;5202155;520215;Araguapaz;Centro-Oeste
52;Goiás; GO;5202353;520235;Arenópolis;Centro-Oeste
52;Goiás; GO;5202502;520250;Aruanã;Centro-Oeste
52;Goiás; GO;5202601;520260;Aurilândia;Centro-Oeste
52;Goiás; GO;5202809;520280;Avelinópolis;Centro-Oeste
52;Goiás; GO;5203104;520310;Baliza;Centro-Oeste
52;Goiás; GO;5203203;520320;Barro Alto;Centro-Oeste
52;Goiás; GO;5203302;520330;Bela Vista de Goiás;Centro-Oeste
52;Goiás; GO;5203401;520340;Bom Jardim de Goiás;Centro-Oeste
52;Goiás; GO;5203500;520350;Bom Jesus de Goiás;Centro-Oeste
52;Goiás; GO;5203559;520355;Bonfinópolis;Centro-Oeste
52;Goiás; GO;5203575;520357;Bonópolis;Centro-Oeste
52;Goiás; GO;5203609;520360;Brazabrantes;Centro-Oeste
52;Goiás; GO;5203807;520380;Britânia;Centro-Oeste
52;Goiás; GO;5203906;520390;Buriti Alegre;Centro-Oeste
52;Goiás; GO;5203939;520393;Buriti de Goiás;Centro-Oeste
52;Goiás; GO;5203962;520396;Buritinópolis;Centro-Oeste
52;Goiás; GO;5204003;520400;Cabeceiras;Centro-Oeste
52;Goiás; GO;5204102;520410;Cachoeira Alta;Centro-Oeste
52;Goiás; GO;5204201;520420;Cachoeira de Goiás;Centro-Oeste
52;Goiás; GO;5204250;520425;Cachoeira dourada;Centro-Oeste
52;Goiás; GO;5204300;520430;Caçu;Centro-Oeste
52;Goiás; GO;5204409;520440;Caiapônia;Centro-Oeste
52;Goiás; GO;5204508;520450;Caldas Novas;Centro-Oeste
52;Goiás; GO;5204557;520455;Caldazinha;Centro-Oeste
52;Goiás; GO;5204607;520460;Campestre de Goiás;Centro-Oeste
52;Goiás; GO;5204656;520465;Campinaçu;Centro-Oeste
52;Goiás; GO;5204706;520470;Campinorte;Centro-Oeste
52;Goiás; GO;5204805;520480;Campo Alegre de Goiás;Centro-Oeste
52;Goiás; GO;5204854;520485;Campo Limpo de Goiás;Centro-Oeste
52;Goiás; GO;5204904;520490;Campos Belos;Centro-Oeste
52;Goiás; GO;5204953;520495;Campos Verdes;Centro-Oeste
52;Goiás; GO;5205000;520500;Carmo do Rio Verde;Centro-Oeste
52;Goiás; GO;5205059;520505;Castelândia;Centro-Oeste
52;Goiás; GO;5205109;520510;Catalão;Centro-Oeste
52;Goiás; GO;5205208;520520;Caturaí;Centro-Oeste
52;Goiás; GO;5205307;520530;Cavalcante;Centro-Oeste
52;Goiás; GO;5205406;520540;Ceres;Centro-Oeste
52;Goiás; GO;5205455;520545;Cezarina;Centro-Oeste
52;Goiás; GO;5205471;520547;Chapadão do Céu;Centro-Oeste
52;Goiás; GO;5205497;520549;Cidade Ocidental;Centro-Oeste
52;Goiás; GO;5205513;520551;Cocalzinho de Goiás;Centro-Oeste
52;Goiás; GO;5205521;520552;Colinas do Sul;Centro-Oeste
52;Goiás; GO;5205703;520570;Córrego do Ouro;Centro-Oeste
52;Goiás; GO;5205802;520580;Corumbá de Goiás;Centro-Oeste
52;Goiás; GO;5205901;520590;Corumbaíba;Centro-Oeste
52;Goiás; GO;5206206;520620;Cristalina;Centro-Oeste
52;Goiás; GO;5206305;520630;Cristianópolis;Centro-Oeste
52;Goiás; GO;5206404;520640;Crixás;Centro-Oeste
52;Goiás; GO;5206503;520650;Cromínia;Centro-Oeste
52;Goiás; GO;5206602;520660;Cumari;Centro-Oeste
52;Goiás; GO;5206701;520670;damianópolis;Centro-Oeste
52;Goiás; GO;5206800;520680;damolândia;Centro-Oeste
52;Goiás; GO;5206909;520690;davinópolis;Centro-Oeste
52;Goiás; GO;5207105;520710;Diorama;Centro-Oeste
52;Goiás; GO;5207253;520725;doverlândia;Centro-Oeste
52;Goiás; GO;5207352;520735;Edealina;Centro-Oeste
52;Goiás; GO;5207402;520740;Edéia;Centro-Oeste
52;Goiás; GO;5207501;520750;Estrela do Norte;Centro-Oeste
52;Goiás; GO;5207535;520753;Faina;Centro-Oeste
52;Goiás; GO;5207600;520760;Fazenda Nova;Centro-Oeste
52;Goiás; GO;5207808;520780;Firminópolis;Centro-Oeste
52;Goiás; GO;5207907;520790;Flores de Goiás;Centro-Oeste
52;Goiás; GO;5208004;520800;Formosa;Centro-Oeste
52;Goiás; GO;5208103;520810;Formoso;Centro-Oeste
52;Goiás; GO;5208152;520815;Gameleira de Goiás;Centro-Oeste
52;Goiás; GO;5208301;520830;Divinópolis de Goiás;Centro-Oeste
52;Goiás; GO;5208400;520840;Goianápolis;Centro-Oeste
52;Goiás; GO;5208509;520850;Goiandira;Centro-Oeste
52;Goiás; GO;5208608;520860;Goianésia;Centro-Oeste
52;Goiás; GO;5208707;520870;Goiânia;Centro-Oeste
52;Goiás; GO;5208806;520880;Goianira;Centro-Oeste
52;Goiás; GO;5208905;520890;Goiás;Centro-Oeste
52;Goiás; GO;5209101;520910;Goiatuba;Centro-Oeste
52;Goiás; GO;5209150;520915;Gouvelândia;Centro-Oeste
52;Goiás; GO;5209200;520920;Guapó;Centro-Oeste
52;Goiás; GO;5209291;520929;Guaraíta;Centro-Oeste
52;Goiás; GO;5209408;520940;Guarani de Goiás;Centro-Oeste
52;Goiás; GO;5209457;520945;Guarinos;Centro-Oeste
52;Goiás; GO;5209606;520960;Heitoraí;Centro-Oeste
52;Goiás; GO;5209705;520970;Hidrolândia;Centro-Oeste
52;Goiás; GO;5209804;520980;Hidrolina;Centro-Oeste
52;Goiás; GO;5209903;520990;Iaciara;Centro-Oeste
52;Goiás; GO;5209937;520993;Inaciolândia;Centro-Oeste
52;Goiás; GO;5209952;520995;Indiara;Centro-Oeste
52;Goiás; GO;5210000;521000;Inhumas;Centro-Oeste
52;Goiás; GO;5210109;521010;Ipameri;Centro-Oeste
52;Goiás; GO;5210158;521015;Ipiranga de Goiás;Centro-Oeste
52;Goiás; GO;5210208;521020;Iporá;Centro-Oeste
52;Goiás; GO;5210307;521030;Israelândia;Centro-Oeste
52;Goiás; GO;5210406;521040;Itaberaí;Centro-Oeste
52;Goiás; GO;5210562;521056;Itaguari;Centro-Oeste
52;Goiás; GO;5210604;521060;Itaguaru;Centro-Oeste
52;Goiás; GO;5210802;521080;Itajá;Centro-Oeste
52;Goiás; GO;5210901;521090;Itapaci;Centro-Oeste
52;Goiás; GO;5211008;521100;Itapirapuã;Centro-Oeste
52;Goiás; GO;5211206;521120;Itapuranga;Centro-Oeste
52;Goiás; GO;5211305;521130;Itarumã;Centro-Oeste
52;Goiás; GO;5211404;521140;Itauçu;Centro-Oeste
52;Goiás; GO;5211503;521150;Itumbiara;Centro-Oeste
52;Goiás; GO;5211602;521160;Ivolândia;Centro-Oeste
52;Goiás; GO;5211701;521170;Jandaia;Centro-Oeste
52;Goiás; GO;5211800;521180;Jaraguá;Centro-Oeste
52;Goiás; GO;5211909;521190;Jataí;Centro-Oeste
52;Goiás; GO;5212006;521200;Jaupaci;Centro-Oeste
52;Goiás; GO;5212055;521205;Jesúpolis;Centro-Oeste
52;Goiás; GO;5212105;521210;Joviânia;Centro-Oeste
52;Goiás; GO;5212204;521220;Jussara;Centro-Oeste
52;Goiás; GO;5212253;521225;Lagoa Santa;Centro-Oeste
52;Goiás; GO;5212303;521230;Leopoldo de Bulhões;Centro-Oeste
52;Goiás; GO;5212501;521250;Luziânia;Centro-Oeste
52;Goiás; GO;5212600;521260;Mairipotaba;Centro-Oeste
52;Goiás; GO;5212709;521270;Mambaí;Centro-Oeste
52;Goiás; GO;5212808;521280;Mara Rosa;Centro-Oeste
52;Goiás; GO;5212907;521290;Marzagão;Centro-Oeste
52;Goiás; GO;5212956;521295;Matrinchã;Centro-Oeste
52;Goiás; GO;5213004;521300;Maurilândia;Centro-Oeste
52;Goiás; GO;5213053;521305;Mimoso de Goiás;Centro-Oeste
52;Goiás; GO;5213087;521308;Minaçu;Centro-Oeste
52;Goiás; GO;5213103;521310;Mineiros;Centro-Oeste
52;Goiás; GO;5213400;521340;Moiporá;Centro-Oeste
52;Goiás; GO;5213509;521350;Monte Alegre de Goiás;Centro-Oeste
52;Goiás; GO;5213707;521370;Montes Claros de Goiás;Centro-Oeste
52;Goiás; GO;5213756;521375;Montividiu;Centro-Oeste
52;Goiás; GO;5213772;521377;Montividiu do Norte;Centro-Oeste
52;Goiás; GO;5213806;521380;Morrinhos;Centro-Oeste
52;Goiás; GO;5213855;521385;Morro Agudo de Goiás;Centro-Oeste
52;Goiás; GO;5213905;521390;Mossâmedes;Centro-Oeste
52;Goiás; GO;5214002;521400;Mozarlândia;Centro-Oeste
52;Goiás; GO;5214051;521405;Mundo Novo;Centro-Oeste
52;Goiás; GO;5214101;521410;Mutunópolis;Centro-Oeste
52;Goiás; GO;5214408;521440;Nazário;Centro-Oeste
52;Goiás; GO;5214507;521450;Nerópolis;Centro-Oeste
52;Goiás; GO;5214606;521460;Niquelândia;Centro-Oeste
52;Goiás; GO;5214705;521470;Nova América;Centro-Oeste
52;Goiás; GO;5214804;521480;Nova Aurora;Centro-Oeste
52;Goiás; GO;5214838;521483;Nova Crixás;Centro-Oeste
52;Goiás; GO;5214861;521486;Nova Glória;Centro-Oeste
52;Goiás; GO;5214879;521487;Nova Iguaçu de Goiás;Centro-Oeste
52;Goiás; GO;5214903;521490;Nova Roma;Centro-Oeste
52;Goiás; GO;5215009;521500;Nova Veneza;Centro-Oeste
52;Goiás; GO;5215207;521520;Novo Brasil;Centro-Oeste
52;Goiás; GO;5215231;521523;Novo Gama;Centro-Oeste
52;Goiás; GO;5215256;521525;Novo Planalto;Centro-Oeste
52;Goiás; GO;5215306;521530;Orizona;Centro-Oeste
52;Goiás; GO;5215405;521540;Ouro Verde de Goiás;Centro-Oeste
52;Goiás; GO;5215504;521550;Ouvidor;Centro-Oeste
52;Goiás; GO;5215603;521560;Padre Bernardo;Centro-Oeste
52;Goiás; GO;5215652;521565;Palestina de Goiás;Centro-Oeste
52;Goiás; GO;5215702;521570;Palmeiras de Goiás;Centro-Oeste
52;Goiás; GO;5215801;521580;Palmelo;Centro-Oeste
52;Goiás; GO;5215900;521590;Palminópolis;Centro-Oeste
52;Goiás; GO;5216007;521600;Panamá;Centro-Oeste
52;Goiás; GO;5216304;521630;Paranaiguara;Centro-Oeste
52;Goiás; GO;5216403;521640;Paraúna;Centro-Oeste
52;Goiás; GO;5216452;521645;Perolândia;Centro-Oeste
52;Goiás; GO;5216809;521680;Petrolina de Goiás;Centro-Oeste
52;Goiás; GO;5216908;521690;Pilar de Goiás;Centro-Oeste
52;Goiás; GO;5217104;521710;Piracanjuba;Centro-Oeste
52;Goiás; GO;5217203;521720;Piranhas;Centro-Oeste
52;Goiás; GO;5217302;521730;Pirenópolis;Centro-Oeste
52;Goiás; GO;5217401;521740;Pires do Rio;Centro-Oeste
52;Goiás; GO;5217609;521760;Planaltina;Centro-Oeste
52;Goiás; GO;5217708;521770;Pontalina;Centro-Oeste
52;Goiás; GO;5218003;521800;Porangatu;Centro-Oeste
52;Goiás; GO;5218052;521805;Porteirão;Centro-Oeste
52;Goiás; GO;5218102;521810;Portelândia;Centro-Oeste
52;Goiás; GO;5218300;521830;Posse;Centro-Oeste
52;Goiás; GO;5218391;521839;Professor Jamil;Centro-Oeste
52;Goiás; GO;5218508;521850;Quirinópolis;Centro-Oeste
52;Goiás; GO;5218607;521860;Rialma;Centro-Oeste
52;Goiás; GO;5218706;521870;Rianápolis;Centro-Oeste
52;Goiás; GO;5218789;521878;Rio Quente;Centro-Oeste
52;Goiás; GO;5218805;521880;Rio Verde;Centro-Oeste
52;Goiás; GO;5218904;521890;Rubiataba;Centro-Oeste
52;Goiás; GO;5219001;521900;Sanclerlândia;Centro-Oeste
52;Goiás; GO;5219100;521910;Santa Bárbara de Goiás;Centro-Oeste
52;Goiás; GO;5219209;521920;Santa Cruz de Goiás;Centro-Oeste
52;Goiás; GO;5219258;521925;Santa Fé de Goiás;Centro-Oeste
52;Goiás; GO;5219308;521930;Santa Helena de Goiás;Centro-Oeste
52;Goiás; GO;5219357;521935;Santa Isabel;Centro-Oeste
52;Goiás; GO;5219407;521940;Santa Rita do Araguaia;Centro-Oeste
52;Goiás; GO;5219456;521945;Santa Rita do Novo destino;Centro-Oeste
52;Goiás; GO;5219506;521950;Santa Rosa de Goiás;Centro-Oeste
52;Goiás; GO;5219605;521960;Santa Tereza de Goiás;Centro-Oeste
52;Goiás; GO;5219704;521970;Santa Terezinha de Goiás;Centro-Oeste
52;Goiás; GO;5219712;521971;Santo Antônio da Barra;Centro-Oeste
52;Goiás; GO;5219738;521973;Santo Antônio de Goiás;Centro-Oeste
52;Goiás; GO;5219753;521975;Santo Antônio do descoberto;Centro-Oeste
52;Goiás; GO;5219803;521980;São domingos;Centro-Oeste
52;Goiás; GO;5219902;521990;São Francisco de Goiás;Centro-Oeste
52;Goiás; GO;5220009;522000;São João D'aliança;Centro-Oeste
52;Goiás; GO;5220058;522005;São João da Paraúna;Centro-Oeste
52;Goiás; GO;5220108;522010;São Luís de Montes Belos;Centro-Oeste
52;Goiás; GO;5220157;522015;São Luíz do Norte;Centro-Oeste
52;Goiás; GO;5220207;522020;São Miguel do Araguaia;Centro-Oeste
52;Goiás; GO;5220264;522026;São Miguel do Passa Quatro;Centro-Oeste
52;Goiás; GO;5220280;522028;São Patrício;Centro-Oeste
52;Goiás; GO;5220405;522040;São Simão;Centro-Oeste
52;Goiás; GO;5220454;522045;Senador Canedo;Centro-Oeste
52;Goiás; GO;5220504;522050;Serranópolis;Centro-Oeste
52;Goiás; GO;5220603;522060;Silvânia;Centro-Oeste
52;Goiás; GO;5220686;522068;Simolândia;Centro-Oeste
52;Goiás; GO;5220702;522070;Sítio D'abadia;Centro-Oeste
52;Goiás; GO;5221007;522100;Taquaral de Goiás;Centro-Oeste
52;Goiás; GO;5221080;522108;Teresina de Goiás;Centro-Oeste
52;Goiás; GO;5221197;522119;Terezópolis de Goiás;Centro-Oeste
52;Goiás; GO;5221304;522130;Três Ranchos;Centro-Oeste
52;Goiás; GO;5221403;522140;Trindade;Centro-Oeste
52;Goiás; GO;5221452;522145;Trombas;Centro-Oeste
52;Goiás; GO;5221502;522150;Turvânia;Centro-Oeste
52;Goiás; GO;5221551;522155;Turvelândia;Centro-Oeste
52;Goiás; GO;5221577;522157;Uirapuru;Centro-Oeste
52;Goiás; GO;5221601;522160;Uruaçu;Centro-Oeste
52;Goiás; GO;5221700;522170;Uruana;Centro-Oeste
52;Goiás; GO;5221809;522180;Urutaí;Centro-Oeste
52;Goiás; GO;5221858;522185;Valparaíso de Goiás;Centro-Oeste
52;Goiás; GO;5221908;522190;Varjão;Centro-Oeste
52;Goiás; GO;5222005;522200;Vianópolis;Centro-Oeste
52;Goiás; GO;5222054;522205;Vicentinópolis;Centro-Oeste
52;Goiás; GO;5222203;522220;Vila Boa;Centro-Oeste
52;Goiás; GO;5222302;522230;Vila Propício;Centro-Oeste
53;Distrito Federal; DF;5300108;530010;Brasília;Centro-Oeste
